Dataset_ID,Filename,Copyright_Holder,Author,Ownership_Type,Legal_Authority,CLEAR_Act_Status,File_Hash,Path,Audit_Date,Fabric_Color,Perceived_Ethnicity,Accessories_Spectacles
09_Hollywood_Actors_HeadShots_50_JPEGS),alita-dawson.jpg,Brett Williams Studios LLC,Brett Williams,100% Chain of Title (Non-Scraped),17 U.S.C. § 106,Mandatory Disclosure Summary,24e7ddf468e8772d9e04b4c1ce6338b6,Ai_Samples_Ready/09_Hollywood_Actors_HeadShots_50_JPEGS)/alita-dawson.jpg,2026-05-06 12:13:37,Pending_AI_Pass,Pending_AI_Pass,Pending_AI_Pass
09_Hollywood_Actors_HeadShots_50_JPEGS),IMG_00050.jpg,Brett Williams Studios LLC,Brett Williams,100% Chain of Title (Non-Scraped),17 U.S.C. § 106,Mandatory Disclosure Summary,6c5b605e12cce8ff9d3c1f7a87aaef71,Ai_Samples_Ready/09_Hollywood_Actors_HeadShots_50_JPEGS)/IMG_00050.jpg,2026-05-06 12:13:37,Pending_AI_Pass,Pending_AI_Pass,Pending_AI_Pass
09_Hollywood_Actors_HeadShots_50_JPEGS),kosmetique-label-0583.jpg,Brett Williams Studios LLC,Brett Williams,100% Chain of Title (Non-Scraped),17 U.S.C. § 106,Mandatory Disclosure Summary,65da61f9437d5918ab18ebd064e09680,Ai_Samples_Ready/09_Hollywood_Actors_HeadShots_50_JPEGS)/kosmetique-label-0583.jpg,2026-05-06 12:13:37,Pending_AI_Pass,Pending_AI_Pass,Pending_AI_Pass
09_Hollywood_Actors_HeadShots_50_JPEGS),denice-058.jpg,Brett Williams Studios LLC,Brett Williams,100% Chain of Title (Non-Scraped),17 U.S.C. § 106,Mandatory Disclosure Summary,1280382f584f7c7b595bbb2addf16a2a,Ai_Samples_Ready/09_Hollywood_Actors_HeadShots_50_JPEGS)/denice-058.jpg,2026-05-06 12:13:37,Pending_AI_Pass,Pending_AI_Pass,Pending_AI_Pass
09_Hollywood_Actors_HeadShots_50_JPEGS),Brett-williams-boston-headshot-photographer-ally.jpg,Brett Williams Studios LLC,Brett Williams,100% Chain of Title (Non-Scraped),17 U.S.C. § 106,Mandatory Disclosure Summary,20fddf3e3f10133f52cc3d8c52099f30,Ai_Samples_Ready/09_Hollywood_Actors_HeadShots_50_JPEGS)/Brett-williams-boston-headshot-photographer-ally.jpg,2026-05-06 12:13:37,Pending_AI_Pass,Pending_AI_Pass,Pending_AI_Pass
09_Hollywood_Actors_HeadShots_50_JPEGS),laura-reagan-029.jpg,Brett Williams Studios LLC,Brett Williams,100% Chain of Title (Non-Scraped),17 U.S.C. § 106,Mandatory Disclosure Summary,3d2dd568e7bff3e0820ad94769b57f4c,Ai_Samples_Ready/09_Hollywood_Actors_HeadShots_50_JPEGS)/laura-reagan-029.jpg,2026-05-06 12:13:37,Pending_AI_Pass,Pending_AI_Pass,Pending_AI_Pass
09_Hollywood_Actors_HeadShots_50_JPEGS),kevin-0111.jpg,Brett Williams Studios LLC,Brett Williams,100% Chain of Title (Non-Scraped),17 U.S.C. § 106,Mandatory Disclosure Summary,f8cf3f917a421ad04cfec533967b0b92,Ai_Samples_Ready/09_Hollywood_Actors_HeadShots_50_JPEGS)/kevin-0111.jpg,2026-05-06 12:13:37,Pending_AI_Pass,Pending_AI_Pass,Pending_AI_Pass
09_Hollywood_Actors_HeadShots_50_JPEGS),diana_genlux.jpg,Brett Williams Studios LLC,Brett Williams,100% Chain of Title (Non-Scraped),17 U.S.C. § 106,Mandatory Disclosure Summary,45ecc5fdca1445a05c109536e6aa1982,Ai_Samples_Ready/09_Hollywood_Actors_HeadShots_50_JPEGS)/diana_genlux.jpg,2026-05-06 12:13:37,Pending_AI_Pass,Pending_AI_Pass,Pending_AI_Pass
09_Hollywood_Actors_HeadShots_50_JPEGS),._IMG_00049.jpg,Brett Williams Studios LLC,Brett Williams,100% Chain of Title (Non-Scraped),17 U.S.C. § 106,Mandatory Disclosure Summary,af193f057ab8ed0b6f5927625fd486b7,Ai_Samples_Ready/09_Hollywood_Actors_HeadShots_50_JPEGS)/._IMG_00049.jpg,2026-05-06 12:13:37,Pending_AI_Pass,Pending_AI_Pass,Pending_AI_Pass
09_Hollywood_Actors_HeadShots_50_JPEGS),IMG_00042.jpg,Brett Williams Studios LLC,Brett Williams,100% Chain of Title (Non-Scraped),17 U.S.C. § 106,Mandatory Disclosure Summary,a356dce55acf9dac7baf3271686013a9,Ai_Samples_Ready/09_Hollywood_Actors_HeadShots_50_JPEGS)/IMG_00042.jpg,2026-05-06 12:13:37,Pending_AI_Pass,Pending_AI_Pass,Pending_AI_Pass
09_Hollywood_Actors_HeadShots_50_JPEGS),._IMG_00048.jpg,Brett Williams Studios LLC,Brett Williams,100% Chain of Title (Non-Scraped),17 U.S.C. § 106,Mandatory Disclosure Summary,af193f057ab8ed0b6f5927625fd486b7,Ai_Samples_Ready/09_Hollywood_Actors_HeadShots_50_JPEGS)/._IMG_00048.jpg,2026-05-06 12:13:37,Pending_AI_Pass,Pending_AI_Pass,Pending_AI_Pass
09_Hollywood_Actors_HeadShots_50_JPEGS),anniesgotagun.jpg,Brett Williams Studios LLC,Brett Williams,100% Chain of Title (Non-Scraped),17 U.S.C. § 106,Mandatory Disclosure Summary,b1265b8ae3b33763ee98e7fca818be04,Ai_Samples_Ready/09_Hollywood_Actors_HeadShots_50_JPEGS)/anniesgotagun.jpg,2026-05-06 12:13:37,Pending_AI_Pass,Pending_AI_Pass,Pending_AI_Pass
09_Hollywood_Actors_HeadShots_50_JPEGS),IMG_00040.jpg,Brett Williams Studios LLC,Brett Williams,100% Chain of Title (Non-Scraped),17 U.S.C. § 106,Mandatory Disclosure Summary,acc8e462a9c41f87fd84445a56d8738f,Ai_Samples_Ready/09_Hollywood_Actors_HeadShots_50_JPEGS)/IMG_00040.jpg,2026-05-06 12:13:37,Pending_AI_Pass,Pending_AI_Pass,Pending_AI_Pass
09_Hollywood_Actors_HeadShots_50_JPEGS),DSC_0171-1.jpg,Brett Williams Studios LLC,Brett Williams,100% Chain of Title (Non-Scraped),17 U.S.C. § 106,Mandatory Disclosure Summary,3cb4599060ecf81dd0c28954be75767b,Ai_Samples_Ready/09_Hollywood_Actors_HeadShots_50_JPEGS)/DSC_0171-1.jpg,2026-05-06 12:13:37,Pending_AI_Pass,Pending_AI_Pass,Pending_AI_Pass
09_Hollywood_Actors_HeadShots_50_JPEGS),199.jpg,Brett Williams Studios LLC,Brett Williams,100% Chain of Title (Non-Scraped),17 U.S.C. § 106,Mandatory Disclosure Summary,9b50a3a6239a7332548957a9742626b7,Ai_Samples_Ready/09_Hollywood_Actors_HeadShots_50_JPEGS)/199.jpg,2026-05-06 12:13:37,Pending_AI_Pass,Pending_AI_Pass,Pending_AI_Pass
09_Hollywood_Actors_HeadShots_50_JPEGS),._IMG_00038.jpg,Brett Williams Studios LLC,Brett Williams,100% Chain of Title (Non-Scraped),17 U.S.C. § 106,Mandatory Disclosure Summary,af193f057ab8ed0b6f5927625fd486b7,Ai_Samples_Ready/09_Hollywood_Actors_HeadShots_50_JPEGS)/._IMG_00038.jpg,2026-05-06 12:13:37,Pending_AI_Pass,Pending_AI_Pass,Pending_AI_Pass
09_Hollywood_Actors_HeadShots_50_JPEGS),._IMG_00010.jpg,Brett Williams Studios LLC,Brett Williams,100% Chain of Title (Non-Scraped),17 U.S.C. § 106,Mandatory Disclosure Summary,af193f057ab8ed0b6f5927625fd486b7,Ai_Samples_Ready/09_Hollywood_Actors_HeadShots_50_JPEGS)/._IMG_00010.jpg,2026-05-06 12:13:37,Pending_AI_Pass,Pending_AI_Pass,Pending_AI_Pass
09_Hollywood_Actors_HeadShots_50_JPEGS),._IMG_00004.jpg,Brett Williams Studios LLC,Brett Williams,100% Chain of Title (Non-Scraped),17 U.S.C. § 106,Mandatory Disclosure Summary,af193f057ab8ed0b6f5927625fd486b7,Ai_Samples_Ready/09_Hollywood_Actors_HeadShots_50_JPEGS)/._IMG_00004.jpg,2026-05-06 12:13:37,Pending_AI_Pass,Pending_AI_Pass,Pending_AI_Pass
09_Hollywood_Actors_HeadShots_50_JPEGS),ana-282.jpg,Brett Williams Studios LLC,Brett Williams,100% Chain of Title (Non-Scraped),17 U.S.C. § 106,Mandatory Disclosure Summary,b9f9ca1358f7d7a36b97eb428804bfcc,Ai_Samples_Ready/09_Hollywood_Actors_HeadShots_50_JPEGS)/ana-282.jpg,2026-05-06 12:13:37,Pending_AI_Pass,Pending_AI_Pass,Pending_AI_Pass
09_Hollywood_Actors_HeadShots_50_JPEGS),Brett-williams-boston-headshot-photographer_joe_krafka.jpg,Brett Williams Studios LLC,Brett Williams,100% Chain of Title (Non-Scraped),17 U.S.C. § 106,Mandatory Disclosure Summary,8facf0c22d302fedd5de43d69261eadd,Ai_Samples_Ready/09_Hollywood_Actors_HeadShots_50_JPEGS)/Brett-williams-boston-headshot-photographer_joe_krafka.jpg,2026-05-06 12:13:37,Pending_AI_Pass,Pending_AI_Pass,Pending_AI_Pass
09_Hollywood_Actors_HeadShots_50_JPEGS),IMG_00032.jpg,Brett Williams Studios LLC,Brett Williams,100% Chain of Title (Non-Scraped),17 U.S.C. § 106,Mandatory Disclosure Summary,7716208da87da1d6ad7fef2b26ce1d54,Ai_Samples_Ready/09_Hollywood_Actors_HeadShots_50_JPEGS)/IMG_00032.jpg,2026-05-06 12:13:37,Pending_AI_Pass,Pending_AI_Pass,Pending_AI_Pass
09_Hollywood_Actors_HeadShots_50_JPEGS),._IMG_00005.jpg,Brett Williams Studios LLC,Brett Williams,100% Chain of Title (Non-Scraped),17 U.S.C. § 106,Mandatory Disclosure Summary,af193f057ab8ed0b6f5927625fd486b7,Ai_Samples_Ready/09_Hollywood_Actors_HeadShots_50_JPEGS)/._IMG_00005.jpg,2026-05-06 12:13:37,Pending_AI_Pass,Pending_AI_Pass,Pending_AI_Pass
09_Hollywood_Actors_HeadShots_50_JPEGS),._IMG_00011.jpg,Brett Williams Studios LLC,Brett Williams,100% Chain of Title (Non-Scraped),17 U.S.C. § 106,Mandatory Disclosure Summary,af193f057ab8ed0b6f5927625fd486b7,Ai_Samples_Ready/09_Hollywood_Actors_HeadShots_50_JPEGS)/._IMG_00011.jpg,2026-05-06 12:13:37,Pending_AI_Pass,Pending_AI_Pass,Pending_AI_Pass
09_Hollywood_Actors_HeadShots_50_JPEGS),._IMG_00039.jpg,Brett Williams Studios LLC,Brett Williams,100% Chain of Title (Non-Scraped),17 U.S.C. § 106,Mandatory Disclosure Summary,af193f057ab8ed0b6f5927625fd486b7,Ai_Samples_Ready/09_Hollywood_Actors_HeadShots_50_JPEGS)/._IMG_00039.jpg,2026-05-06 12:13:37,Pending_AI_Pass,Pending_AI_Pass,Pending_AI_Pass
09_Hollywood_Actors_HeadShots_50_JPEGS),._IMG_00007.jpg,Brett Williams Studios LLC,Brett Williams,100% Chain of Title (Non-Scraped),17 U.S.C. § 106,Mandatory Disclosure Summary,af193f057ab8ed0b6f5927625fd486b7,Ai_Samples_Ready/09_Hollywood_Actors_HeadShots_50_JPEGS)/._IMG_00007.jpg,2026-05-06 12:13:37,Pending_AI_Pass,Pending_AI_Pass,Pending_AI_Pass
09_Hollywood_Actors_HeadShots_50_JPEGS),._IMG_00013.jpg,Brett Williams Studios LLC,Brett Williams,100% Chain of Title (Non-Scraped),17 U.S.C. § 106,Mandatory Disclosure Summary,af193f057ab8ed0b6f5927625fd486b7,Ai_Samples_Ready/09_Hollywood_Actors_HeadShots_50_JPEGS)/._IMG_00013.jpg,2026-05-06 12:13:37,Pending_AI_Pass,Pending_AI_Pass,Pending_AI_Pass
09_Hollywood_Actors_HeadShots_50_JPEGS),IMG_00031.jpg,Brett Williams Studios LLC,Brett Williams,100% Chain of Title (Non-Scraped),17 U.S.C. § 106,Mandatory Disclosure Summary,3ccd5c89a52e94927a2c2ad0aebeaa9a,Ai_Samples_Ready/09_Hollywood_Actors_HeadShots_50_JPEGS)/IMG_00031.jpg,2026-05-06 12:13:37,Pending_AI_Pass,Pending_AI_Pass,Pending_AI_Pass
09_Hollywood_Actors_HeadShots_50_JPEGS),DSC_0092.jpg,Brett Williams Studios LLC,Brett Williams,100% Chain of Title (Non-Scraped),17 U.S.C. § 106,Mandatory Disclosure Summary,68d69c5187c838af2f587f6eec5fc7b3,Ai_Samples_Ready/09_Hollywood_Actors_HeadShots_50_JPEGS)/DSC_0092.jpg,2026-05-06 12:13:37,Pending_AI_Pass,Pending_AI_Pass,Pending_AI_Pass
09_Hollywood_Actors_HeadShots_50_JPEGS),._IMG_00012.jpg,Brett Williams Studios LLC,Brett Williams,100% Chain of Title (Non-Scraped),17 U.S.C. § 106,Mandatory Disclosure Summary,af193f057ab8ed0b6f5927625fd486b7,Ai_Samples_Ready/09_Hollywood_Actors_HeadShots_50_JPEGS)/._IMG_00012.jpg,2026-05-06 12:13:37,Pending_AI_Pass,Pending_AI_Pass,Pending_AI_Pass
09_Hollywood_Actors_HeadShots_50_JPEGS),._IMG_00006.jpg,Brett Williams Studios LLC,Brett Williams,100% Chain of Title (Non-Scraped),17 U.S.C. § 106,Mandatory Disclosure Summary,af193f057ab8ed0b6f5927625fd486b7,Ai_Samples_Ready/09_Hollywood_Actors_HeadShots_50_JPEGS)/._IMG_00006.jpg,2026-05-06 12:13:37,Pending_AI_Pass,Pending_AI_Pass,Pending_AI_Pass
09_Hollywood_Actors_HeadShots_50_JPEGS),Brett-williams-boston-headshot-photographer-placester.jpg,Brett Williams Studios LLC,Brett Williams,100% Chain of Title (Non-Scraped),17 U.S.C. § 106,Mandatory Disclosure Summary,d44fab09db200da9b45a3c665d9a92ff,Ai_Samples_Ready/09_Hollywood_Actors_HeadShots_50_JPEGS)/Brett-williams-boston-headshot-photographer-placester.jpg,2026-05-06 12:13:37,Pending_AI_Pass,Pending_AI_Pass,Pending_AI_Pass
09_Hollywood_Actors_HeadShots_50_JPEGS),._IMG_00002.jpg,Brett Williams Studios LLC,Brett Williams,100% Chain of Title (Non-Scraped),17 U.S.C. § 106,Mandatory Disclosure Summary,af193f057ab8ed0b6f5927625fd486b7,Ai_Samples_Ready/09_Hollywood_Actors_HeadShots_50_JPEGS)/._IMG_00002.jpg,2026-05-06 12:13:37,Pending_AI_Pass,Pending_AI_Pass,Pending_AI_Pass
09_Hollywood_Actors_HeadShots_50_JPEGS),._IMG_00016.jpg,Brett Williams Studios LLC,Brett Williams,100% Chain of Title (Non-Scraped),17 U.S.C. § 106,Mandatory Disclosure Summary,af193f057ab8ed0b6f5927625fd486b7,Ai_Samples_Ready/09_Hollywood_Actors_HeadShots_50_JPEGS)/._IMG_00016.jpg,2026-05-06 12:13:37,Pending_AI_Pass,Pending_AI_Pass,Pending_AI_Pass
09_Hollywood_Actors_HeadShots_50_JPEGS),IMG_00035.jpg,Brett Williams Studios LLC,Brett Williams,100% Chain of Title (Non-Scraped),17 U.S.C. § 106,Mandatory Disclosure Summary,032e579ce1449b36245a4c24e6b34e2c,Ai_Samples_Ready/09_Hollywood_Actors_HeadShots_50_JPEGS)/IMG_00035.jpg,2026-05-06 12:13:37,Pending_AI_Pass,Pending_AI_Pass,Pending_AI_Pass
09_Hollywood_Actors_HeadShots_50_JPEGS),maurey_sterling.jpg,Brett Williams Studios LLC,Brett Williams,100% Chain of Title (Non-Scraped),17 U.S.C. § 106,Mandatory Disclosure Summary,4fbcc1c3664ac3458c1d88bc1f5ef20f,Ai_Samples_Ready/09_Hollywood_Actors_HeadShots_50_JPEGS)/maurey_sterling.jpg,2026-05-06 12:13:37,Pending_AI_Pass,Pending_AI_Pass,Pending_AI_Pass
09_Hollywood_Actors_HeadShots_50_JPEGS),IMG_00021.jpg,Brett Williams Studios LLC,Brett Williams,100% Chain of Title (Non-Scraped),17 U.S.C. § 106,Mandatory Disclosure Summary,ce98a7602c2ffb7529b8f68972f1c43b,Ai_Samples_Ready/09_Hollywood_Actors_HeadShots_50_JPEGS)/IMG_00021.jpg,2026-05-06 12:13:37,Pending_AI_Pass,Pending_AI_Pass,Pending_AI_Pass
09_Hollywood_Actors_HeadShots_50_JPEGS),IMG_00020.jpg,Brett Williams Studios LLC,Brett Williams,100% Chain of Title (Non-Scraped),17 U.S.C. § 106,Mandatory Disclosure Summary,b1d4c146c33609a3d07ca1e4930c0a6c,Ai_Samples_Ready/09_Hollywood_Actors_HeadShots_50_JPEGS)/IMG_00020.jpg,2026-05-06 12:13:37,Pending_AI_Pass,Pending_AI_Pass,Pending_AI_Pass
09_Hollywood_Actors_HeadShots_50_JPEGS),airport_223.jpg,Brett Williams Studios LLC,Brett Williams,100% Chain of Title (Non-Scraped),17 U.S.C. § 106,Mandatory Disclosure Summary,712d407911a4a7ed5fe9bde3e1d2eb50,Ai_Samples_Ready/09_Hollywood_Actors_HeadShots_50_JPEGS)/airport_223.jpg,2026-05-06 12:13:37,Pending_AI_Pass,Pending_AI_Pass,Pending_AI_Pass
09_Hollywood_Actors_HeadShots_50_JPEGS),IMG_00034.jpg,Brett Williams Studios LLC,Brett Williams,100% Chain of Title (Non-Scraped),17 U.S.C. § 106,Mandatory Disclosure Summary,a2d42c511dd2802095cda61c16584651,Ai_Samples_Ready/09_Hollywood_Actors_HeadShots_50_JPEGS)/IMG_00034.jpg,2026-05-06 12:13:37,Pending_AI_Pass,Pending_AI_Pass,Pending_AI_Pass
09_Hollywood_Actors_HeadShots_50_JPEGS),alex-0063.jpg,Brett Williams Studios LLC,Brett Williams,100% Chain of Title (Non-Scraped),17 U.S.C. § 106,Mandatory Disclosure Summary,c52f0601b482f94bd2e40342788e7c06,Ai_Samples_Ready/09_Hollywood_Actors_HeadShots_50_JPEGS)/alex-0063.jpg,2026-05-06 12:13:37,Pending_AI_Pass,Pending_AI_Pass,Pending_AI_Pass
09_Hollywood_Actors_HeadShots_50_JPEGS),._IMG_00017.jpg,Brett Williams Studios LLC,Brett Williams,100% Chain of Title (Non-Scraped),17 U.S.C. § 106,Mandatory Disclosure Summary,af193f057ab8ed0b6f5927625fd486b7,Ai_Samples_Ready/09_Hollywood_Actors_HeadShots_50_JPEGS)/._IMG_00017.jpg,2026-05-06 12:13:37,Pending_AI_Pass,Pending_AI_Pass,Pending_AI_Pass
09_Hollywood_Actors_HeadShots_50_JPEGS),._IMG_00003.jpg,Brett Williams Studios LLC,Brett Williams,100% Chain of Title (Non-Scraped),17 U.S.C. § 106,Mandatory Disclosure Summary,af193f057ab8ed0b6f5927625fd486b7,Ai_Samples_Ready/09_Hollywood_Actors_HeadShots_50_JPEGS)/._IMG_00003.jpg,2026-05-06 12:13:37,Pending_AI_Pass,Pending_AI_Pass,Pending_AI_Pass
09_Hollywood_Actors_HeadShots_50_JPEGS),bm-802.jpg,Brett Williams Studios LLC,Brett Williams,100% Chain of Title (Non-Scraped),17 U.S.C. § 106,Mandatory Disclosure Summary,def8a2c1ba6ce89b68a787fdfccb36ec,Ai_Samples_Ready/09_Hollywood_Actors_HeadShots_50_JPEGS)/bm-802.jpg,2026-05-06 12:13:37,Pending_AI_Pass,Pending_AI_Pass,Pending_AI_Pass
09_Hollywood_Actors_HeadShots_50_JPEGS),._IMG_00015.jpg,Brett Williams Studios LLC,Brett Williams,100% Chain of Title (Non-Scraped),17 U.S.C. § 106,Mandatory Disclosure Summary,7387ba91ce6620cdbc4dcfc268360753,Ai_Samples_Ready/09_Hollywood_Actors_HeadShots_50_JPEGS)/._IMG_00015.jpg,2026-05-06 12:13:37,Pending_AI_Pass,Pending_AI_Pass,Pending_AI_Pass
09_Hollywood_Actors_HeadShots_50_JPEGS),._IMG_00001.jpg,Brett Williams Studios LLC,Brett Williams,100% Chain of Title (Non-Scraped),17 U.S.C. § 106,Mandatory Disclosure Summary,af193f057ab8ed0b6f5927625fd486b7,Ai_Samples_Ready/09_Hollywood_Actors_HeadShots_50_JPEGS)/._IMG_00001.jpg,2026-05-06 12:13:37,Pending_AI_Pass,Pending_AI_Pass,Pending_AI_Pass
09_Hollywood_Actors_HeadShots_50_JPEGS),jessica_lucas-0287.jpg,Brett Williams Studios LLC,Brett Williams,100% Chain of Title (Non-Scraped),17 U.S.C. § 106,Mandatory Disclosure Summary,4454a35fcce65e584295925971cfaa37,Ai_Samples_Ready/09_Hollywood_Actors_HeadShots_50_JPEGS)/jessica_lucas-0287.jpg,2026-05-06 12:13:37,Pending_AI_Pass,Pending_AI_Pass,Pending_AI_Pass
09_Hollywood_Actors_HeadShots_50_JPEGS),._IMG_00029.jpg,Brett Williams Studios LLC,Brett Williams,100% Chain of Title (Non-Scraped),17 U.S.C. § 106,Mandatory Disclosure Summary,af193f057ab8ed0b6f5927625fd486b7,Ai_Samples_Ready/09_Hollywood_Actors_HeadShots_50_JPEGS)/._IMG_00029.jpg,2026-05-06 12:13:37,Pending_AI_Pass,Pending_AI_Pass,Pending_AI_Pass
09_Hollywood_Actors_HeadShots_50_JPEGS),IMG_00037.jpg,Brett Williams Studios LLC,Brett Williams,100% Chain of Title (Non-Scraped),17 U.S.C. § 106,Mandatory Disclosure Summary,403f7a0a104ca712cdf6eba208a02eca,Ai_Samples_Ready/09_Hollywood_Actors_HeadShots_50_JPEGS)/IMG_00037.jpg,2026-05-06 12:13:37,Pending_AI_Pass,Pending_AI_Pass,Pending_AI_Pass
09_Hollywood_Actors_HeadShots_50_JPEGS),BEAUTY~2.jpg,Brett Williams Studios LLC,Brett Williams,100% Chain of Title (Non-Scraped),17 U.S.C. § 106,Mandatory Disclosure Summary,eb67c2b738fba4c5fd40a3d652a01216,Ai_Samples_Ready/09_Hollywood_Actors_HeadShots_50_JPEGS)/BEAUTY~2.jpg,2026-05-06 12:13:37,Pending_AI_Pass,Pending_AI_Pass,Pending_AI_Pass
09_Hollywood_Actors_HeadShots_50_JPEGS),._IMG_00028.jpg,Brett Williams Studios LLC,Brett Williams,100% Chain of Title (Non-Scraped),17 U.S.C. § 106,Mandatory Disclosure Summary,af193f057ab8ed0b6f5927625fd486b7,Ai_Samples_Ready/09_Hollywood_Actors_HeadShots_50_JPEGS)/._IMG_00028.jpg,2026-05-06 12:13:37,Pending_AI_Pass,Pending_AI_Pass,Pending_AI_Pass
09_Hollywood_Actors_HeadShots_50_JPEGS),._IMG_00014.jpg,Brett Williams Studios LLC,Brett Williams,100% Chain of Title (Non-Scraped),17 U.S.C. § 106,Mandatory Disclosure Summary,af193f057ab8ed0b6f5927625fd486b7,Ai_Samples_Ready/09_Hollywood_Actors_HeadShots_50_JPEGS)/._IMG_00014.jpg,2026-05-06 12:13:37,Pending_AI_Pass,Pending_AI_Pass,Pending_AI_Pass
09_Hollywood_Actors_HeadShots_50_JPEGS),._IMG_00019.jpg,Brett Williams Studios LLC,Brett Williams,100% Chain of Title (Non-Scraped),17 U.S.C. § 106,Mandatory Disclosure Summary,af193f057ab8ed0b6f5927625fd486b7,Ai_Samples_Ready/09_Hollywood_Actors_HeadShots_50_JPEGS)/._IMG_00019.jpg,2026-05-06 12:13:37,Pending_AI_Pass,Pending_AI_Pass,Pending_AI_Pass
09_Hollywood_Actors_HeadShots_50_JPEGS),._IMG_00031.jpg,Brett Williams Studios LLC,Brett Williams,100% Chain of Title (Non-Scraped),17 U.S.C. § 106,Mandatory Disclosure Summary,af193f057ab8ed0b6f5927625fd486b7,Ai_Samples_Ready/09_Hollywood_Actors_HeadShots_50_JPEGS)/._IMG_00031.jpg,2026-05-06 12:13:37,Pending_AI_Pass,Pending_AI_Pass,Pending_AI_Pass
09_Hollywood_Actors_HeadShots_50_JPEGS),._IMG_00025.jpg,Brett Williams Studios LLC,Brett Williams,100% Chain of Title (Non-Scraped),17 U.S.C. § 106,Mandatory Disclosure Summary,af193f057ab8ed0b6f5927625fd486b7,Ai_Samples_Ready/09_Hollywood_Actors_HeadShots_50_JPEGS)/._IMG_00025.jpg,2026-05-06 12:13:37,Pending_AI_Pass,Pending_AI_Pass,Pending_AI_Pass
09_Hollywood_Actors_HeadShots_50_JPEGS),._IMG_00024.jpg,Brett Williams Studios LLC,Brett Williams,100% Chain of Title (Non-Scraped),17 U.S.C. § 106,Mandatory Disclosure Summary,af193f057ab8ed0b6f5927625fd486b7,Ai_Samples_Ready/09_Hollywood_Actors_HeadShots_50_JPEGS)/._IMG_00024.jpg,2026-05-06 12:13:37,Pending_AI_Pass,Pending_AI_Pass,Pending_AI_Pass
09_Hollywood_Actors_HeadShots_50_JPEGS),._IMG_00030.jpg,Brett Williams Studios LLC,Brett Williams,100% Chain of Title (Non-Scraped),17 U.S.C. § 106,Mandatory Disclosure Summary,af193f057ab8ed0b6f5927625fd486b7,Ai_Samples_Ready/09_Hollywood_Actors_HeadShots_50_JPEGS)/._IMG_00030.jpg,2026-05-06 12:13:37,Pending_AI_Pass,Pending_AI_Pass,Pending_AI_Pass
09_Hollywood_Actors_HeadShots_50_JPEGS),._IMG_00018.jpg,Brett Williams Studios LLC,Brett Williams,100% Chain of Title (Non-Scraped),17 U.S.C. § 106,Mandatory Disclosure Summary,af193f057ab8ed0b6f5927625fd486b7,Ai_Samples_Ready/09_Hollywood_Actors_HeadShots_50_JPEGS)/._IMG_00018.jpg,2026-05-06 12:13:37,Pending_AI_Pass,Pending_AI_Pass,Pending_AI_Pass
09_Hollywood_Actors_HeadShots_50_JPEGS),brianna_hicks.jpg,Brett Williams Studios LLC,Brett Williams,100% Chain of Title (Non-Scraped),17 U.S.C. § 106,Mandatory Disclosure Summary,fb1b6e4553da87f90e55042300137ae4,Ai_Samples_Ready/09_Hollywood_Actors_HeadShots_50_JPEGS)/brianna_hicks.jpg,2026-05-06 12:13:37,Pending_AI_Pass,Pending_AI_Pass,Pending_AI_Pass
09_Hollywood_Actors_HeadShots_50_JPEGS),._IMG_00026.jpg,Brett Williams Studios LLC,Brett Williams,100% Chain of Title (Non-Scraped),17 U.S.C. § 106,Mandatory Disclosure Summary,af193f057ab8ed0b6f5927625fd486b7,Ai_Samples_Ready/09_Hollywood_Actors_HeadShots_50_JPEGS)/._IMG_00026.jpg,2026-05-06 12:13:37,Pending_AI_Pass,Pending_AI_Pass,Pending_AI_Pass
09_Hollywood_Actors_HeadShots_50_JPEGS),._IMG_00032.jpg,Brett Williams Studios LLC,Brett Williams,100% Chain of Title (Non-Scraped),17 U.S.C. § 106,Mandatory Disclosure Summary,af193f057ab8ed0b6f5927625fd486b7,Ai_Samples_Ready/09_Hollywood_Actors_HeadShots_50_JPEGS)/._IMG_00032.jpg,2026-05-06 12:13:37,Pending_AI_Pass,Pending_AI_Pass,Pending_AI_Pass
09_Hollywood_Actors_HeadShots_50_JPEGS),CRW_5240.jpg,Brett Williams Studios LLC,Brett Williams,100% Chain of Title (Non-Scraped),17 U.S.C. § 106,Mandatory Disclosure Summary,13bb06ed124698bed24cda88ddb83754,Ai_Samples_Ready/09_Hollywood_Actors_HeadShots_50_JPEGS)/CRW_5240.jpg,2026-05-06 12:13:37,Pending_AI_Pass,Pending_AI_Pass,Pending_AI_Pass
09_Hollywood_Actors_HeadShots_50_JPEGS),DSC_3785.jpg,Brett Williams Studios LLC,Brett Williams,100% Chain of Title (Non-Scraped),17 U.S.C. § 106,Mandatory Disclosure Summary,d2899cb4d4a93c886e7fb42c927e7760,Ai_Samples_Ready/09_Hollywood_Actors_HeadShots_50_JPEGS)/DSC_3785.jpg,2026-05-06 12:13:37,Pending_AI_Pass,Pending_AI_Pass,Pending_AI_Pass
09_Hollywood_Actors_HeadShots_50_JPEGS),DSC_3021.jpg,Brett Williams Studios LLC,Brett Williams,100% Chain of Title (Non-Scraped),17 U.S.C. § 106,Mandatory Disclosure Summary,27d27685ad466018fc50a29c2521988d,Ai_Samples_Ready/09_Hollywood_Actors_HeadShots_50_JPEGS)/DSC_3021.jpg,2026-05-06 12:13:37,Pending_AI_Pass,Pending_AI_Pass,Pending_AI_Pass
09_Hollywood_Actors_HeadShots_50_JPEGS),DSC_0299.jpg,Brett Williams Studios LLC,Brett Williams,100% Chain of Title (Non-Scraped),17 U.S.C. § 106,Mandatory Disclosure Summary,73910f375519060a885cf7e865f8c33a,Ai_Samples_Ready/09_Hollywood_Actors_HeadShots_50_JPEGS)/DSC_0299.jpg,2026-05-06 12:13:37,Pending_AI_Pass,Pending_AI_Pass,Pending_AI_Pass
09_Hollywood_Actors_HeadShots_50_JPEGS),._IMG_00033.jpg,Brett Williams Studios LLC,Brett Williams,100% Chain of Title (Non-Scraped),17 U.S.C. § 106,Mandatory Disclosure Summary,af193f057ab8ed0b6f5927625fd486b7,Ai_Samples_Ready/09_Hollywood_Actors_HeadShots_50_JPEGS)/._IMG_00033.jpg,2026-05-06 12:13:37,Pending_AI_Pass,Pending_AI_Pass,Pending_AI_Pass
09_Hollywood_Actors_HeadShots_50_JPEGS),._IMG_00027.jpg,Brett Williams Studios LLC,Brett Williams,100% Chain of Title (Non-Scraped),17 U.S.C. § 106,Mandatory Disclosure Summary,af193f057ab8ed0b6f5927625fd486b7,Ai_Samples_Ready/09_Hollywood_Actors_HeadShots_50_JPEGS)/._IMG_00027.jpg,2026-05-06 12:13:37,Pending_AI_Pass,Pending_AI_Pass,Pending_AI_Pass
09_Hollywood_Actors_HeadShots_50_JPEGS),kara-holden-Brett-williams-boston-headshot-photographer.jpg,Brett Williams Studios LLC,Brett Williams,100% Chain of Title (Non-Scraped),17 U.S.C. § 106,Mandatory Disclosure Summary,de039160d0e358df7030e8a92508a89e,Ai_Samples_Ready/09_Hollywood_Actors_HeadShots_50_JPEGS)/kara-holden-Brett-williams-boston-headshot-photographer.jpg,2026-05-06 12:13:37,Pending_AI_Pass,Pending_AI_Pass,Pending_AI_Pass
09_Hollywood_Actors_HeadShots_50_JPEGS),._IMG_00023.jpg,Brett Williams Studios LLC,Brett Williams,100% Chain of Title (Non-Scraped),17 U.S.C. § 106,Mandatory Disclosure Summary,af193f057ab8ed0b6f5927625fd486b7,Ai_Samples_Ready/09_Hollywood_Actors_HeadShots_50_JPEGS)/._IMG_00023.jpg,2026-05-06 12:13:37,Pending_AI_Pass,Pending_AI_Pass,Pending_AI_Pass
09_Hollywood_Actors_HeadShots_50_JPEGS),._IMG_00037.jpg,Brett Williams Studios LLC,Brett Williams,100% Chain of Title (Non-Scraped),17 U.S.C. § 106,Mandatory Disclosure Summary,af193f057ab8ed0b6f5927625fd486b7,Ai_Samples_Ready/09_Hollywood_Actors_HeadShots_50_JPEGS)/._IMG_00037.jpg,2026-05-06 12:13:37,Pending_AI_Pass,Pending_AI_Pass,Pending_AI_Pass
09_Hollywood_Actors_HeadShots_50_JPEGS),IMG_00015.jpg,Brett Williams Studios LLC,Brett Williams,100% Chain of Title (Non-Scraped),17 U.S.C. § 106,Mandatory Disclosure Summary,1cbf00c74a5c676b774b229ec7b650b9,Ai_Samples_Ready/09_Hollywood_Actors_HeadShots_50_JPEGS)/IMG_00015.jpg,2026-05-06 12:13:37,Pending_AI_Pass,Pending_AI_Pass,Pending_AI_Pass
09_Hollywood_Actors_HeadShots_50_JPEGS),Brett-williams-boston-headshot-photographer-alita.jpg,Brett Williams Studios LLC,Brett Williams,100% Chain of Title (Non-Scraped),17 U.S.C. § 106,Mandatory Disclosure Summary,e63b6043621644b0b2096e28877470c1,Ai_Samples_Ready/09_Hollywood_Actors_HeadShots_50_JPEGS)/Brett-williams-boston-headshot-photographer-alita.jpg,2026-05-06 12:13:37,Pending_AI_Pass,Pending_AI_Pass,Pending_AI_Pass
09_Hollywood_Actors_HeadShots_50_JPEGS),._IMG_00036.jpg,Brett Williams Studios LLC,Brett Williams,100% Chain of Title (Non-Scraped),17 U.S.C. § 106,Mandatory Disclosure Summary,af193f057ab8ed0b6f5927625fd486b7,Ai_Samples_Ready/09_Hollywood_Actors_HeadShots_50_JPEGS)/._IMG_00036.jpg,2026-05-06 12:13:37,Pending_AI_Pass,Pending_AI_Pass,Pending_AI_Pass
09_Hollywood_Actors_HeadShots_50_JPEGS),._IMG_00022.jpg,Brett Williams Studios LLC,Brett Williams,100% Chain of Title (Non-Scraped),17 U.S.C. § 106,Mandatory Disclosure Summary,af193f057ab8ed0b6f5927625fd486b7,Ai_Samples_Ready/09_Hollywood_Actors_HeadShots_50_JPEGS)/._IMG_00022.jpg,2026-05-06 12:13:37,Pending_AI_Pass,Pending_AI_Pass,Pending_AI_Pass
09_Hollywood_Actors_HeadShots_50_JPEGS),avalon-barry-0154.jpg,Brett Williams Studios LLC,Brett Williams,100% Chain of Title (Non-Scraped),17 U.S.C. § 106,Mandatory Disclosure Summary,ab4ff64740d1eee84789a9d256e174ff,Ai_Samples_Ready/09_Hollywood_Actors_HeadShots_50_JPEGS)/avalon-barry-0154.jpg,2026-05-06 12:13:37,Pending_AI_Pass,Pending_AI_Pass,Pending_AI_Pass
09_Hollywood_Actors_HeadShots_50_JPEGS),._IMG_00034.jpg,Brett Williams Studios LLC,Brett Williams,100% Chain of Title (Non-Scraped),17 U.S.C. § 106,Mandatory Disclosure Summary,af193f057ab8ed0b6f5927625fd486b7,Ai_Samples_Ready/09_Hollywood_Actors_HeadShots_50_JPEGS)/._IMG_00034.jpg,2026-05-06 12:13:37,Pending_AI_Pass,Pending_AI_Pass,Pending_AI_Pass
09_Hollywood_Actors_HeadShots_50_JPEGS),._IMG_00020.jpg,Brett Williams Studios LLC,Brett Williams,100% Chain of Title (Non-Scraped),17 U.S.C. § 106,Mandatory Disclosure Summary,af193f057ab8ed0b6f5927625fd486b7,Ai_Samples_Ready/09_Hollywood_Actors_HeadShots_50_JPEGS)/._IMG_00020.jpg,2026-05-06 12:13:37,Pending_AI_Pass,Pending_AI_Pass,Pending_AI_Pass
09_Hollywood_Actors_HeadShots_50_JPEGS),._IMG_00008.jpg,Brett Williams Studios LLC,Brett Williams,100% Chain of Title (Non-Scraped),17 U.S.C. § 106,Mandatory Disclosure Summary,af193f057ab8ed0b6f5927625fd486b7,Ai_Samples_Ready/09_Hollywood_Actors_HeadShots_50_JPEGS)/._IMG_00008.jpg,2026-05-06 12:13:37,Pending_AI_Pass,Pending_AI_Pass,Pending_AI_Pass
09_Hollywood_Actors_HeadShots_50_JPEGS),layla-461.jpg,Brett Williams Studios LLC,Brett Williams,100% Chain of Title (Non-Scraped),17 U.S.C. § 106,Mandatory Disclosure Summary,fd1caaf13698622a664e29488f63bd15,Ai_Samples_Ready/09_Hollywood_Actors_HeadShots_50_JPEGS)/layla-461.jpg,2026-05-06 12:13:37,Pending_AI_Pass,Pending_AI_Pass,Pending_AI_Pass
09_Hollywood_Actors_HeadShots_50_JPEGS),antonia-campbell-hughes-Brett-williams-boston-headshot-photographer.jpg,Brett Williams Studios LLC,Brett Williams,100% Chain of Title (Non-Scraped),17 U.S.C. § 106,Mandatory Disclosure Summary,ec4e57a3ca3f5adb997ba39d4a830756,Ai_Samples_Ready/09_Hollywood_Actors_HeadShots_50_JPEGS)/antonia-campbell-hughes-Brett-williams-boston-headshot-photographer.jpg,2026-05-06 12:13:37,Pending_AI_Pass,Pending_AI_Pass,Pending_AI_Pass
09_Hollywood_Actors_HeadShots_50_JPEGS),._IMG_00009.jpg,Brett Williams Studios LLC,Brett Williams,100% Chain of Title (Non-Scraped),17 U.S.C. § 106,Mandatory Disclosure Summary,af193f057ab8ed0b6f5927625fd486b7,Ai_Samples_Ready/09_Hollywood_Actors_HeadShots_50_JPEGS)/._IMG_00009.jpg,2026-05-06 12:13:37,Pending_AI_Pass,Pending_AI_Pass,Pending_AI_Pass
09_Hollywood_Actors_HeadShots_50_JPEGS),._IMG_00021.jpg,Brett Williams Studios LLC,Brett Williams,100% Chain of Title (Non-Scraped),17 U.S.C. § 106,Mandatory Disclosure Summary,af193f057ab8ed0b6f5927625fd486b7,Ai_Samples_Ready/09_Hollywood_Actors_HeadShots_50_JPEGS)/._IMG_00021.jpg,2026-05-06 12:13:37,Pending_AI_Pass,Pending_AI_Pass,Pending_AI_Pass
09_Hollywood_Actors_HeadShots_50_JPEGS),._IMG_00035.jpg,Brett Williams Studios LLC,Brett Williams,100% Chain of Title (Non-Scraped),17 U.S.C. § 106,Mandatory Disclosure Summary,af193f057ab8ed0b6f5927625fd486b7,Ai_Samples_Ready/09_Hollywood_Actors_HeadShots_50_JPEGS)/._IMG_00035.jpg,2026-05-06 12:13:37,Pending_AI_Pass,Pending_AI_Pass,Pending_AI_Pass
09_Hollywood_Actors_HeadShots_50_JPEGS),06-miss-906-467.jpg,Brett Williams Studios LLC,Brett Williams,100% Chain of Title (Non-Scraped),17 U.S.C. § 106,Mandatory Disclosure Summary,65d25a7cd53dc4f51f27732ba2868dae,Ai_Samples_Ready/09_Hollywood_Actors_HeadShots_50_JPEGS)/06-miss-906-467.jpg,2026-05-06 12:13:37,Pending_AI_Pass,Pending_AI_Pass,Pending_AI_Pass
09_Hollywood_Actors_HeadShots_50_JPEGS),._IMG_00046.jpg,Brett Williams Studios LLC,Brett Williams,100% Chain of Title (Non-Scraped),17 U.S.C. § 106,Mandatory Disclosure Summary,af193f057ab8ed0b6f5927625fd486b7,Ai_Samples_Ready/09_Hollywood_Actors_HeadShots_50_JPEGS)/._IMG_00046.jpg,2026-05-06 12:13:37,Pending_AI_Pass,Pending_AI_Pass,Pending_AI_Pass
09_Hollywood_Actors_HeadShots_50_JPEGS),layla-374.jpg,Brett Williams Studios LLC,Brett Williams,100% Chain of Title (Non-Scraped),17 U.S.C. § 106,Mandatory Disclosure Summary,5a11e414a16381dda5353a2f85828d1f,Ai_Samples_Ready/09_Hollywood_Actors_HeadShots_50_JPEGS)/layla-374.jpg,2026-05-06 12:13:37,Pending_AI_Pass,Pending_AI_Pass,Pending_AI_Pass
09_Hollywood_Actors_HeadShots_50_JPEGS),avalon-barry-0292.jpg,Brett Williams Studios LLC,Brett Williams,100% Chain of Title (Non-Scraped),17 U.S.C. § 106,Mandatory Disclosure Summary,2804ed8e07071c4c378eb79fcd75432d,Ai_Samples_Ready/09_Hollywood_Actors_HeadShots_50_JPEGS)/avalon-barry-0292.jpg,2026-05-06 12:13:37,Pending_AI_Pass,Pending_AI_Pass,Pending_AI_Pass
09_Hollywood_Actors_HeadShots_50_JPEGS),._IMG_00047.jpg,Brett Williams Studios LLC,Brett Williams,100% Chain of Title (Non-Scraped),17 U.S.C. § 106,Mandatory Disclosure Summary,af193f057ab8ed0b6f5927625fd486b7,Ai_Samples_Ready/09_Hollywood_Actors_HeadShots_50_JPEGS)/._IMG_00047.jpg,2026-05-06 12:13:37,Pending_AI_Pass,Pending_AI_Pass,Pending_AI_Pass
09_Hollywood_Actors_HeadShots_50_JPEGS),._IMG_00045.jpg,Brett Williams Studios LLC,Brett Williams,100% Chain of Title (Non-Scraped),17 U.S.C. § 106,Mandatory Disclosure Summary,af193f057ab8ed0b6f5927625fd486b7,Ai_Samples_Ready/09_Hollywood_Actors_HeadShots_50_JPEGS)/._IMG_00045.jpg,2026-05-06 12:13:37,Pending_AI_Pass,Pending_AI_Pass,Pending_AI_Pass
09_Hollywood_Actors_HeadShots_50_JPEGS),._IMG_00050.jpg,Brett Williams Studios LLC,Brett Williams,100% Chain of Title (Non-Scraped),17 U.S.C. § 106,Mandatory Disclosure Summary,af193f057ab8ed0b6f5927625fd486b7,Ai_Samples_Ready/09_Hollywood_Actors_HeadShots_50_JPEGS)/._IMG_00050.jpg,2026-05-06 12:13:37,Pending_AI_Pass,Pending_AI_Pass,Pending_AI_Pass
09_Hollywood_Actors_HeadShots_50_JPEGS),._IMG_00044.jpg,Brett Williams Studios LLC,Brett Williams,100% Chain of Title (Non-Scraped),17 U.S.C. § 106,Mandatory Disclosure Summary,af193f057ab8ed0b6f5927625fd486b7,Ai_Samples_Ready/09_Hollywood_Actors_HeadShots_50_JPEGS)/._IMG_00044.jpg,2026-05-06 12:13:37,Pending_AI_Pass,Pending_AI_Pass,Pending_AI_Pass
09_Hollywood_Actors_HeadShots_50_JPEGS),kristy_hume.jpg,Brett Williams Studios LLC,Brett Williams,100% Chain of Title (Non-Scraped),17 U.S.C. § 106,Mandatory Disclosure Summary,0f92ff3a66adf099e77a66752d4080d6,Ai_Samples_Ready/09_Hollywood_Actors_HeadShots_50_JPEGS)/kristy_hume.jpg,2026-05-06 12:13:37,Pending_AI_Pass,Pending_AI_Pass,Pending_AI_Pass
09_Hollywood_Actors_HeadShots_50_JPEGS),._IMG_00040.jpg,Brett Williams Studios LLC,Brett Williams,100% Chain of Title (Non-Scraped),17 U.S.C. § 106,Mandatory Disclosure Summary,af193f057ab8ed0b6f5927625fd486b7,Ai_Samples_Ready/09_Hollywood_Actors_HeadShots_50_JPEGS)/._IMG_00040.jpg,2026-05-06 12:13:37,Pending_AI_Pass,Pending_AI_Pass,Pending_AI_Pass
09_Hollywood_Actors_HeadShots_50_JPEGS),McK_10_1722806.jpg,Brett Williams Studios LLC,Brett Williams,100% Chain of Title (Non-Scraped),17 U.S.C. § 106,Mandatory Disclosure Summary,2a18cf31d14d692f13e68026ca7a3318,Ai_Samples_Ready/09_Hollywood_Actors_HeadShots_50_JPEGS)/McK_10_1722806.jpg,2026-05-06 12:13:37,Pending_AI_Pass,Pending_AI_Pass,Pending_AI_Pass
09_Hollywood_Actors_HeadShots_50_JPEGS),._IMG_00041.jpg,Brett Williams Studios LLC,Brett Williams,100% Chain of Title (Non-Scraped),17 U.S.C. § 106,Mandatory Disclosure Summary,af193f057ab8ed0b6f5927625fd486b7,Ai_Samples_Ready/09_Hollywood_Actors_HeadShots_50_JPEGS)/._IMG_00041.jpg,2026-05-06 12:13:37,Pending_AI_Pass,Pending_AI_Pass,Pending_AI_Pass
09_Hollywood_Actors_HeadShots_50_JPEGS),kaya-larue.jpg,Brett Williams Studios LLC,Brett Williams,100% Chain of Title (Non-Scraped),17 U.S.C. § 106,Mandatory Disclosure Summary,c5d8685ec7c3a6081ebd948a43f15e6d,Ai_Samples_Ready/09_Hollywood_Actors_HeadShots_50_JPEGS)/kaya-larue.jpg,2026-05-06 12:13:37,Pending_AI_Pass,Pending_AI_Pass,Pending_AI_Pass
09_Hollywood_Actors_HeadShots_50_JPEGS),._IMG_00043.jpg,Brett Williams Studios LLC,Brett Williams,100% Chain of Title (Non-Scraped),17 U.S.C. § 106,Mandatory Disclosure Summary,af193f057ab8ed0b6f5927625fd486b7,Ai_Samples_Ready/09_Hollywood_Actors_HeadShots_50_JPEGS)/._IMG_00043.jpg,2026-05-06 12:13:37,Pending_AI_Pass,Pending_AI_Pass,Pending_AI_Pass
09_Hollywood_Actors_HeadShots_50_JPEGS),andreana_weiner.jpg,Brett Williams Studios LLC,Brett Williams,100% Chain of Title (Non-Scraped),17 U.S.C. § 106,Mandatory Disclosure Summary,190bafb61f04d0069f32c97eb63c2fe9,Ai_Samples_Ready/09_Hollywood_Actors_HeadShots_50_JPEGS)/andreana_weiner.jpg,2026-05-06 12:13:37,Pending_AI_Pass,Pending_AI_Pass,Pending_AI_Pass
09_Hollywood_Actors_HeadShots_50_JPEGS),36_ravel-025-(1).jpg,Brett Williams Studios LLC,Brett Williams,100% Chain of Title (Non-Scraped),17 U.S.C. § 106,Mandatory Disclosure Summary,d5a84d9d4e5553c19d993dff5225b8c8,Ai_Samples_Ready/09_Hollywood_Actors_HeadShots_50_JPEGS)/36_ravel-025-(1).jpg,2026-05-06 12:13:37,Pending_AI_Pass,Pending_AI_Pass,Pending_AI_Pass
09_Hollywood_Actors_HeadShots_50_JPEGS),._IMG_00042.jpg,Brett Williams Studios LLC,Brett Williams,100% Chain of Title (Non-Scraped),17 U.S.C. § 106,Mandatory Disclosure Summary,af193f057ab8ed0b6f5927625fd486b7,Ai_Samples_Ready/09_Hollywood_Actors_HeadShots_50_JPEGS)/._IMG_00042.jpg,2026-05-06 12:13:37,Pending_AI_Pass,Pending_AI_Pass,Pending_AI_Pass
09_Hollywood_Actors_HeadShots_50_JPEGS),5A976-A068-0F42-43B4-550FC403A6D2.jpg,Brett Williams Studios LLC,Brett Williams,100% Chain of Title (Non-Scraped),17 U.S.C. § 106,Mandatory Disclosure Summary,376754f316b7b42df98b90289074a7d5,Ai_Samples_Ready/09_Hollywood_Actors_HeadShots_50_JPEGS)/5A976-A068-0F42-43B4-550FC403A6D2.jpg,2026-05-06 12:13:37,Pending_AI_Pass,Pending_AI_Pass,Pending_AI_Pass
04_Studio_Portraits_Neon__(_60_JPEGs),BWS_JB_058.jpg,Brett Williams Studios LLC,Brett Williams,100% Chain of Title (Non-Scraped),17 U.S.C. § 106,Mandatory Disclosure Summary,caad8ab3b4490d83cab846f36bc37c40,Ai_Samples_Ready/04_Studio_Portraits_Neon__(_60_JPEGs)/BWS_JB_058.jpg,2026-05-06 12:13:37,Pending_AI_Pass,Pending_AI_Pass,Pending_AI_Pass
04_Studio_Portraits_Neon__(_60_JPEGs),BWS_JB_059.jpg,Brett Williams Studios LLC,Brett Williams,100% Chain of Title (Non-Scraped),17 U.S.C. § 106,Mandatory Disclosure Summary,5b8624a64441c16c3395d3bbe05b21b0,Ai_Samples_Ready/04_Studio_Portraits_Neon__(_60_JPEGs)/BWS_JB_059.jpg,2026-05-06 12:13:37,Pending_AI_Pass,Pending_AI_Pass,Pending_AI_Pass
04_Studio_Portraits_Neon__(_60_JPEGs),BWS_JB_049.jpg,Brett Williams Studios LLC,Brett Williams,100% Chain of Title (Non-Scraped),17 U.S.C. § 106,Mandatory Disclosure Summary,da7299858b2c694ec27b6e0a33b1cf3d,Ai_Samples_Ready/04_Studio_Portraits_Neon__(_60_JPEGs)/BWS_JB_049.jpg,2026-05-06 12:13:37,Pending_AI_Pass,Pending_AI_Pass,Pending_AI_Pass
04_Studio_Portraits_Neon__(_60_JPEGs),BWS_JB_048.jpg,Brett Williams Studios LLC,Brett Williams,100% Chain of Title (Non-Scraped),17 U.S.C. § 106,Mandatory Disclosure Summary,eb0e54d8326cf379af678bdce02d4511,Ai_Samples_Ready/04_Studio_Portraits_Neon__(_60_JPEGs)/BWS_JB_048.jpg,2026-05-06 12:13:37,Pending_AI_Pass,Pending_AI_Pass,Pending_AI_Pass
04_Studio_Portraits_Neon__(_60_JPEGs),BWS_JB_060.jpg,Brett Williams Studios LLC,Brett Williams,100% Chain of Title (Non-Scraped),17 U.S.C. § 106,Mandatory Disclosure Summary,0923c1682f1980ca295c4e12260e5df7,Ai_Samples_Ready/04_Studio_Portraits_Neon__(_60_JPEGs)/BWS_JB_060.jpg,2026-05-06 12:13:37,Pending_AI_Pass,Pending_AI_Pass,Pending_AI_Pass
04_Studio_Portraits_Neon__(_60_JPEGs),BWS_JB_038.jpg,Brett Williams Studios LLC,Brett Williams,100% Chain of Title (Non-Scraped),17 U.S.C. § 106,Mandatory Disclosure Summary,4bce1ccc6547e79fe0b3b1801ebc8bad,Ai_Samples_Ready/04_Studio_Portraits_Neon__(_60_JPEGs)/BWS_JB_038.jpg,2026-05-06 12:13:37,Pending_AI_Pass,Pending_AI_Pass,Pending_AI_Pass
04_Studio_Portraits_Neon__(_60_JPEGs),BWS_JB_004.jpg,Brett Williams Studios LLC,Brett Williams,100% Chain of Title (Non-Scraped),17 U.S.C. § 106,Mandatory Disclosure Summary,b86672ac167625a85eec3722bcd7d9e8,Ai_Samples_Ready/04_Studio_Portraits_Neon__(_60_JPEGs)/BWS_JB_004.jpg,2026-05-06 12:13:37,Pending_AI_Pass,Pending_AI_Pass,Pending_AI_Pass
04_Studio_Portraits_Neon__(_60_JPEGs),BWS_JB_010.jpg,Brett Williams Studios LLC,Brett Williams,100% Chain of Title (Non-Scraped),17 U.S.C. § 106,Mandatory Disclosure Summary,724662a5b05b31269c84da1b3ea91999,Ai_Samples_Ready/04_Studio_Portraits_Neon__(_60_JPEGs)/BWS_JB_010.jpg,2026-05-06 12:13:37,Pending_AI_Pass,Pending_AI_Pass,Pending_AI_Pass
04_Studio_Portraits_Neon__(_60_JPEGs),BWS_JB_011.jpg,Brett Williams Studios LLC,Brett Williams,100% Chain of Title (Non-Scraped),17 U.S.C. § 106,Mandatory Disclosure Summary,33dca928e4fe85693de95a2df02c33a6,Ai_Samples_Ready/04_Studio_Portraits_Neon__(_60_JPEGs)/BWS_JB_011.jpg,2026-05-06 12:13:37,Pending_AI_Pass,Pending_AI_Pass,Pending_AI_Pass
04_Studio_Portraits_Neon__(_60_JPEGs),BWS_JB_005.jpg,Brett Williams Studios LLC,Brett Williams,100% Chain of Title (Non-Scraped),17 U.S.C. § 106,Mandatory Disclosure Summary,b19a0bd244c0084bc1494c0b5a04d482,Ai_Samples_Ready/04_Studio_Portraits_Neon__(_60_JPEGs)/BWS_JB_005.jpg,2026-05-06 12:13:37,Pending_AI_Pass,Pending_AI_Pass,Pending_AI_Pass
04_Studio_Portraits_Neon__(_60_JPEGs),BWS_JB_039.jpg,Brett Williams Studios LLC,Brett Williams,100% Chain of Title (Non-Scraped),17 U.S.C. § 106,Mandatory Disclosure Summary,e7a616a1e3de675fb38be667f2bfd451,Ai_Samples_Ready/04_Studio_Portraits_Neon__(_60_JPEGs)/BWS_JB_039.jpg,2026-05-06 12:13:37,Pending_AI_Pass,Pending_AI_Pass,Pending_AI_Pass
04_Studio_Portraits_Neon__(_60_JPEGs),BWS_JB_013.jpg,Brett Williams Studios LLC,Brett Williams,100% Chain of Title (Non-Scraped),17 U.S.C. § 106,Mandatory Disclosure Summary,6447086814f17d3b948038f530da09c7,Ai_Samples_Ready/04_Studio_Portraits_Neon__(_60_JPEGs)/BWS_JB_013.jpg,2026-05-06 12:13:37,Pending_AI_Pass,Pending_AI_Pass,Pending_AI_Pass
04_Studio_Portraits_Neon__(_60_JPEGs),BWS_JB_007.jpg,Brett Williams Studios LLC,Brett Williams,100% Chain of Title (Non-Scraped),17 U.S.C. § 106,Mandatory Disclosure Summary,93ea56a56f473fd661f77397d049d86f,Ai_Samples_Ready/04_Studio_Portraits_Neon__(_60_JPEGs)/BWS_JB_007.jpg,2026-05-06 12:13:37,Pending_AI_Pass,Pending_AI_Pass,Pending_AI_Pass
04_Studio_Portraits_Neon__(_60_JPEGs),BWS_JB_006.jpg,Brett Williams Studios LLC,Brett Williams,100% Chain of Title (Non-Scraped),17 U.S.C. § 106,Mandatory Disclosure Summary,0854d729c7d42c968379d76e28291312,Ai_Samples_Ready/04_Studio_Portraits_Neon__(_60_JPEGs)/BWS_JB_006.jpg,2026-05-06 12:13:37,Pending_AI_Pass,Pending_AI_Pass,Pending_AI_Pass
04_Studio_Portraits_Neon__(_60_JPEGs),BWS_JB_012.jpg,Brett Williams Studios LLC,Brett Williams,100% Chain of Title (Non-Scraped),17 U.S.C. § 106,Mandatory Disclosure Summary,067a274f7b9736cd3807c34664806429,Ai_Samples_Ready/04_Studio_Portraits_Neon__(_60_JPEGs)/BWS_JB_012.jpg,2026-05-06 12:13:37,Pending_AI_Pass,Pending_AI_Pass,Pending_AI_Pass
04_Studio_Portraits_Neon__(_60_JPEGs),BWS_JB_016.jpg,Brett Williams Studios LLC,Brett Williams,100% Chain of Title (Non-Scraped),17 U.S.C. § 106,Mandatory Disclosure Summary,1d91be94196f474480e514b7bd412b64,Ai_Samples_Ready/04_Studio_Portraits_Neon__(_60_JPEGs)/BWS_JB_016.jpg,2026-05-06 12:13:37,Pending_AI_Pass,Pending_AI_Pass,Pending_AI_Pass
04_Studio_Portraits_Neon__(_60_JPEGs),BWS_JB_002.jpg,Brett Williams Studios LLC,Brett Williams,100% Chain of Title (Non-Scraped),17 U.S.C. § 106,Mandatory Disclosure Summary,832492e80bd29899af7b60cc02eaad99,Ai_Samples_Ready/04_Studio_Portraits_Neon__(_60_JPEGs)/BWS_JB_002.jpg,2026-05-06 12:13:37,Pending_AI_Pass,Pending_AI_Pass,Pending_AI_Pass
04_Studio_Portraits_Neon__(_60_JPEGs),BWS_JB_003.jpg,Brett Williams Studios LLC,Brett Williams,100% Chain of Title (Non-Scraped),17 U.S.C. § 106,Mandatory Disclosure Summary,41e5d62b3ab27a669066c48cf7b0c839,Ai_Samples_Ready/04_Studio_Portraits_Neon__(_60_JPEGs)/BWS_JB_003.jpg,2026-05-06 12:13:37,Pending_AI_Pass,Pending_AI_Pass,Pending_AI_Pass
04_Studio_Portraits_Neon__(_60_JPEGs),BWS_JB_017.jpg,Brett Williams Studios LLC,Brett Williams,100% Chain of Title (Non-Scraped),17 U.S.C. § 106,Mandatory Disclosure Summary,00cdb76b600df8117fb5f7571ff99645,Ai_Samples_Ready/04_Studio_Portraits_Neon__(_60_JPEGs)/BWS_JB_017.jpg,2026-05-06 12:13:37,Pending_AI_Pass,Pending_AI_Pass,Pending_AI_Pass
04_Studio_Portraits_Neon__(_60_JPEGs),BWS_JB_001.jpg,Brett Williams Studios LLC,Brett Williams,100% Chain of Title (Non-Scraped),17 U.S.C. § 106,Mandatory Disclosure Summary,5c594490fe50b49ebfb323d54f4e696e,Ai_Samples_Ready/04_Studio_Portraits_Neon__(_60_JPEGs)/BWS_JB_001.jpg,2026-05-06 12:13:37,Pending_AI_Pass,Pending_AI_Pass,Pending_AI_Pass
04_Studio_Portraits_Neon__(_60_JPEGs),BWS_JB_015.jpg,Brett Williams Studios LLC,Brett Williams,100% Chain of Title (Non-Scraped),17 U.S.C. § 106,Mandatory Disclosure Summary,0c4f8d950210f2aae247c0a3f82cf34a,Ai_Samples_Ready/04_Studio_Portraits_Neon__(_60_JPEGs)/BWS_JB_015.jpg,2026-05-06 12:13:37,Pending_AI_Pass,Pending_AI_Pass,Pending_AI_Pass
04_Studio_Portraits_Neon__(_60_JPEGs),BWS_JB_029.jpg,Brett Williams Studios LLC,Brett Williams,100% Chain of Title (Non-Scraped),17 U.S.C. § 106,Mandatory Disclosure Summary,0fd6cbd690afbbe46c01f775515aaf4a,Ai_Samples_Ready/04_Studio_Portraits_Neon__(_60_JPEGs)/BWS_JB_029.jpg,2026-05-06 12:13:37,Pending_AI_Pass,Pending_AI_Pass,Pending_AI_Pass
04_Studio_Portraits_Neon__(_60_JPEGs),BWS_JB_028.jpg,Brett Williams Studios LLC,Brett Williams,100% Chain of Title (Non-Scraped),17 U.S.C. § 106,Mandatory Disclosure Summary,8259aae1f43f09f56f67de40372f5408,Ai_Samples_Ready/04_Studio_Portraits_Neon__(_60_JPEGs)/BWS_JB_028.jpg,2026-05-06 12:13:37,Pending_AI_Pass,Pending_AI_Pass,Pending_AI_Pass
04_Studio_Portraits_Neon__(_60_JPEGs),BWS_JB_014.jpg,Brett Williams Studios LLC,Brett Williams,100% Chain of Title (Non-Scraped),17 U.S.C. § 106,Mandatory Disclosure Summary,4e333d0460cf097e6bab25af5f33ce74,Ai_Samples_Ready/04_Studio_Portraits_Neon__(_60_JPEGs)/BWS_JB_014.jpg,2026-05-06 12:13:37,Pending_AI_Pass,Pending_AI_Pass,Pending_AI_Pass
04_Studio_Portraits_Neon__(_60_JPEGs),BWS_JB_019.jpg,Brett Williams Studios LLC,Brett Williams,100% Chain of Title (Non-Scraped),17 U.S.C. § 106,Mandatory Disclosure Summary,f2f7f15779c6eab27d369aadd1220a62,Ai_Samples_Ready/04_Studio_Portraits_Neon__(_60_JPEGs)/BWS_JB_019.jpg,2026-05-06 12:13:37,Pending_AI_Pass,Pending_AI_Pass,Pending_AI_Pass
04_Studio_Portraits_Neon__(_60_JPEGs),BWS_JB_025.jpg,Brett Williams Studios LLC,Brett Williams,100% Chain of Title (Non-Scraped),17 U.S.C. § 106,Mandatory Disclosure Summary,95606385614948487a25564f51e885df,Ai_Samples_Ready/04_Studio_Portraits_Neon__(_60_JPEGs)/BWS_JB_025.jpg,2026-05-06 12:13:37,Pending_AI_Pass,Pending_AI_Pass,Pending_AI_Pass
04_Studio_Portraits_Neon__(_60_JPEGs),BWS_JB_031.jpg,Brett Williams Studios LLC,Brett Williams,100% Chain of Title (Non-Scraped),17 U.S.C. § 106,Mandatory Disclosure Summary,04cbddfd709b10f3ee3b933685ec1b19,Ai_Samples_Ready/04_Studio_Portraits_Neon__(_60_JPEGs)/BWS_JB_031.jpg,2026-05-06 12:13:37,Pending_AI_Pass,Pending_AI_Pass,Pending_AI_Pass
04_Studio_Portraits_Neon__(_60_JPEGs),BWS_JB_030.jpg,Brett Williams Studios LLC,Brett Williams,100% Chain of Title (Non-Scraped),17 U.S.C. § 106,Mandatory Disclosure Summary,d29d3ece79c2a034cf8c1e9bdbadb348,Ai_Samples_Ready/04_Studio_Portraits_Neon__(_60_JPEGs)/BWS_JB_030.jpg,2026-05-06 12:13:37,Pending_AI_Pass,Pending_AI_Pass,Pending_AI_Pass
04_Studio_Portraits_Neon__(_60_JPEGs),BWS_JB_024.jpg,Brett Williams Studios LLC,Brett Williams,100% Chain of Title (Non-Scraped),17 U.S.C. § 106,Mandatory Disclosure Summary,08ec1222cb16bb775397c0034ddc46a0,Ai_Samples_Ready/04_Studio_Portraits_Neon__(_60_JPEGs)/BWS_JB_024.jpg,2026-05-06 12:13:37,Pending_AI_Pass,Pending_AI_Pass,Pending_AI_Pass
04_Studio_Portraits_Neon__(_60_JPEGs),BWS_JB_018.jpg,Brett Williams Studios LLC,Brett Williams,100% Chain of Title (Non-Scraped),17 U.S.C. § 106,Mandatory Disclosure Summary,80aa945e5f32eac4c204bc44dd65e2ad,Ai_Samples_Ready/04_Studio_Portraits_Neon__(_60_JPEGs)/BWS_JB_018.jpg,2026-05-06 12:13:37,Pending_AI_Pass,Pending_AI_Pass,Pending_AI_Pass
04_Studio_Portraits_Neon__(_60_JPEGs),BWS_JB_032.jpg,Brett Williams Studios LLC,Brett Williams,100% Chain of Title (Non-Scraped),17 U.S.C. § 106,Mandatory Disclosure Summary,6c2c72400d66188dd2a3382d8feed660,Ai_Samples_Ready/04_Studio_Portraits_Neon__(_60_JPEGs)/BWS_JB_032.jpg,2026-05-06 12:13:37,Pending_AI_Pass,Pending_AI_Pass,Pending_AI_Pass
04_Studio_Portraits_Neon__(_60_JPEGs),BWS_JB_026.jpg,Brett Williams Studios LLC,Brett Williams,100% Chain of Title (Non-Scraped),17 U.S.C. § 106,Mandatory Disclosure Summary,54e90007e7cbba6c0962243741b97a0f,Ai_Samples_Ready/04_Studio_Portraits_Neon__(_60_JPEGs)/BWS_JB_026.jpg,2026-05-06 12:13:37,Pending_AI_Pass,Pending_AI_Pass,Pending_AI_Pass
04_Studio_Portraits_Neon__(_60_JPEGs),BWS_JB_027.jpg,Brett Williams Studios LLC,Brett Williams,100% Chain of Title (Non-Scraped),17 U.S.C. § 106,Mandatory Disclosure Summary,a501e9a14be824572f21b131278dabe9,Ai_Samples_Ready/04_Studio_Portraits_Neon__(_60_JPEGs)/BWS_JB_027.jpg,2026-05-06 12:13:37,Pending_AI_Pass,Pending_AI_Pass,Pending_AI_Pass
04_Studio_Portraits_Neon__(_60_JPEGs),BWS_JB_033.jpg,Brett Williams Studios LLC,Brett Williams,100% Chain of Title (Non-Scraped),17 U.S.C. § 106,Mandatory Disclosure Summary,76e336b5325b2a208fb27837dec0c822,Ai_Samples_Ready/04_Studio_Portraits_Neon__(_60_JPEGs)/BWS_JB_033.jpg,2026-05-06 12:13:37,Pending_AI_Pass,Pending_AI_Pass,Pending_AI_Pass
04_Studio_Portraits_Neon__(_60_JPEGs),BWS_JB_037.jpg,Brett Williams Studios LLC,Brett Williams,100% Chain of Title (Non-Scraped),17 U.S.C. § 106,Mandatory Disclosure Summary,bbeba42b8ed6cda75353f3662c7999a5,Ai_Samples_Ready/04_Studio_Portraits_Neon__(_60_JPEGs)/BWS_JB_037.jpg,2026-05-06 12:13:37,Pending_AI_Pass,Pending_AI_Pass,Pending_AI_Pass
04_Studio_Portraits_Neon__(_60_JPEGs),BWS_JB_023.jpg,Brett Williams Studios LLC,Brett Williams,100% Chain of Title (Non-Scraped),17 U.S.C. § 106,Mandatory Disclosure Summary,4adf4543b6e2af588139a0209ad98047,Ai_Samples_Ready/04_Studio_Portraits_Neon__(_60_JPEGs)/BWS_JB_023.jpg,2026-05-06 12:13:37,Pending_AI_Pass,Pending_AI_Pass,Pending_AI_Pass
04_Studio_Portraits_Neon__(_60_JPEGs),BWS_JB_022.jpg,Brett Williams Studios LLC,Brett Williams,100% Chain of Title (Non-Scraped),17 U.S.C. § 106,Mandatory Disclosure Summary,526255f00ccf798cc8f400503324f655,Ai_Samples_Ready/04_Studio_Portraits_Neon__(_60_JPEGs)/BWS_JB_022.jpg,2026-05-06 12:13:37,Pending_AI_Pass,Pending_AI_Pass,Pending_AI_Pass
04_Studio_Portraits_Neon__(_60_JPEGs),BWS_JB_036.jpg,Brett Williams Studios LLC,Brett Williams,100% Chain of Title (Non-Scraped),17 U.S.C. § 106,Mandatory Disclosure Summary,44d021ec0b341c2cc8c6510f7c08af61,Ai_Samples_Ready/04_Studio_Portraits_Neon__(_60_JPEGs)/BWS_JB_036.jpg,2026-05-06 12:13:37,Pending_AI_Pass,Pending_AI_Pass,Pending_AI_Pass
04_Studio_Portraits_Neon__(_60_JPEGs),BWS_JB_020.jpg,Brett Williams Studios LLC,Brett Williams,100% Chain of Title (Non-Scraped),17 U.S.C. § 106,Mandatory Disclosure Summary,b1082f0828731ead0c39abdec8d73cd7,Ai_Samples_Ready/04_Studio_Portraits_Neon__(_60_JPEGs)/BWS_JB_020.jpg,2026-05-06 12:13:37,Pending_AI_Pass,Pending_AI_Pass,Pending_AI_Pass
04_Studio_Portraits_Neon__(_60_JPEGs),BWS_JB_034.jpg,Brett Williams Studios LLC,Brett Williams,100% Chain of Title (Non-Scraped),17 U.S.C. § 106,Mandatory Disclosure Summary,8e2e3f6b3e10a3364ef9c5dac1694614,Ai_Samples_Ready/04_Studio_Portraits_Neon__(_60_JPEGs)/BWS_JB_034.jpg,2026-05-06 12:13:37,Pending_AI_Pass,Pending_AI_Pass,Pending_AI_Pass
04_Studio_Portraits_Neon__(_60_JPEGs),BWS_JB_008.jpg,Brett Williams Studios LLC,Brett Williams,100% Chain of Title (Non-Scraped),17 U.S.C. § 106,Mandatory Disclosure Summary,5b27470b9c55e2ccc91025ba03b01074,Ai_Samples_Ready/04_Studio_Portraits_Neon__(_60_JPEGs)/BWS_JB_008.jpg,2026-05-06 12:13:37,Pending_AI_Pass,Pending_AI_Pass,Pending_AI_Pass
04_Studio_Portraits_Neon__(_60_JPEGs),BWS_JB_009.jpg,Brett Williams Studios LLC,Brett Williams,100% Chain of Title (Non-Scraped),17 U.S.C. § 106,Mandatory Disclosure Summary,bf6cce813632ba74990e706f4aa6c06a,Ai_Samples_Ready/04_Studio_Portraits_Neon__(_60_JPEGs)/BWS_JB_009.jpg,2026-05-06 12:13:37,Pending_AI_Pass,Pending_AI_Pass,Pending_AI_Pass
04_Studio_Portraits_Neon__(_60_JPEGs),BWS_JB_035.jpg,Brett Williams Studios LLC,Brett Williams,100% Chain of Title (Non-Scraped),17 U.S.C. § 106,Mandatory Disclosure Summary,96a4fbc9ce2e6a9a0a81e9810bd2dd69,Ai_Samples_Ready/04_Studio_Portraits_Neon__(_60_JPEGs)/BWS_JB_035.jpg,2026-05-06 12:13:37,Pending_AI_Pass,Pending_AI_Pass,Pending_AI_Pass
04_Studio_Portraits_Neon__(_60_JPEGs),BWS_JB_021.jpg,Brett Williams Studios LLC,Brett Williams,100% Chain of Title (Non-Scraped),17 U.S.C. § 106,Mandatory Disclosure Summary,f7d35e4a91e8f9d7c3b4cc8bd96e9fe1,Ai_Samples_Ready/04_Studio_Portraits_Neon__(_60_JPEGs)/BWS_JB_021.jpg,2026-05-06 12:13:37,Pending_AI_Pass,Pending_AI_Pass,Pending_AI_Pass
04_Studio_Portraits_Neon__(_60_JPEGs),BWS_JB_046.jpg,Brett Williams Studios LLC,Brett Williams,100% Chain of Title (Non-Scraped),17 U.S.C. § 106,Mandatory Disclosure Summary,8a30641c0cee586bfc29022296999ca1,Ai_Samples_Ready/04_Studio_Portraits_Neon__(_60_JPEGs)/BWS_JB_046.jpg,2026-05-06 12:13:37,Pending_AI_Pass,Pending_AI_Pass,Pending_AI_Pass
04_Studio_Portraits_Neon__(_60_JPEGs),BWS_JB_052.jpg,Brett Williams Studios LLC,Brett Williams,100% Chain of Title (Non-Scraped),17 U.S.C. § 106,Mandatory Disclosure Summary,6052e86cc834bb46f182033088925f1f,Ai_Samples_Ready/04_Studio_Portraits_Neon__(_60_JPEGs)/BWS_JB_052.jpg,2026-05-06 12:13:37,Pending_AI_Pass,Pending_AI_Pass,Pending_AI_Pass
04_Studio_Portraits_Neon__(_60_JPEGs),BWS_JB_053.jpg,Brett Williams Studios LLC,Brett Williams,100% Chain of Title (Non-Scraped),17 U.S.C. § 106,Mandatory Disclosure Summary,8f04bfcb0f3bf35d35c833a62aec8f21,Ai_Samples_Ready/04_Studio_Portraits_Neon__(_60_JPEGs)/BWS_JB_053.jpg,2026-05-06 12:13:37,Pending_AI_Pass,Pending_AI_Pass,Pending_AI_Pass
04_Studio_Portraits_Neon__(_60_JPEGs),BWS_JB_047.jpg,Brett Williams Studios LLC,Brett Williams,100% Chain of Title (Non-Scraped),17 U.S.C. § 106,Mandatory Disclosure Summary,fe4cac8e83836775fee8e4de83245421,Ai_Samples_Ready/04_Studio_Portraits_Neon__(_60_JPEGs)/BWS_JB_047.jpg,2026-05-06 12:13:37,Pending_AI_Pass,Pending_AI_Pass,Pending_AI_Pass
04_Studio_Portraits_Neon__(_60_JPEGs),BWS_JB_051.jpg,Brett Williams Studios LLC,Brett Williams,100% Chain of Title (Non-Scraped),17 U.S.C. § 106,Mandatory Disclosure Summary,cabf8c4801b4b7f6dd5a68c3dcd314ae,Ai_Samples_Ready/04_Studio_Portraits_Neon__(_60_JPEGs)/BWS_JB_051.jpg,2026-05-06 12:13:37,Pending_AI_Pass,Pending_AI_Pass,Pending_AI_Pass
04_Studio_Portraits_Neon__(_60_JPEGs),BWS_JB_045.jpg,Brett Williams Studios LLC,Brett Williams,100% Chain of Title (Non-Scraped),17 U.S.C. § 106,Mandatory Disclosure Summary,e129a34a178f3b8c6e5e8db04e49844b,Ai_Samples_Ready/04_Studio_Portraits_Neon__(_60_JPEGs)/BWS_JB_045.jpg,2026-05-06 12:13:37,Pending_AI_Pass,Pending_AI_Pass,Pending_AI_Pass
04_Studio_Portraits_Neon__(_60_JPEGs),BWS_JB_044.jpg,Brett Williams Studios LLC,Brett Williams,100% Chain of Title (Non-Scraped),17 U.S.C. § 106,Mandatory Disclosure Summary,14b90190001e21f65b20b8380e007b0e,Ai_Samples_Ready/04_Studio_Portraits_Neon__(_60_JPEGs)/BWS_JB_044.jpg,2026-05-06 12:13:37,Pending_AI_Pass,Pending_AI_Pass,Pending_AI_Pass
04_Studio_Portraits_Neon__(_60_JPEGs),BWS_JB_050.jpg,Brett Williams Studios LLC,Brett Williams,100% Chain of Title (Non-Scraped),17 U.S.C. § 106,Mandatory Disclosure Summary,1786e8268ac021a2132303bae8479ad3,Ai_Samples_Ready/04_Studio_Portraits_Neon__(_60_JPEGs)/BWS_JB_050.jpg,2026-05-06 12:13:37,Pending_AI_Pass,Pending_AI_Pass,Pending_AI_Pass
04_Studio_Portraits_Neon__(_60_JPEGs),BWS_JB_054.jpg,Brett Williams Studios LLC,Brett Williams,100% Chain of Title (Non-Scraped),17 U.S.C. § 106,Mandatory Disclosure Summary,cac6428875ee63a9aecf2e2aba31847a,Ai_Samples_Ready/04_Studio_Portraits_Neon__(_60_JPEGs)/BWS_JB_054.jpg,2026-05-06 12:13:37,Pending_AI_Pass,Pending_AI_Pass,Pending_AI_Pass
04_Studio_Portraits_Neon__(_60_JPEGs),BWS_JB_040.jpg,Brett Williams Studios LLC,Brett Williams,100% Chain of Title (Non-Scraped),17 U.S.C. § 106,Mandatory Disclosure Summary,9633c08093bfa39765fc74c9520c76ff,Ai_Samples_Ready/04_Studio_Portraits_Neon__(_60_JPEGs)/BWS_JB_040.jpg,2026-05-06 12:13:37,Pending_AI_Pass,Pending_AI_Pass,Pending_AI_Pass
04_Studio_Portraits_Neon__(_60_JPEGs),BWS_JB_041.jpg,Brett Williams Studios LLC,Brett Williams,100% Chain of Title (Non-Scraped),17 U.S.C. § 106,Mandatory Disclosure Summary,0e6ef47c7a8ef0ebef7ad05a8d19581d,Ai_Samples_Ready/04_Studio_Portraits_Neon__(_60_JPEGs)/BWS_JB_041.jpg,2026-05-06 12:13:37,Pending_AI_Pass,Pending_AI_Pass,Pending_AI_Pass
04_Studio_Portraits_Neon__(_60_JPEGs),BWS_JB_055.jpg,Brett Williams Studios LLC,Brett Williams,100% Chain of Title (Non-Scraped),17 U.S.C. § 106,Mandatory Disclosure Summary,56d0966dfc0d8d10227f1177daa11333,Ai_Samples_Ready/04_Studio_Portraits_Neon__(_60_JPEGs)/BWS_JB_055.jpg,2026-05-06 12:13:37,Pending_AI_Pass,Pending_AI_Pass,Pending_AI_Pass
04_Studio_Portraits_Neon__(_60_JPEGs),BWS_JB_043.jpg,Brett Williams Studios LLC,Brett Williams,100% Chain of Title (Non-Scraped),17 U.S.C. § 106,Mandatory Disclosure Summary,9b14797c431c966ddd7f6134f6343fee,Ai_Samples_Ready/04_Studio_Portraits_Neon__(_60_JPEGs)/BWS_JB_043.jpg,2026-05-06 12:13:37,Pending_AI_Pass,Pending_AI_Pass,Pending_AI_Pass
04_Studio_Portraits_Neon__(_60_JPEGs),BWS_JB_057.jpg,Brett Williams Studios LLC,Brett Williams,100% Chain of Title (Non-Scraped),17 U.S.C. § 106,Mandatory Disclosure Summary,b8af4552c37eaab7970dff51efb2f56a,Ai_Samples_Ready/04_Studio_Portraits_Neon__(_60_JPEGs)/BWS_JB_057.jpg,2026-05-06 12:13:37,Pending_AI_Pass,Pending_AI_Pass,Pending_AI_Pass
04_Studio_Portraits_Neon__(_60_JPEGs),BWS_JB_056.jpg,Brett Williams Studios LLC,Brett Williams,100% Chain of Title (Non-Scraped),17 U.S.C. § 106,Mandatory Disclosure Summary,ee04a97171041c677e7a2dd368cbabd8,Ai_Samples_Ready/04_Studio_Portraits_Neon__(_60_JPEGs)/BWS_JB_056.jpg,2026-05-06 12:13:37,Pending_AI_Pass,Pending_AI_Pass,Pending_AI_Pass
04_Studio_Portraits_Neon__(_60_JPEGs),BWS_JB_042.jpg,Brett Williams Studios LLC,Brett Williams,100% Chain of Title (Non-Scraped),17 U.S.C. § 106,Mandatory Disclosure Summary,2e7ddb6da39c8679312d37561b8b031d,Ai_Samples_Ready/04_Studio_Portraits_Neon__(_60_JPEGs)/BWS_JB_042.jpg,2026-05-06 12:13:37,Pending_AI_Pass,Pending_AI_Pass,Pending_AI_Pass
01_Studio__Fashion_(60_JPEGs),BWS_RLL_202.jpg,Brett Williams Studios LLC,Brett Williams,100% Chain of Title (Non-Scraped),17 U.S.C. § 106,Mandatory Disclosure Summary,80abf9204fe7fd86d24dfc987bf2a102,Ai_Samples_Ready/01_Studio__Fashion_(60_JPEGs)/BWS_RLL_202.jpg,2026-05-06 12:13:37,Pending_AI_Pass,Pending_AI_Pass,Pending_AI_Pass
01_Studio__Fashion_(60_JPEGs),BWS_RLL_216.jpg,Brett Williams Studios LLC,Brett Williams,100% Chain of Title (Non-Scraped),17 U.S.C. § 106,Mandatory Disclosure Summary,808fa11ece86c8407f122485b29698eb,Ai_Samples_Ready/01_Studio__Fashion_(60_JPEGs)/BWS_RLL_216.jpg,2026-05-06 12:13:37,Pending_AI_Pass,Pending_AI_Pass,Pending_AI_Pass
01_Studio__Fashion_(60_JPEGs),BWS_RLL_174.jpg,Brett Williams Studios LLC,Brett Williams,100% Chain of Title (Non-Scraped),17 U.S.C. § 106,Mandatory Disclosure Summary,f73c135bc143996afe6cbf288b8298f7,Ai_Samples_Ready/01_Studio__Fashion_(60_JPEGs)/BWS_RLL_174.jpg,2026-05-06 12:13:37,Pending_AI_Pass,Pending_AI_Pass,Pending_AI_Pass
01_Studio__Fashion_(60_JPEGs),BWS_RLL_161.jpg,Brett Williams Studios LLC,Brett Williams,100% Chain of Title (Non-Scraped),17 U.S.C. § 106,Mandatory Disclosure Summary,1b8f220db599ba23e471148a5867fe51,Ai_Samples_Ready/01_Studio__Fashion_(60_JPEGs)/BWS_RLL_161.jpg,2026-05-06 12:13:37,Pending_AI_Pass,Pending_AI_Pass,Pending_AI_Pass
01_Studio__Fashion_(60_JPEGs),BWS_RLL_175.jpg,Brett Williams Studios LLC,Brett Williams,100% Chain of Title (Non-Scraped),17 U.S.C. § 106,Mandatory Disclosure Summary,8c2c02d1feb05347da38e5b760e150cd,Ai_Samples_Ready/01_Studio__Fashion_(60_JPEGs)/BWS_RLL_175.jpg,2026-05-06 12:13:37,Pending_AI_Pass,Pending_AI_Pass,Pending_AI_Pass
01_Studio__Fashion_(60_JPEGs),BWS_RLL_217.jpg,Brett Williams Studios LLC,Brett Williams,100% Chain of Title (Non-Scraped),17 U.S.C. § 106,Mandatory Disclosure Summary,2e8c67dd2dfe2c4828cff4467ebf39f5,Ai_Samples_Ready/01_Studio__Fashion_(60_JPEGs)/BWS_RLL_217.jpg,2026-05-06 12:13:37,Pending_AI_Pass,Pending_AI_Pass,Pending_AI_Pass
01_Studio__Fashion_(60_JPEGs),BWS_RLL_203.jpg,Brett Williams Studios LLC,Brett Williams,100% Chain of Title (Non-Scraped),17 U.S.C. § 106,Mandatory Disclosure Summary,91aec7d31ee9a2ac30e8379250a5262c,Ai_Samples_Ready/01_Studio__Fashion_(60_JPEGs)/BWS_RLL_203.jpg,2026-05-06 12:13:37,Pending_AI_Pass,Pending_AI_Pass,Pending_AI_Pass
01_Studio__Fashion_(60_JPEGs),BWS_RLL_215.jpg,Brett Williams Studios LLC,Brett Williams,100% Chain of Title (Non-Scraped),17 U.S.C. § 106,Mandatory Disclosure Summary,fb7a3057812fba5a2298a44b34870e77,Ai_Samples_Ready/01_Studio__Fashion_(60_JPEGs)/BWS_RLL_215.jpg,2026-05-06 12:13:37,Pending_AI_Pass,Pending_AI_Pass,Pending_AI_Pass
01_Studio__Fashion_(60_JPEGs),BWS_RLL_201.jpg,Brett Williams Studios LLC,Brett Williams,100% Chain of Title (Non-Scraped),17 U.S.C. § 106,Mandatory Disclosure Summary,aae9aad9f3946b2730454af02078ccc2,Ai_Samples_Ready/01_Studio__Fashion_(60_JPEGs)/BWS_RLL_201.jpg,2026-05-06 12:13:37,Pending_AI_Pass,Pending_AI_Pass,Pending_AI_Pass
01_Studio__Fashion_(60_JPEGs),BWS_RLL_163.jpg,Brett Williams Studios LLC,Brett Williams,100% Chain of Title (Non-Scraped),17 U.S.C. § 106,Mandatory Disclosure Summary,d449b825d1c1533ec83c28b07fae2693,Ai_Samples_Ready/01_Studio__Fashion_(60_JPEGs)/BWS_RLL_163.jpg,2026-05-06 12:13:37,Pending_AI_Pass,Pending_AI_Pass,Pending_AI_Pass
01_Studio__Fashion_(60_JPEGs),BWS_RLL_177.jpg,Brett Williams Studios LLC,Brett Williams,100% Chain of Title (Non-Scraped),17 U.S.C. § 106,Mandatory Disclosure Summary,fcef46aab1684512cb9d7d0da0a81c9e,Ai_Samples_Ready/01_Studio__Fashion_(60_JPEGs)/BWS_RLL_177.jpg,2026-05-06 12:13:37,Pending_AI_Pass,Pending_AI_Pass,Pending_AI_Pass
01_Studio__Fashion_(60_JPEGs),BWS_RLL_188.jpg,Brett Williams Studios LLC,Brett Williams,100% Chain of Title (Non-Scraped),17 U.S.C. § 106,Mandatory Disclosure Summary,c126001c96bf67b58fa82733ca30534d,Ai_Samples_Ready/01_Studio__Fashion_(60_JPEGs)/BWS_RLL_188.jpg,2026-05-06 12:13:37,Pending_AI_Pass,Pending_AI_Pass,Pending_AI_Pass
01_Studio__Fashion_(60_JPEGs),BWS_RLL_189.jpg,Brett Williams Studios LLC,Brett Williams,100% Chain of Title (Non-Scraped),17 U.S.C. § 106,Mandatory Disclosure Summary,6c5589076745de982be27917de5006e4,Ai_Samples_Ready/01_Studio__Fashion_(60_JPEGs)/BWS_RLL_189.jpg,2026-05-06 12:13:37,Pending_AI_Pass,Pending_AI_Pass,Pending_AI_Pass
01_Studio__Fashion_(60_JPEGs),BWS_RLL_176.jpg,Brett Williams Studios LLC,Brett Williams,100% Chain of Title (Non-Scraped),17 U.S.C. § 106,Mandatory Disclosure Summary,226306d50595643412fbc3cc7a2d6f07,Ai_Samples_Ready/01_Studio__Fashion_(60_JPEGs)/BWS_RLL_176.jpg,2026-05-06 12:13:37,Pending_AI_Pass,Pending_AI_Pass,Pending_AI_Pass
01_Studio__Fashion_(60_JPEGs),BWS_RLL_162.jpg,Brett Williams Studios LLC,Brett Williams,100% Chain of Title (Non-Scraped),17 U.S.C. § 106,Mandatory Disclosure Summary,9517675492027a9f9712be7f4d7bcfed,Ai_Samples_Ready/01_Studio__Fashion_(60_JPEGs)/BWS_RLL_162.jpg,2026-05-06 12:13:37,Pending_AI_Pass,Pending_AI_Pass,Pending_AI_Pass
01_Studio__Fashion_(60_JPEGs),BWS_RLL_200.jpg,Brett Williams Studios LLC,Brett Williams,100% Chain of Title (Non-Scraped),17 U.S.C. § 106,Mandatory Disclosure Summary,1a4b7c38096ccd794991776dcf1d8914,Ai_Samples_Ready/01_Studio__Fashion_(60_JPEGs)/BWS_RLL_200.jpg,2026-05-06 12:13:37,Pending_AI_Pass,Pending_AI_Pass,Pending_AI_Pass
01_Studio__Fashion_(60_JPEGs),BWS_RLL_214.jpg,Brett Williams Studios LLC,Brett Williams,100% Chain of Title (Non-Scraped),17 U.S.C. § 106,Mandatory Disclosure Summary,15b85c9ad82b82a9b30bc4d76e46b051,Ai_Samples_Ready/01_Studio__Fashion_(60_JPEGs)/BWS_RLL_214.jpg,2026-05-06 12:13:37,Pending_AI_Pass,Pending_AI_Pass,Pending_AI_Pass
01_Studio__Fashion_(60_JPEGs),BWS_RLL_210.jpg,Brett Williams Studios LLC,Brett Williams,100% Chain of Title (Non-Scraped),17 U.S.C. § 106,Mandatory Disclosure Summary,7809fc5c0c1f3c328b171612f7b9ab1f,Ai_Samples_Ready/01_Studio__Fashion_(60_JPEGs)/BWS_RLL_210.jpg,2026-05-06 12:13:37,Pending_AI_Pass,Pending_AI_Pass,Pending_AI_Pass
01_Studio__Fashion_(60_JPEGs),BWS_RLL_204.jpg,Brett Williams Studios LLC,Brett Williams,100% Chain of Title (Non-Scraped),17 U.S.C. § 106,Mandatory Disclosure Summary,c1dbd7f565d87d6c35c891473607296d,Ai_Samples_Ready/01_Studio__Fashion_(60_JPEGs)/BWS_RLL_204.jpg,2026-05-06 12:13:37,Pending_AI_Pass,Pending_AI_Pass,Pending_AI_Pass
01_Studio__Fashion_(60_JPEGs),BWS_RLL_166.jpg,Brett Williams Studios LLC,Brett Williams,100% Chain of Title (Non-Scraped),17 U.S.C. § 106,Mandatory Disclosure Summary,ec5e2135d26fd090ae2f0bcf21e9ea62,Ai_Samples_Ready/01_Studio__Fashion_(60_JPEGs)/BWS_RLL_166.jpg,2026-05-06 12:13:37,Pending_AI_Pass,Pending_AI_Pass,Pending_AI_Pass
01_Studio__Fashion_(60_JPEGs),BWS_RLL_172.jpg,Brett Williams Studios LLC,Brett Williams,100% Chain of Title (Non-Scraped),17 U.S.C. § 106,Mandatory Disclosure Summary,8c0387fa35bb0951d84de2a07e3fb076,Ai_Samples_Ready/01_Studio__Fashion_(60_JPEGs)/BWS_RLL_172.jpg,2026-05-06 12:13:37,Pending_AI_Pass,Pending_AI_Pass,Pending_AI_Pass
01_Studio__Fashion_(60_JPEGs),BWS_RLL_199.jpg,Brett Williams Studios LLC,Brett Williams,100% Chain of Title (Non-Scraped),17 U.S.C. § 106,Mandatory Disclosure Summary,ddb8995a333e80abd20fc6618e9e1e5b,Ai_Samples_Ready/01_Studio__Fashion_(60_JPEGs)/BWS_RLL_199.jpg,2026-05-06 12:13:37,Pending_AI_Pass,Pending_AI_Pass,Pending_AI_Pass
01_Studio__Fashion_(60_JPEGs),BWS_RLL_198.jpg,Brett Williams Studios LLC,Brett Williams,100% Chain of Title (Non-Scraped),17 U.S.C. § 106,Mandatory Disclosure Summary,dbb20023415c62ba93b8a1153c62122e,Ai_Samples_Ready/01_Studio__Fashion_(60_JPEGs)/BWS_RLL_198.jpg,2026-05-06 12:13:37,Pending_AI_Pass,Pending_AI_Pass,Pending_AI_Pass
01_Studio__Fashion_(60_JPEGs),BWS_RLL_173.jpg,Brett Williams Studios LLC,Brett Williams,100% Chain of Title (Non-Scraped),17 U.S.C. § 106,Mandatory Disclosure Summary,c7503218055c6121d3871efe32160da3,Ai_Samples_Ready/01_Studio__Fashion_(60_JPEGs)/BWS_RLL_173.jpg,2026-05-06 12:13:37,Pending_AI_Pass,Pending_AI_Pass,Pending_AI_Pass
01_Studio__Fashion_(60_JPEGs),BWS_RLL_167.jpg,Brett Williams Studios LLC,Brett Williams,100% Chain of Title (Non-Scraped),17 U.S.C. § 106,Mandatory Disclosure Summary,dc5255a6e03b1a7d04725fdbcdad2fef,Ai_Samples_Ready/01_Studio__Fashion_(60_JPEGs)/BWS_RLL_167.jpg,2026-05-06 12:13:37,Pending_AI_Pass,Pending_AI_Pass,Pending_AI_Pass
01_Studio__Fashion_(60_JPEGs),BWS_RLL_205.jpg,Brett Williams Studios LLC,Brett Williams,100% Chain of Title (Non-Scraped),17 U.S.C. § 106,Mandatory Disclosure Summary,be4a915e929f2e367b52d47861e94a23,Ai_Samples_Ready/01_Studio__Fashion_(60_JPEGs)/BWS_RLL_205.jpg,2026-05-06 12:13:37,Pending_AI_Pass,Pending_AI_Pass,Pending_AI_Pass
01_Studio__Fashion_(60_JPEGs),BWS_RLL_211.jpg,Brett Williams Studios LLC,Brett Williams,100% Chain of Title (Non-Scraped),17 U.S.C. § 106,Mandatory Disclosure Summary,e6fc92b1adf42661c3cc71090ba6b002,Ai_Samples_Ready/01_Studio__Fashion_(60_JPEGs)/BWS_RLL_211.jpg,2026-05-06 12:13:37,Pending_AI_Pass,Pending_AI_Pass,Pending_AI_Pass
01_Studio__Fashion_(60_JPEGs),BWS_RLL_207.jpg,Brett Williams Studios LLC,Brett Williams,100% Chain of Title (Non-Scraped),17 U.S.C. § 106,Mandatory Disclosure Summary,d154c59e2431e5ab2fab1c15bd1212bd,Ai_Samples_Ready/01_Studio__Fashion_(60_JPEGs)/BWS_RLL_207.jpg,2026-05-06 12:13:37,Pending_AI_Pass,Pending_AI_Pass,Pending_AI_Pass
01_Studio__Fashion_(60_JPEGs),BWS_RLL_213.jpg,Brett Williams Studios LLC,Brett Williams,100% Chain of Title (Non-Scraped),17 U.S.C. § 106,Mandatory Disclosure Summary,77216fa47e0fe52807154ed6acac9bc3,Ai_Samples_Ready/01_Studio__Fashion_(60_JPEGs)/BWS_RLL_213.jpg,2026-05-06 12:13:37,Pending_AI_Pass,Pending_AI_Pass,Pending_AI_Pass
01_Studio__Fashion_(60_JPEGs),BWS_RLL_171.jpg,Brett Williams Studios LLC,Brett Williams,100% Chain of Title (Non-Scraped),17 U.S.C. § 106,Mandatory Disclosure Summary,3614123005ad46c723c076d081bd2243,Ai_Samples_Ready/01_Studio__Fashion_(60_JPEGs)/BWS_RLL_171.jpg,2026-05-06 12:13:37,Pending_AI_Pass,Pending_AI_Pass,Pending_AI_Pass
01_Studio__Fashion_(60_JPEGs),BWS_RLL_165.jpg,Brett Williams Studios LLC,Brett Williams,100% Chain of Title (Non-Scraped),17 U.S.C. § 106,Mandatory Disclosure Summary,39139a2b65b303993e6717a33bd80e27,Ai_Samples_Ready/01_Studio__Fashion_(60_JPEGs)/BWS_RLL_165.jpg,2026-05-06 12:13:37,Pending_AI_Pass,Pending_AI_Pass,Pending_AI_Pass
01_Studio__Fashion_(60_JPEGs),BWS_RLL_164.jpg,Brett Williams Studios LLC,Brett Williams,100% Chain of Title (Non-Scraped),17 U.S.C. § 106,Mandatory Disclosure Summary,35c72be8da02315c9f7841a26c93b007,Ai_Samples_Ready/01_Studio__Fashion_(60_JPEGs)/BWS_RLL_164.jpg,2026-05-06 12:13:37,Pending_AI_Pass,Pending_AI_Pass,Pending_AI_Pass
01_Studio__Fashion_(60_JPEGs),BWS_RLL_170.jpg,Brett Williams Studios LLC,Brett Williams,100% Chain of Title (Non-Scraped),17 U.S.C. § 106,Mandatory Disclosure Summary,148a10db8f43363ab2ed3611b2aadde8,Ai_Samples_Ready/01_Studio__Fashion_(60_JPEGs)/BWS_RLL_170.jpg,2026-05-06 12:13:37,Pending_AI_Pass,Pending_AI_Pass,Pending_AI_Pass
01_Studio__Fashion_(60_JPEGs),BWS_RLL_212.jpg,Brett Williams Studios LLC,Brett Williams,100% Chain of Title (Non-Scraped),17 U.S.C. § 106,Mandatory Disclosure Summary,b68ca0c9935888f29365daf04eec8aac,Ai_Samples_Ready/01_Studio__Fashion_(60_JPEGs)/BWS_RLL_212.jpg,2026-05-06 12:13:37,Pending_AI_Pass,Pending_AI_Pass,Pending_AI_Pass
01_Studio__Fashion_(60_JPEGs),BWS_RLL_206.jpg,Brett Williams Studios LLC,Brett Williams,100% Chain of Title (Non-Scraped),17 U.S.C. § 106,Mandatory Disclosure Summary,4f8a8846c4fad69a5f679422ea66637b,Ai_Samples_Ready/01_Studio__Fashion_(60_JPEGs)/BWS_RLL_206.jpg,2026-05-06 12:13:37,Pending_AI_Pass,Pending_AI_Pass,Pending_AI_Pass
01_Studio__Fashion_(60_JPEGs),BWS_RLL_169.jpg,Brett Williams Studios LLC,Brett Williams,100% Chain of Title (Non-Scraped),17 U.S.C. § 106,Mandatory Disclosure Summary,45fa94f59baddb3914e3ac3ead6444f2,Ai_Samples_Ready/01_Studio__Fashion_(60_JPEGs)/BWS_RLL_169.jpg,2026-05-06 12:13:37,Pending_AI_Pass,Pending_AI_Pass,Pending_AI_Pass
01_Studio__Fashion_(60_JPEGs),BWS_RLL_196.jpg,Brett Williams Studios LLC,Brett Williams,100% Chain of Title (Non-Scraped),17 U.S.C. § 106,Mandatory Disclosure Summary,95efa8614ff1fe590563b0fbca385655,Ai_Samples_Ready/01_Studio__Fashion_(60_JPEGs)/BWS_RLL_196.jpg,2026-05-06 12:13:37,Pending_AI_Pass,Pending_AI_Pass,Pending_AI_Pass
01_Studio__Fashion_(60_JPEGs),BWS_RLL_182.jpg,Brett Williams Studios LLC,Brett Williams,100% Chain of Title (Non-Scraped),17 U.S.C. § 106,Mandatory Disclosure Summary,05600435a35e724bcb1592e4a27bd10b,Ai_Samples_Ready/01_Studio__Fashion_(60_JPEGs)/BWS_RLL_182.jpg,2026-05-06 12:13:37,Pending_AI_Pass,Pending_AI_Pass,Pending_AI_Pass
01_Studio__Fashion_(60_JPEGs),BWS_RLL_183.jpg,Brett Williams Studios LLC,Brett Williams,100% Chain of Title (Non-Scraped),17 U.S.C. § 106,Mandatory Disclosure Summary,739528a8d4a0ec6757e2eea66e04b7dd,Ai_Samples_Ready/01_Studio__Fashion_(60_JPEGs)/BWS_RLL_183.jpg,2026-05-06 12:13:37,Pending_AI_Pass,Pending_AI_Pass,Pending_AI_Pass
01_Studio__Fashion_(60_JPEGs),BWS_RLL_197.jpg,Brett Williams Studios LLC,Brett Williams,100% Chain of Title (Non-Scraped),17 U.S.C. § 106,Mandatory Disclosure Summary,aa90fa9e531ca3ddd011040466f771d4,Ai_Samples_Ready/01_Studio__Fashion_(60_JPEGs)/BWS_RLL_197.jpg,2026-05-06 12:13:37,Pending_AI_Pass,Pending_AI_Pass,Pending_AI_Pass
01_Studio__Fashion_(60_JPEGs),BWS_RLL_168.jpg,Brett Williams Studios LLC,Brett Williams,100% Chain of Title (Non-Scraped),17 U.S.C. § 106,Mandatory Disclosure Summary,be2c8fd9f4335c6de179dfbde3f6e6ab,Ai_Samples_Ready/01_Studio__Fashion_(60_JPEGs)/BWS_RLL_168.jpg,2026-05-06 12:13:37,Pending_AI_Pass,Pending_AI_Pass,Pending_AI_Pass
01_Studio__Fashion_(60_JPEGs),BWS_RLL_208.jpg,Brett Williams Studios LLC,Brett Williams,100% Chain of Title (Non-Scraped),17 U.S.C. § 106,Mandatory Disclosure Summary,68d5be3dc08f82f3f5dfdd191f78a15e,Ai_Samples_Ready/01_Studio__Fashion_(60_JPEGs)/BWS_RLL_208.jpg,2026-05-06 12:13:37,Pending_AI_Pass,Pending_AI_Pass,Pending_AI_Pass
01_Studio__Fashion_(60_JPEGs),BWS_RLL_220.jpg,Brett Williams Studios LLC,Brett Williams,100% Chain of Title (Non-Scraped),17 U.S.C. § 106,Mandatory Disclosure Summary,eeafb0632b69f8a6e3750fb19fee72f2,Ai_Samples_Ready/01_Studio__Fashion_(60_JPEGs)/BWS_RLL_220.jpg,2026-05-06 12:13:37,Pending_AI_Pass,Pending_AI_Pass,Pending_AI_Pass
01_Studio__Fashion_(60_JPEGs),BWS_RLL_181.jpg,Brett Williams Studios LLC,Brett Williams,100% Chain of Title (Non-Scraped),17 U.S.C. § 106,Mandatory Disclosure Summary,d490e580ad1c061060cfecdefc828d7e,Ai_Samples_Ready/01_Studio__Fashion_(60_JPEGs)/BWS_RLL_181.jpg,2026-05-06 12:13:37,Pending_AI_Pass,Pending_AI_Pass,Pending_AI_Pass
01_Studio__Fashion_(60_JPEGs),BWS_RLL_195.jpg,Brett Williams Studios LLC,Brett Williams,100% Chain of Title (Non-Scraped),17 U.S.C. § 106,Mandatory Disclosure Summary,3a064118d67408b700af3bbcc5b9883b,Ai_Samples_Ready/01_Studio__Fashion_(60_JPEGs)/BWS_RLL_195.jpg,2026-05-06 12:13:37,Pending_AI_Pass,Pending_AI_Pass,Pending_AI_Pass
01_Studio__Fashion_(60_JPEGs),BWS_RLL_194.jpg,Brett Williams Studios LLC,Brett Williams,100% Chain of Title (Non-Scraped),17 U.S.C. § 106,Mandatory Disclosure Summary,3e80b4dec357d35ab63af340ec496456,Ai_Samples_Ready/01_Studio__Fashion_(60_JPEGs)/BWS_RLL_194.jpg,2026-05-06 12:13:37,Pending_AI_Pass,Pending_AI_Pass,Pending_AI_Pass
01_Studio__Fashion_(60_JPEGs),BWS_RLL_180.jpg,Brett Williams Studios LLC,Brett Williams,100% Chain of Title (Non-Scraped),17 U.S.C. § 106,Mandatory Disclosure Summary,c707db7ff5d611e0e7d42451ada00109,Ai_Samples_Ready/01_Studio__Fashion_(60_JPEGs)/BWS_RLL_180.jpg,2026-05-06 12:13:37,Pending_AI_Pass,Pending_AI_Pass,Pending_AI_Pass
01_Studio__Fashion_(60_JPEGs),BWS_RLL_209.jpg,Brett Williams Studios LLC,Brett Williams,100% Chain of Title (Non-Scraped),17 U.S.C. § 106,Mandatory Disclosure Summary,75d9186fb0e9ace78f8bc192c1e62a8c,Ai_Samples_Ready/01_Studio__Fashion_(60_JPEGs)/BWS_RLL_209.jpg,2026-05-06 12:13:37,Pending_AI_Pass,Pending_AI_Pass,Pending_AI_Pass
01_Studio__Fashion_(60_JPEGs),BWS_RLL_219.jpg,Brett Williams Studios LLC,Brett Williams,100% Chain of Title (Non-Scraped),17 U.S.C. § 106,Mandatory Disclosure Summary,1d4eced4c2636ea791c0ea174d23bc95,Ai_Samples_Ready/01_Studio__Fashion_(60_JPEGs)/BWS_RLL_219.jpg,2026-05-06 12:13:37,Pending_AI_Pass,Pending_AI_Pass,Pending_AI_Pass
01_Studio__Fashion_(60_JPEGs),BWS_RLL_184.jpg,Brett Williams Studios LLC,Brett Williams,100% Chain of Title (Non-Scraped),17 U.S.C. § 106,Mandatory Disclosure Summary,06cc8182b13f1258e70e00b51f078bfa,Ai_Samples_Ready/01_Studio__Fashion_(60_JPEGs)/BWS_RLL_184.jpg,2026-05-06 12:13:37,Pending_AI_Pass,Pending_AI_Pass,Pending_AI_Pass
01_Studio__Fashion_(60_JPEGs),BWS_RLL_190.jpg,Brett Williams Studios LLC,Brett Williams,100% Chain of Title (Non-Scraped),17 U.S.C. § 106,Mandatory Disclosure Summary,2054e9f30f224aeddc3faa9094ac02d7,Ai_Samples_Ready/01_Studio__Fashion_(60_JPEGs)/BWS_RLL_190.jpg,2026-05-06 12:13:37,Pending_AI_Pass,Pending_AI_Pass,Pending_AI_Pass
01_Studio__Fashion_(60_JPEGs),BWS_RLL_191.jpg,Brett Williams Studios LLC,Brett Williams,100% Chain of Title (Non-Scraped),17 U.S.C. § 106,Mandatory Disclosure Summary,36fe6a8fa64de09b668d0be0846a0420,Ai_Samples_Ready/01_Studio__Fashion_(60_JPEGs)/BWS_RLL_191.jpg,2026-05-06 12:13:37,Pending_AI_Pass,Pending_AI_Pass,Pending_AI_Pass
01_Studio__Fashion_(60_JPEGs),BWS_RLL_185.jpg,Brett Williams Studios LLC,Brett Williams,100% Chain of Title (Non-Scraped),17 U.S.C. § 106,Mandatory Disclosure Summary,cac8293c5815a59b48e23c4adafbd0b5,Ai_Samples_Ready/01_Studio__Fashion_(60_JPEGs)/BWS_RLL_185.jpg,2026-05-06 12:13:37,Pending_AI_Pass,Pending_AI_Pass,Pending_AI_Pass
01_Studio__Fashion_(60_JPEGs),BWS_RLL_218.jpg,Brett Williams Studios LLC,Brett Williams,100% Chain of Title (Non-Scraped),17 U.S.C. § 106,Mandatory Disclosure Summary,0bf2b9cc3cbbd186b0392113dedaab82,Ai_Samples_Ready/01_Studio__Fashion_(60_JPEGs)/BWS_RLL_218.jpg,2026-05-06 12:13:37,Pending_AI_Pass,Pending_AI_Pass,Pending_AI_Pass
01_Studio__Fashion_(60_JPEGs),BWS_RLL_178.jpg,Brett Williams Studios LLC,Brett Williams,100% Chain of Title (Non-Scraped),17 U.S.C. § 106,Mandatory Disclosure Summary,495440248d08e6e15d408d48b4be2696,Ai_Samples_Ready/01_Studio__Fashion_(60_JPEGs)/BWS_RLL_178.jpg,2026-05-06 12:13:37,Pending_AI_Pass,Pending_AI_Pass,Pending_AI_Pass
01_Studio__Fashion_(60_JPEGs),BWS_RLL_193.jpg,Brett Williams Studios LLC,Brett Williams,100% Chain of Title (Non-Scraped),17 U.S.C. § 106,Mandatory Disclosure Summary,cb9b63e06de02b906525fa8802e34b49,Ai_Samples_Ready/01_Studio__Fashion_(60_JPEGs)/BWS_RLL_193.jpg,2026-05-06 12:13:37,Pending_AI_Pass,Pending_AI_Pass,Pending_AI_Pass
01_Studio__Fashion_(60_JPEGs),BWS_RLL_187.jpg,Brett Williams Studios LLC,Brett Williams,100% Chain of Title (Non-Scraped),17 U.S.C. § 106,Mandatory Disclosure Summary,595a0867707e5bec2ed0d3b9fe56add5,Ai_Samples_Ready/01_Studio__Fashion_(60_JPEGs)/BWS_RLL_187.jpg,2026-05-06 12:13:37,Pending_AI_Pass,Pending_AI_Pass,Pending_AI_Pass
01_Studio__Fashion_(60_JPEGs),BWS_RLL_186.jpg,Brett Williams Studios LLC,Brett Williams,100% Chain of Title (Non-Scraped),17 U.S.C. § 106,Mandatory Disclosure Summary,29f9766181226cdc2ba313618e808937,Ai_Samples_Ready/01_Studio__Fashion_(60_JPEGs)/BWS_RLL_186.jpg,2026-05-06 12:13:37,Pending_AI_Pass,Pending_AI_Pass,Pending_AI_Pass
01_Studio__Fashion_(60_JPEGs),BWS_RLL_192.jpg,Brett Williams Studios LLC,Brett Williams,100% Chain of Title (Non-Scraped),17 U.S.C. § 106,Mandatory Disclosure Summary,8252f86fb3d52ef12d63ac056737e64c,Ai_Samples_Ready/01_Studio__Fashion_(60_JPEGs)/BWS_RLL_192.jpg,2026-05-06 12:13:37,Pending_AI_Pass,Pending_AI_Pass,Pending_AI_Pass
01_Studio__Fashion_(60_JPEGs),BWS_RLL_179.jpg,Brett Williams Studios LLC,Brett Williams,100% Chain of Title (Non-Scraped),17 U.S.C. § 106,Mandatory Disclosure Summary,fdd5e1b5f2e8a3b077ea6435ea53d54a,Ai_Samples_Ready/01_Studio__Fashion_(60_JPEGs)/BWS_RLL_179.jpg,2026-05-06 12:13:37,Pending_AI_Pass,Pending_AI_Pass,Pending_AI_Pass
15_Jewelry_(20_JPEGS),0294_JR_11.jpg,Brett Williams Studios LLC,Brett Williams,100% Chain of Title (Non-Scraped),17 U.S.C. § 106,Mandatory Disclosure Summary,6063e64d4473f109970f25672216b601,Ai_Samples_Ready/15_Jewelry_(20_JPEGS)/0294_JR_11.jpg,2026-05-06 12:13:37,Pending_AI_Pass,Pending_AI_Pass,Pending_AI_Pass
15_Jewelry_(20_JPEGS),0320_JR_33.jpg,Brett Williams Studios LLC,Brett Williams,100% Chain of Title (Non-Scraped),17 U.S.C. § 106,Mandatory Disclosure Summary,c3df7fc785d366726e3341e26b979d4c,Ai_Samples_Ready/15_Jewelry_(20_JPEGS)/0320_JR_33.jpg,2026-05-06 12:13:37,Pending_AI_Pass,Pending_AI_Pass,Pending_AI_Pass
15_Jewelry_(20_JPEGS),0294_JR_15.jpg,Brett Williams Studios LLC,Brett Williams,100% Chain of Title (Non-Scraped),17 U.S.C. § 106,Mandatory Disclosure Summary,91ced83355180659394021d477d11295,Ai_Samples_Ready/15_Jewelry_(20_JPEGS)/0294_JR_15.jpg,2026-05-06 12:13:37,Pending_AI_Pass,Pending_AI_Pass,Pending_AI_Pass
15_Jewelry_(20_JPEGS),0125_JR_69.jpg,Brett Williams Studios LLC,Brett Williams,100% Chain of Title (Non-Scraped),17 U.S.C. § 106,Mandatory Disclosure Summary,9963426b06703cf0c50c2f72b79a28ec,Ai_Samples_Ready/15_Jewelry_(20_JPEGS)/0125_JR_69.jpg,2026-05-06 12:13:37,Pending_AI_Pass,Pending_AI_Pass,Pending_AI_Pass
15_Jewelry_(20_JPEGS),0094_JR_50.jpg,Brett Williams Studios LLC,Brett Williams,100% Chain of Title (Non-Scraped),17 U.S.C. § 106,Mandatory Disclosure Summary,38e8ea3ee629290450506bc79e78bd5e,Ai_Samples_Ready/15_Jewelry_(20_JPEGS)/0094_JR_50.jpg,2026-05-06 12:13:37,Pending_AI_Pass,Pending_AI_Pass,Pending_AI_Pass
15_Jewelry_(20_JPEGS),0114_JR_39.jpg,Brett Williams Studios LLC,Brett Williams,100% Chain of Title (Non-Scraped),17 U.S.C. § 106,Mandatory Disclosure Summary,a4d9f3cec20f7cd3fd98a86c85d9ac01,Ai_Samples_Ready/15_Jewelry_(20_JPEGS)/0114_JR_39.jpg,2026-05-06 12:13:37,Pending_AI_Pass,Pending_AI_Pass,Pending_AI_Pass
15_Jewelry_(20_JPEGS),0146_JR_96.jpg,Brett Williams Studios LLC,Brett Williams,100% Chain of Title (Non-Scraped),17 U.S.C. § 106,Mandatory Disclosure Summary,b0fdfc706d9c6ac918584e7510e5ad5c,Ai_Samples_Ready/15_Jewelry_(20_JPEGS)/0146_JR_96.jpg,2026-05-06 12:13:37,Pending_AI_Pass,Pending_AI_Pass,Pending_AI_Pass
15_Jewelry_(20_JPEGS),0094_JR_46.jpg,Brett Williams Studios LLC,Brett Williams,100% Chain of Title (Non-Scraped),17 U.S.C. § 106,Mandatory Disclosure Summary,c9a45d42329c7c39846a31dcd7c5b437,Ai_Samples_Ready/15_Jewelry_(20_JPEGS)/0094_JR_46.jpg,2026-05-06 12:13:37,Pending_AI_Pass,Pending_AI_Pass,Pending_AI_Pass
15_Jewelry_(20_JPEGS),0155_JR_08.jpg,Brett Williams Studios LLC,Brett Williams,100% Chain of Title (Non-Scraped),17 U.S.C. § 106,Mandatory Disclosure Summary,fe92ca9ac09a3a176eb3c295313938a0,Ai_Samples_Ready/15_Jewelry_(20_JPEGS)/0155_JR_08.jpg,2026-05-06 12:13:37,Pending_AI_Pass,Pending_AI_Pass,Pending_AI_Pass
15_Jewelry_(20_JPEGS),0296_JR_20.jpg,Brett Williams Studios LLC,Brett Williams,100% Chain of Title (Non-Scraped),17 U.S.C. § 106,Mandatory Disclosure Summary,c0bd44c497682af918ca99a89437758f,Ai_Samples_Ready/15_Jewelry_(20_JPEGS)/0296_JR_20.jpg,2026-05-06 12:13:37,Pending_AI_Pass,Pending_AI_Pass,Pending_AI_Pass
15_Jewelry_(20_JPEGS),0320_JR_40.jpg,Brett Williams Studios LLC,Brett Williams,100% Chain of Title (Non-Scraped),17 U.S.C. § 106,Mandatory Disclosure Summary,6054dc893ae73f806e26c9383897890d,Ai_Samples_Ready/15_Jewelry_(20_JPEGS)/0320_JR_40.jpg,2026-05-06 12:13:37,Pending_AI_Pass,Pending_AI_Pass,Pending_AI_Pass
15_Jewelry_(20_JPEGS),0116_JR_54.jpg,Brett Williams Studios LLC,Brett Williams,100% Chain of Title (Non-Scraped),17 U.S.C. § 106,Mandatory Disclosure Summary,f258bcaec8ce293e91a1e6964ed2f67d,Ai_Samples_Ready/15_Jewelry_(20_JPEGS)/0116_JR_54.jpg,2026-05-06 12:13:37,Pending_AI_Pass,Pending_AI_Pass,Pending_AI_Pass
15_Jewelry_(20_JPEGS),0139_JR_89.jpg,Brett Williams Studios LLC,Brett Williams,100% Chain of Title (Non-Scraped),17 U.S.C. § 106,Mandatory Disclosure Summary,3e04da8bd650144c8ee5da3b9023c8f3,Ai_Samples_Ready/15_Jewelry_(20_JPEGS)/0139_JR_89.jpg,2026-05-06 12:13:37,Pending_AI_Pass,Pending_AI_Pass,Pending_AI_Pass
15_Jewelry_(20_JPEGS),0296_JR_23.jpg,Brett Williams Studios LLC,Brett Williams,100% Chain of Title (Non-Scraped),17 U.S.C. § 106,Mandatory Disclosure Summary,099194bf22bef1e144ca901a3a682238,Ai_Samples_Ready/15_Jewelry_(20_JPEGS)/0296_JR_23.jpg,2026-05-06 12:13:37,Pending_AI_Pass,Pending_AI_Pass,Pending_AI_Pass
15_Jewelry_(20_JPEGS),0139_JR_87.jpg,Brett Williams Studios LLC,Brett Williams,100% Chain of Title (Non-Scraped),17 U.S.C. § 106,Mandatory Disclosure Summary,3d065e57302c02a8eba8c604eca51d9a,Ai_Samples_Ready/15_Jewelry_(20_JPEGS)/0139_JR_87.jpg,2026-05-06 12:13:37,Pending_AI_Pass,Pending_AI_Pass,Pending_AI_Pass
15_Jewelry_(20_JPEGS),0132_JR_82.jpg,Brett Williams Studios LLC,Brett Williams,100% Chain of Title (Non-Scraped),17 U.S.C. § 106,Mandatory Disclosure Summary,070558820a0ed4b4b1644060d94e3e1b,Ai_Samples_Ready/15_Jewelry_(20_JPEGS)/0132_JR_82.jpg,2026-05-06 12:13:37,Pending_AI_Pass,Pending_AI_Pass,Pending_AI_Pass
15_Jewelry_(20_JPEGS),0116_JR_58.jpg,Brett Williams Studios LLC,Brett Williams,100% Chain of Title (Non-Scraped),17 U.S.C. § 106,Mandatory Disclosure Summary,4254a2a52f6bed528cdf2edc636a5405,Ai_Samples_Ready/15_Jewelry_(20_JPEGS)/0116_JR_58.jpg,2026-05-06 12:13:37,Pending_AI_Pass,Pending_AI_Pass,Pending_AI_Pass
15_Jewelry_(20_JPEGS),0125_JR_76.jpg,Brett Williams Studios LLC,Brett Williams,100% Chain of Title (Non-Scraped),17 U.S.C. § 106,Mandatory Disclosure Summary,72e76123a5a3c6f588dd0f29f8aca431,Ai_Samples_Ready/15_Jewelry_(20_JPEGS)/0125_JR_76.jpg,2026-05-06 12:13:37,Pending_AI_Pass,Pending_AI_Pass,Pending_AI_Pass
15_Jewelry_(20_JPEGS),0155_JR_05.jpg,Brett Williams Studios LLC,Brett Williams,100% Chain of Title (Non-Scraped),17 U.S.C. § 106,Mandatory Disclosure Summary,6eb899e95818249b9f972b78eeee327e,Ai_Samples_Ready/15_Jewelry_(20_JPEGS)/0155_JR_05.jpg,2026-05-06 12:13:37,Pending_AI_Pass,Pending_AI_Pass,Pending_AI_Pass
15_Jewelry_(20_JPEGS),0305_JR_30.jpg,Brett Williams Studios LLC,Brett Williams,100% Chain of Title (Non-Scraped),17 U.S.C. § 106,Mandatory Disclosure Summary,28fe8b568edf2cb06d0778ed38b480ac,Ai_Samples_Ready/15_Jewelry_(20_JPEGS)/0305_JR_30.jpg,2026-05-06 12:13:37,Pending_AI_Pass,Pending_AI_Pass,Pending_AI_Pass
15_Jewelry_(20_JPEGS),0305_JR_26.jpg,Brett Williams Studios LLC,Brett Williams,100% Chain of Title (Non-Scraped),17 U.S.C. § 106,Mandatory Disclosure Summary,853e7658d4b576de2998fcc08ee3091b,Ai_Samples_Ready/15_Jewelry_(20_JPEGS)/0305_JR_26.jpg,2026-05-06 12:13:37,Pending_AI_Pass,Pending_AI_Pass,Pending_AI_Pass
15_Jewelry_(20_JPEGS),0132_JR_78.jpg,Brett Williams Studios LLC,Brett Williams,100% Chain of Title (Non-Scraped),17 U.S.C. § 106,Mandatory Disclosure Summary,22a1aec99e9a10a48932f84b713c6c50,Ai_Samples_Ready/15_Jewelry_(20_JPEGS)/0132_JR_78.jpg,2026-05-06 12:13:37,Pending_AI_Pass,Pending_AI_Pass,Pending_AI_Pass
15_Jewelry_(20_JPEGS),0320_JR_38.jpg,Brett Williams Studios LLC,Brett Williams,100% Chain of Title (Non-Scraped),17 U.S.C. § 106,Mandatory Disclosure Summary,b5998579f0fb553358bde5f0e9a0c95e,Ai_Samples_Ready/15_Jewelry_(20_JPEGS)/0320_JR_38.jpg,2026-05-06 12:13:37,Pending_AI_Pass,Pending_AI_Pass,Pending_AI_Pass
15_Jewelry_(20_JPEGS),0146_JR_01.jpg,Brett Williams Studios LLC,Brett Williams,100% Chain of Title (Non-Scraped),17 U.S.C. § 106,Mandatory Disclosure Summary,68f59c9e07fcefc38efff34ec0fc9c91,Ai_Samples_Ready/15_Jewelry_(20_JPEGS)/0146_JR_01.jpg,2026-05-06 12:13:37,Pending_AI_Pass,Pending_AI_Pass,Pending_AI_Pass
15_Jewelry_(20_JPEGS),0114_JR_43.jpg,Brett Williams Studios LLC,Brett Williams,100% Chain of Title (Non-Scraped),17 U.S.C. § 106,Mandatory Disclosure Summary,981ccb9f09adf6c83244bb285bec702e,Ai_Samples_Ready/15_Jewelry_(20_JPEGS)/0114_JR_43.jpg,2026-05-06 12:13:37,Pending_AI_Pass,Pending_AI_Pass,Pending_AI_Pass
05_Teen_Fashion_(25_JPEGS),DSC_3840.jpg,Brett Williams Studios LLC,Brett Williams,100% Chain of Title (Non-Scraped),17 U.S.C. § 106,Mandatory Disclosure Summary,d0b8d70406b769e95c23ec225348a010,Ai_Samples_Ready/05_Teen_Fashion_(25_JPEGS)/DSC_3840.jpg,2026-05-06 12:13:37,Pending_AI_Pass,Pending_AI_Pass,Pending_AI_Pass
05_Teen_Fashion_(25_JPEGS),DSC_4234.jpg,Brett Williams Studios LLC,Brett Williams,100% Chain of Title (Non-Scraped),17 U.S.C. § 106,Mandatory Disclosure Summary,6daa02a626af9772dfc8602991668a13,Ai_Samples_Ready/05_Teen_Fashion_(25_JPEGS)/DSC_4234.jpg,2026-05-06 12:13:37,Pending_AI_Pass,Pending_AI_Pass,Pending_AI_Pass
05_Teen_Fashion_(25_JPEGS),DSC_4383.jpg,Brett Williams Studios LLC,Brett Williams,100% Chain of Title (Non-Scraped),17 U.S.C. § 106,Mandatory Disclosure Summary,852258b70244634336635422c9255eb2,Ai_Samples_Ready/05_Teen_Fashion_(25_JPEGS)/DSC_4383.jpg,2026-05-06 12:13:37,Pending_AI_Pass,Pending_AI_Pass,Pending_AI_Pass
05_Teen_Fashion_(25_JPEGS),DSC_4169.jpg,Brett Williams Studios LLC,Brett Williams,100% Chain of Title (Non-Scraped),17 U.S.C. § 106,Mandatory Disclosure Summary,9ceeeafa68367e3f88a5d7f67fe4bfb8,Ai_Samples_Ready/05_Teen_Fashion_(25_JPEGS)/DSC_4169.jpg,2026-05-06 12:13:37,Pending_AI_Pass,Pending_AI_Pass,Pending_AI_Pass
05_Teen_Fashion_(25_JPEGS),DSC_4384.jpg,Brett Williams Studios LLC,Brett Williams,100% Chain of Title (Non-Scraped),17 U.S.C. § 106,Mandatory Disclosure Summary,d6b779c15866771d20786ce3c3c43b34,Ai_Samples_Ready/05_Teen_Fashion_(25_JPEGS)/DSC_4384.jpg,2026-05-06 12:13:37,Pending_AI_Pass,Pending_AI_Pass,Pending_AI_Pass
05_Teen_Fashion_(25_JPEGS),DSC_4233.jpg,Brett Williams Studios LLC,Brett Williams,100% Chain of Title (Non-Scraped),17 U.S.C. § 106,Mandatory Disclosure Summary,8c79ecce04e7ec54307b4bdc6b150b93,Ai_Samples_Ready/05_Teen_Fashion_(25_JPEGS)/DSC_4233.jpg,2026-05-06 12:13:37,Pending_AI_Pass,Pending_AI_Pass,Pending_AI_Pass
05_Teen_Fashion_(25_JPEGS),DSC_4780.jpg,Brett Williams Studios LLC,Brett Williams,100% Chain of Title (Non-Scraped),17 U.S.C. § 106,Mandatory Disclosure Summary,811fbff4242b6a7d58bff62111deaab1,Ai_Samples_Ready/05_Teen_Fashion_(25_JPEGS)/DSC_4780.jpg,2026-05-06 12:13:37,Pending_AI_Pass,Pending_AI_Pass,Pending_AI_Pass
05_Teen_Fashion_(25_JPEGS),DSC_3944.jpg,Brett Williams Studios LLC,Brett Williams,100% Chain of Title (Non-Scraped),17 U.S.C. § 106,Mandatory Disclosure Summary,6db4ea2aa57c82dbe474a4e4f2bea071,Ai_Samples_Ready/05_Teen_Fashion_(25_JPEGS)/DSC_3944.jpg,2026-05-06 12:13:37,Pending_AI_Pass,Pending_AI_Pass,Pending_AI_Pass
05_Teen_Fashion_(25_JPEGS),DSC_5073.jpg,Brett Williams Studios LLC,Brett Williams,100% Chain of Title (Non-Scraped),17 U.S.C. § 106,Mandatory Disclosure Summary,fa47adde077a67bd2a5173c2e77622b5,Ai_Samples_Ready/05_Teen_Fashion_(25_JPEGS)/DSC_5073.jpg,2026-05-06 12:13:37,Pending_AI_Pass,Pending_AI_Pass,Pending_AI_Pass
05_Teen_Fashion_(25_JPEGS),DSC_3619.jpg,Brett Williams Studios LLC,Brett Williams,100% Chain of Title (Non-Scraped),17 U.S.C. § 106,Mandatory Disclosure Summary,57e8ac6b7d958b267d529ef2668a3ac5,Ai_Samples_Ready/05_Teen_Fashion_(25_JPEGS)/DSC_3619.jpg,2026-05-06 12:13:37,Pending_AI_Pass,Pending_AI_Pass,Pending_AI_Pass
05_Teen_Fashion_(25_JPEGS),DSC_4567.jpg,Brett Williams Studios LLC,Brett Williams,100% Chain of Title (Non-Scraped),17 U.S.C. § 106,Mandatory Disclosure Summary,17032e6a7a59e655b8a25b39d2752219,Ai_Samples_Ready/05_Teen_Fashion_(25_JPEGS)/DSC_4567.jpg,2026-05-06 12:13:37,Pending_AI_Pass,Pending_AI_Pass,Pending_AI_Pass
05_Teen_Fashion_(25_JPEGS),DSC_5243.jpg,Brett Williams Studios LLC,Brett Williams,100% Chain of Title (Non-Scraped),17 U.S.C. § 106,Mandatory Disclosure Summary,3ce42eca81253171aca770f397158c31,Ai_Samples_Ready/05_Teen_Fashion_(25_JPEGS)/DSC_5243.jpg,2026-05-06 12:13:37,Pending_AI_Pass,Pending_AI_Pass,Pending_AI_Pass
05_Teen_Fashion_(25_JPEGS),DSC_4809.jpg,Brett Williams Studios LLC,Brett Williams,100% Chain of Title (Non-Scraped),17 U.S.C. § 106,Mandatory Disclosure Summary,f39e651c171c1d7adc444516ebed9b90,Ai_Samples_Ready/05_Teen_Fashion_(25_JPEGS)/DSC_4809.jpg,2026-05-06 12:13:37,Pending_AI_Pass,Pending_AI_Pass,Pending_AI_Pass
05_Teen_Fashion_(25_JPEGS),DSC_4010.jpg,Brett Williams Studios LLC,Brett Williams,100% Chain of Title (Non-Scraped),17 U.S.C. § 106,Mandatory Disclosure Summary,fdbb8e2c21b5aae9fe904118d83af615,Ai_Samples_Ready/05_Teen_Fashion_(25_JPEGS)/DSC_4010.jpg,2026-05-06 12:13:37,Pending_AI_Pass,Pending_AI_Pass,Pending_AI_Pass
05_Teen_Fashion_(25_JPEGS),DSC_3352.jpg,Brett Williams Studios LLC,Brett Williams,100% Chain of Title (Non-Scraped),17 U.S.C. § 106,Mandatory Disclosure Summary,f06fb01a1668d57263962b4b619b45ca,Ai_Samples_Ready/05_Teen_Fashion_(25_JPEGS)/DSC_3352.jpg,2026-05-06 12:13:37,Pending_AI_Pass,Pending_AI_Pass,Pending_AI_Pass
05_Teen_Fashion_(25_JPEGS),DSC_3420.jpg,Brett Williams Studios LLC,Brett Williams,100% Chain of Title (Non-Scraped),17 U.S.C. § 106,Mandatory Disclosure Summary,f07b5b5b1e7d95ac65ed075a8164ac34,Ai_Samples_Ready/05_Teen_Fashion_(25_JPEGS)/DSC_3420.jpg,2026-05-06 12:13:37,Pending_AI_Pass,Pending_AI_Pass,Pending_AI_Pass
05_Teen_Fashion_(25_JPEGS),DSC_3811.jpg,Brett Williams Studios LLC,Brett Williams,100% Chain of Title (Non-Scraped),17 U.S.C. § 106,Mandatory Disclosure Summary,2bdae9dcd35016af9a9450c86961c14e,Ai_Samples_Ready/05_Teen_Fashion_(25_JPEGS)/DSC_3811.jpg,2026-05-06 12:13:37,Pending_AI_Pass,Pending_AI_Pass,Pending_AI_Pass
05_Teen_Fashion_(25_JPEGS),DSC_5126.jpg,Brett Williams Studios LLC,Brett Williams,100% Chain of Title (Non-Scraped),17 U.S.C. § 106,Mandatory Disclosure Summary,83acbb205024c87785d1733e87ebe554,Ai_Samples_Ready/05_Teen_Fashion_(25_JPEGS)/DSC_5126.jpg,2026-05-06 12:13:37,Pending_AI_Pass,Pending_AI_Pass,Pending_AI_Pass
05_Teen_Fashion_(25_JPEGS),DSC_4520 2.jpg,Brett Williams Studios LLC,Brett Williams,100% Chain of Title (Non-Scraped),17 U.S.C. § 106,Mandatory Disclosure Summary,4a21460c83f32f20837f61ad20badbe1,Ai_Samples_Ready/05_Teen_Fashion_(25_JPEGS)/DSC_4520 2.jpg,2026-05-06 12:13:37,Pending_AI_Pass,Pending_AI_Pass,Pending_AI_Pass
05_Teen_Fashion_(25_JPEGS),DSC_4464.jpg,Brett Williams Studios LLC,Brett Williams,100% Chain of Title (Non-Scraped),17 U.S.C. § 106,Mandatory Disclosure Summary,a678e98b3b43ae4f246f29b2c515151a,Ai_Samples_Ready/05_Teen_Fashion_(25_JPEGS)/DSC_4464.jpg,2026-05-06 12:13:37,Pending_AI_Pass,Pending_AI_Pass,Pending_AI_Pass
05_Teen_Fashion_(25_JPEGS),DSC_3686.jpg,Brett Williams Studios LLC,Brett Williams,100% Chain of Title (Non-Scraped),17 U.S.C. § 106,Mandatory Disclosure Summary,d95287e9f4c672baabc862444794f4f5,Ai_Samples_Ready/05_Teen_Fashion_(25_JPEGS)/DSC_3686.jpg,2026-05-06 12:13:37,Pending_AI_Pass,Pending_AI_Pass,Pending_AI_Pass
05_Teen_Fashion_(25_JPEGS),DSC_3719.jpg,Brett Williams Studios LLC,Brett Williams,100% Chain of Title (Non-Scraped),17 U.S.C. § 106,Mandatory Disclosure Summary,8181fa9e1c7fd57963621d18b075a4f5,Ai_Samples_Ready/05_Teen_Fashion_(25_JPEGS)/DSC_3719.jpg,2026-05-06 12:13:37,Pending_AI_Pass,Pending_AI_Pass,Pending_AI_Pass
05_Teen_Fashion_(25_JPEGS),DSC_5225.jpg,Brett Williams Studios LLC,Brett Williams,100% Chain of Title (Non-Scraped),17 U.S.C. § 106,Mandatory Disclosure Summary,60927f04f6dd74464844e4a18918c771,Ai_Samples_Ready/05_Teen_Fashion_(25_JPEGS)/DSC_5225.jpg,2026-05-06 12:13:37,Pending_AI_Pass,Pending_AI_Pass,Pending_AI_Pass
05_Teen_Fashion_(25_JPEGS),DSC_3495.jpg,Brett Williams Studios LLC,Brett Williams,100% Chain of Title (Non-Scraped),17 U.S.C. § 106,Mandatory Disclosure Summary,6f52fa6a1f4112fd10853995ff6436e0,Ai_Samples_Ready/05_Teen_Fashion_(25_JPEGS)/DSC_3495.jpg,2026-05-06 12:13:37,Pending_AI_Pass,Pending_AI_Pass,Pending_AI_Pass
05_Teen_Fashion_(25_JPEGS),DSC_3293.jpg,Brett Williams Studios LLC,Brett Williams,100% Chain of Title (Non-Scraped),17 U.S.C. § 106,Mandatory Disclosure Summary,e9da336b6bdc5c2f03531964de9262fc,Ai_Samples_Ready/05_Teen_Fashion_(25_JPEGS)/DSC_3293.jpg,2026-05-06 12:13:37,Pending_AI_Pass,Pending_AI_Pass,Pending_AI_Pass
08_Executive_Portraits(50_JPEGS),64_StaceyEpstein-1088.jpg,Brett Williams Studios LLC,Brett Williams,100% Chain of Title (Non-Scraped),17 U.S.C. § 106,Mandatory Disclosure Summary,522f23791061a8e0d3c1988b75cca90f,Ai_Samples_Ready/08_Executive_Portraits(50_JPEGS)/64_StaceyEpstein-1088.jpg,2026-05-06 12:13:37,Pending_AI_Pass,Pending_AI_Pass,Pending_AI_Pass
08_Executive_Portraits(50_JPEGS),04_MATTHEWBREWER-0078.jpg,Brett Williams Studios LLC,Brett Williams,100% Chain of Title (Non-Scraped),17 U.S.C. § 106,Mandatory Disclosure Summary,92b2ec6d1388a6b4c5e249a34cffb3f4,Ai_Samples_Ready/08_Executive_Portraits(50_JPEGS)/04_MATTHEWBREWER-0078.jpg,2026-05-06 12:13:37,Pending_AI_Pass,Pending_AI_Pass,Pending_AI_Pass
08_Executive_Portraits(50_JPEGS),07_LaddLaird-0119.jpg,Brett Williams Studios LLC,Brett Williams,100% Chain of Title (Non-Scraped),17 U.S.C. § 106,Mandatory Disclosure Summary,f51a123deef5986a4935d99d81d83685,Ai_Samples_Ready/08_Executive_Portraits(50_JPEGS)/07_LaddLaird-0119.jpg,2026-05-06 12:13:37,Pending_AI_Pass,Pending_AI_Pass,Pending_AI_Pass
08_Executive_Portraits(50_JPEGS),64_StaceyEpstein-1101.jpg,Brett Williams Studios LLC,Brett Williams,100% Chain of Title (Non-Scraped),17 U.S.C. § 106,Mandatory Disclosure Summary,68e4451a52c3920f669bb2095eaa8ad9,Ai_Samples_Ready/08_Executive_Portraits(50_JPEGS)/64_StaceyEpstein-1101.jpg,2026-05-06 12:13:37,Pending_AI_Pass,Pending_AI_Pass,Pending_AI_Pass
08_Executive_Portraits(50_JPEGS),45_ShannonRevolinski-0764.jpg,Brett Williams Studios LLC,Brett Williams,100% Chain of Title (Non-Scraped),17 U.S.C. § 106,Mandatory Disclosure Summary,ed07ed02736c5ac18dade8d565300daf,Ai_Samples_Ready/08_Executive_Portraits(50_JPEGS)/45_ShannonRevolinski-0764.jpg,2026-05-06 12:13:37,Pending_AI_Pass,Pending_AI_Pass,Pending_AI_Pass
08_Executive_Portraits(50_JPEGS),12_TimothyBowen-0187.jpg,Brett Williams Studios LLC,Brett Williams,100% Chain of Title (Non-Scraped),17 U.S.C. § 106,Mandatory Disclosure Summary,ceccb9f211902e117cb33108b060a71a,Ai_Samples_Ready/08_Executive_Portraits(50_JPEGS)/12_TimothyBowen-0187.jpg,2026-05-06 12:13:37,Pending_AI_Pass,Pending_AI_Pass,Pending_AI_Pass
08_Executive_Portraits(50_JPEGS),21_TomStille-0372.jpg,Brett Williams Studios LLC,Brett Williams,100% Chain of Title (Non-Scraped),17 U.S.C. § 106,Mandatory Disclosure Summary,bff8c01d03ae9a3191f9337cbb2c3ccc,Ai_Samples_Ready/08_Executive_Portraits(50_JPEGS)/21_TomStille-0372.jpg,2026-05-06 12:13:37,Pending_AI_Pass,Pending_AI_Pass,Pending_AI_Pass
08_Executive_Portraits(50_JPEGS),09_DavidWeinstein-0138.jpg,Brett Williams Studios LLC,Brett Williams,100% Chain of Title (Non-Scraped),17 U.S.C. § 106,Mandatory Disclosure Summary,0127925c5b191380739eb27721e0dc2d,Ai_Samples_Ready/08_Executive_Portraits(50_JPEGS)/09_DavidWeinstein-0138.jpg,2026-05-06 12:13:37,Pending_AI_Pass,Pending_AI_Pass,Pending_AI_Pass
08_Executive_Portraits(50_JPEGS),59_YiuTingLau-1008.jpg,Brett Williams Studios LLC,Brett Williams,100% Chain of Title (Non-Scraped),17 U.S.C. § 106,Mandatory Disclosure Summary,2d0708ac86400f519bf88d8fe54e0e01,Ai_Samples_Ready/08_Executive_Portraits(50_JPEGS)/59_YiuTingLau-1008.jpg,2026-05-06 12:13:37,Pending_AI_Pass,Pending_AI_Pass,Pending_AI_Pass
08_Executive_Portraits(50_JPEGS),40_LeoRota-0680.jpg,Brett Williams Studios LLC,Brett Williams,100% Chain of Title (Non-Scraped),17 U.S.C. § 106,Mandatory Disclosure Summary,4f1525ff5300cb85d7309810abfa8ed1,Ai_Samples_Ready/08_Executive_Portraits(50_JPEGS)/40_LeoRota-0680.jpg,2026-05-06 12:13:37,Pending_AI_Pass,Pending_AI_Pass,Pending_AI_Pass
08_Executive_Portraits(50_JPEGS),32_ChristinaWarner-0558.jpg,Brett Williams Studios LLC,Brett Williams,100% Chain of Title (Non-Scraped),17 U.S.C. § 106,Mandatory Disclosure Summary,fb3ff62b736b8af811e5623f6751929d,Ai_Samples_Ready/08_Executive_Portraits(50_JPEGS)/32_ChristinaWarner-0558.jpg,2026-05-06 12:13:37,Pending_AI_Pass,Pending_AI_Pass,Pending_AI_Pass
08_Executive_Portraits(50_JPEGS),53_AndreaGiometti-0895.jpg,Brett Williams Studios LLC,Brett Williams,100% Chain of Title (Non-Scraped),17 U.S.C. § 106,Mandatory Disclosure Summary,aead9baa4a757a45ad1e346cbf3627e6,Ai_Samples_Ready/08_Executive_Portraits(50_JPEGS)/53_AndreaGiometti-0895.jpg,2026-05-06 12:13:37,Pending_AI_Pass,Pending_AI_Pass,Pending_AI_Pass
08_Executive_Portraits(50_JPEGS),24_OrlandoRamirez-0431.jpg,Brett Williams Studios LLC,Brett Williams,100% Chain of Title (Non-Scraped),17 U.S.C. § 106,Mandatory Disclosure Summary,318848258f7c385b3dbd07cfa7ec34cd,Ai_Samples_Ready/08_Executive_Portraits(50_JPEGS)/24_OrlandoRamirez-0431.jpg,2026-05-06 12:13:37,Pending_AI_Pass,Pending_AI_Pass,Pending_AI_Pass
08_Executive_Portraits(50_JPEGS),38_MichaelPacek-0655.jpg,Brett Williams Studios LLC,Brett Williams,100% Chain of Title (Non-Scraped),17 U.S.C. § 106,Mandatory Disclosure Summary,98baf3ab462cc70e9e13946c25be8f81,Ai_Samples_Ready/08_Executive_Portraits(50_JPEGS)/38_MichaelPacek-0655.jpg,2026-05-06 12:13:37,Pending_AI_Pass,Pending_AI_Pass,Pending_AI_Pass
08_Executive_Portraits(50_JPEGS),60_LynnElliott-1017.jpg,Brett Williams Studios LLC,Brett Williams,100% Chain of Title (Non-Scraped),17 U.S.C. § 106,Mandatory Disclosure Summary,17cd4f90da0000e1bf20b6d0870d393f,Ai_Samples_Ready/08_Executive_Portraits(50_JPEGS)/60_LynnElliott-1017.jpg,2026-05-06 12:13:37,Pending_AI_Pass,Pending_AI_Pass,Pending_AI_Pass
08_Executive_Portraits(50_JPEGS),46_TomHarvell-0809.jpg,Brett Williams Studios LLC,Brett Williams,100% Chain of Title (Non-Scraped),17 U.S.C. § 106,Mandatory Disclosure Summary,9a2ee2e2656a7334cbd70166dbe738d1,Ai_Samples_Ready/08_Executive_Portraits(50_JPEGS)/46_TomHarvell-0809.jpg,2026-05-06 12:13:37,Pending_AI_Pass,Pending_AI_Pass,Pending_AI_Pass
08_Executive_Portraits(50_JPEGS),61_TimFitzgerald-1052.jpg,Brett Williams Studios LLC,Brett Williams,100% Chain of Title (Non-Scraped),17 U.S.C. § 106,Mandatory Disclosure Summary,cbeb01cd0d2271e7f1fbdff2e41a8d9f,Ai_Samples_Ready/08_Executive_Portraits(50_JPEGS)/61_TimFitzgerald-1052.jpg,2026-05-06 12:13:37,Pending_AI_Pass,Pending_AI_Pass,Pending_AI_Pass
08_Executive_Portraits(50_JPEGS),66_MunMunMalik-1122.jpg,Brett Williams Studios LLC,Brett Williams,100% Chain of Title (Non-Scraped),17 U.S.C. § 106,Mandatory Disclosure Summary,4bbe9a40d8766030b0e31e8f82f38281,Ai_Samples_Ready/08_Executive_Portraits(50_JPEGS)/66_MunMunMalik-1122.jpg,2026-05-06 12:13:37,Pending_AI_Pass,Pending_AI_Pass,Pending_AI_Pass
08_Executive_Portraits(50_JPEGS),66_MunMunMalik-1137.jpg,Brett Williams Studios LLC,Brett Williams,100% Chain of Title (Non-Scraped),17 U.S.C. § 106,Mandatory Disclosure Summary,d49a4810bfebbe9b26a7c74c31aca74e,Ai_Samples_Ready/08_Executive_Portraits(50_JPEGS)/66_MunMunMalik-1137.jpg,2026-05-06 12:13:37,Pending_AI_Pass,Pending_AI_Pass,Pending_AI_Pass
08_Executive_Portraits(50_JPEGS),11_DawnBalke-0166.jpg,Brett Williams Studios LLC,Brett Williams,100% Chain of Title (Non-Scraped),17 U.S.C. § 106,Mandatory Disclosure Summary,395c75321765534a1003b2c0b2294507,Ai_Samples_Ready/08_Executive_Portraits(50_JPEGS)/11_DawnBalke-0166.jpg,2026-05-06 12:13:37,Pending_AI_Pass,Pending_AI_Pass,Pending_AI_Pass
08_Executive_Portraits(50_JPEGS),15_SteveNava-0247.jpg,Brett Williams Studios LLC,Brett Williams,100% Chain of Title (Non-Scraped),17 U.S.C. § 106,Mandatory Disclosure Summary,a28f64d7d0829f0e8b62008609ba71a5,Ai_Samples_Ready/08_Executive_Portraits(50_JPEGS)/15_SteveNava-0247.jpg,2026-05-06 12:13:37,Pending_AI_Pass,Pending_AI_Pass,Pending_AI_Pass
08_Executive_Portraits(50_JPEGS),42_MatthewFeeney-0714.jpg,Brett Williams Studios LLC,Brett Williams,100% Chain of Title (Non-Scraped),17 U.S.C. § 106,Mandatory Disclosure Summary,47a696c71cac72b67edd26f5b5c31f34,Ai_Samples_Ready/08_Executive_Portraits(50_JPEGS)/42_MatthewFeeney-0714.jpg,2026-05-06 12:13:37,Pending_AI_Pass,Pending_AI_Pass,Pending_AI_Pass
08_Executive_Portraits(50_JPEGS),05_SONYA-0100.jpg,Brett Williams Studios LLC,Brett Williams,100% Chain of Title (Non-Scraped),17 U.S.C. § 106,Mandatory Disclosure Summary,0531435104f6afb46a8a4dac55d7b447,Ai_Samples_Ready/08_Executive_Portraits(50_JPEGS)/05_SONYA-0100.jpg,2026-05-06 12:13:37,Pending_AI_Pass,Pending_AI_Pass,Pending_AI_Pass
08_Executive_Portraits(50_JPEGS),20_KarieDeGraffenreid-0338.jpg,Brett Williams Studios LLC,Brett Williams,100% Chain of Title (Non-Scraped),17 U.S.C. § 106,Mandatory Disclosure Summary,d2e0bb37754c1e59ad3e272ff95fa4e3,Ai_Samples_Ready/08_Executive_Portraits(50_JPEGS)/20_KarieDeGraffenreid-0338.jpg,2026-05-06 12:13:37,Pending_AI_Pass,Pending_AI_Pass,Pending_AI_Pass
08_Executive_Portraits(50_JPEGS),30_AnneMarie-0513.jpg,Brett Williams Studios LLC,Brett Williams,100% Chain of Title (Non-Scraped),17 U.S.C. § 106,Mandatory Disclosure Summary,61c2516e63d3c9ace315cb44ecfdafa2,Ai_Samples_Ready/08_Executive_Portraits(50_JPEGS)/30_AnneMarie-0513.jpg,2026-05-06 12:13:37,Pending_AI_Pass,Pending_AI_Pass,Pending_AI_Pass
08_Executive_Portraits(50_JPEGS),48_ChrisThompson-0830.jpg,Brett Williams Studios LLC,Brett Williams,100% Chain of Title (Non-Scraped),17 U.S.C. § 106,Mandatory Disclosure Summary,59b1c0b3bf3d4506808182dcad36adf0,Ai_Samples_Ready/08_Executive_Portraits(50_JPEGS)/48_ChrisThompson-0830.jpg,2026-05-06 12:13:37,Pending_AI_Pass,Pending_AI_Pass,Pending_AI_Pass
08_Executive_Portraits(50_JPEGS),26_GeorgePiper-0470.jpg,Brett Williams Studios LLC,Brett Williams,100% Chain of Title (Non-Scraped),17 U.S.C. § 106,Mandatory Disclosure Summary,33ef41b1d6513977442cf8d8f4c3f3ea,Ai_Samples_Ready/08_Executive_Portraits(50_JPEGS)/26_GeorgePiper-0470.jpg,2026-05-06 12:13:37,Pending_AI_Pass,Pending_AI_Pass,Pending_AI_Pass
08_Executive_Portraits(50_JPEGS),54_JohnBader-0926.jpg,Brett Williams Studios LLC,Brett Williams,100% Chain of Title (Non-Scraped),17 U.S.C. § 106,Mandatory Disclosure Summary,db0b55eebfdd2bc7929564e197bbfb66,Ai_Samples_Ready/08_Executive_Portraits(50_JPEGS)/54_JohnBader-0926.jpg,2026-05-06 12:13:37,Pending_AI_Pass,Pending_AI_Pass,Pending_AI_Pass
08_Executive_Portraits(50_JPEGS),01_LizCarlton-0019.jpg,Brett Williams Studios LLC,Brett Williams,100% Chain of Title (Non-Scraped),17 U.S.C. § 106,Mandatory Disclosure Summary,40b9d221fe4271810bdd3e6b6f82dbdf,Ai_Samples_Ready/08_Executive_Portraits(50_JPEGS)/01_LizCarlton-0019.jpg,2026-05-06 12:13:37,Pending_AI_Pass,Pending_AI_Pass,Pending_AI_Pass
08_Executive_Portraits(50_JPEGS),56_AnthonyTauszky-0964.jpg,Brett Williams Studios LLC,Brett Williams,100% Chain of Title (Non-Scraped),17 U.S.C. § 106,Mandatory Disclosure Summary,4a992a9e0694406d800269a24a38163f,Ai_Samples_Ready/08_Executive_Portraits(50_JPEGS)/56_AnthonyTauszky-0964.jpg,2026-05-06 12:13:37,Pending_AI_Pass,Pending_AI_Pass,Pending_AI_Pass
08_Executive_Portraits(50_JPEGS),60_LynnElliott-1030.jpg,Brett Williams Studios LLC,Brett Williams,100% Chain of Title (Non-Scraped),17 U.S.C. § 106,Mandatory Disclosure Summary,e7ea739984c9117e79deec6b26946324,Ai_Samples_Ready/08_Executive_Portraits(50_JPEGS)/60_LynnElliott-1030.jpg,2026-05-06 12:13:37,Pending_AI_Pass,Pending_AI_Pass,Pending_AI_Pass
08_Executive_Portraits(50_JPEGS),23_AmberLogan-0414.jpg,Brett Williams Studios LLC,Brett Williams,100% Chain of Title (Non-Scraped),17 U.S.C. § 106,Mandatory Disclosure Summary,97a47ea3a34848e4de7fcb77fb5aec5a,Ai_Samples_Ready/08_Executive_Portraits(50_JPEGS)/23_AmberLogan-0414.jpg,2026-05-06 12:13:37,Pending_AI_Pass,Pending_AI_Pass,Pending_AI_Pass
08_Executive_Portraits(50_JPEGS),56_AnthonyTauszky-0963.jpg,Brett Williams Studios LLC,Brett Williams,100% Chain of Title (Non-Scraped),17 U.S.C. § 106,Mandatory Disclosure Summary,70cc395630e2a22ca3035100bdeee08a,Ai_Samples_Ready/08_Executive_Portraits(50_JPEGS)/56_AnthonyTauszky-0963.jpg,2026-05-06 12:13:37,Pending_AI_Pass,Pending_AI_Pass,Pending_AI_Pass
08_Executive_Portraits(50_JPEGS),44_DaveRoberts-0744.jpg,Brett Williams Studios LLC,Brett Williams,100% Chain of Title (Non-Scraped),17 U.S.C. § 106,Mandatory Disclosure Summary,613fd9e5eccd8d0845a92ae1135b4730,Ai_Samples_Ready/08_Executive_Portraits(50_JPEGS)/44_DaveRoberts-0744.jpg,2026-05-06 12:13:37,Pending_AI_Pass,Pending_AI_Pass,Pending_AI_Pass
08_Executive_Portraits(50_JPEGS),19_PaigeKarno-0299.jpg,Brett Williams Studios LLC,Brett Williams,100% Chain of Title (Non-Scraped),17 U.S.C. § 106,Mandatory Disclosure Summary,073da520a7f7ec8b717a2c6e1cf317ce,Ai_Samples_Ready/08_Executive_Portraits(50_JPEGS)/19_PaigeKarno-0299.jpg,2026-05-06 12:13:37,Pending_AI_Pass,Pending_AI_Pass,Pending_AI_Pass
08_Executive_Portraits(50_JPEGS),55_AnthonyPicardi-0947.jpg,Brett Williams Studios LLC,Brett Williams,100% Chain of Title (Non-Scraped),17 U.S.C. § 106,Mandatory Disclosure Summary,e6f48304b820985746f3fd511394ce73,Ai_Samples_Ready/08_Executive_Portraits(50_JPEGS)/55_AnthonyPicardi-0947.jpg,2026-05-06 12:13:37,Pending_AI_Pass,Pending_AI_Pass,Pending_AI_Pass
08_Executive_Portraits(50_JPEGS),35_AndrewMishler-0617.jpg,Brett Williams Studios LLC,Brett Williams,100% Chain of Title (Non-Scraped),17 U.S.C. § 106,Mandatory Disclosure Summary,2a0cf4c53d248f6b178f8f1e07ea2254,Ai_Samples_Ready/08_Executive_Portraits(50_JPEGS)/35_AndrewMishler-0617.jpg,2026-05-06 12:13:37,Pending_AI_Pass,Pending_AI_Pass,Pending_AI_Pass
08_Executive_Portraits(50_JPEGS),13_JerryGentle-0205.jpg,Brett Williams Studios LLC,Brett Williams,100% Chain of Title (Non-Scraped),17 U.S.C. § 106,Mandatory Disclosure Summary,3d08db6500b8791a3cbe96b8f692d757,Ai_Samples_Ready/08_Executive_Portraits(50_JPEGS)/13_JerryGentle-0205.jpg,2026-05-06 12:13:37,Pending_AI_Pass,Pending_AI_Pass,Pending_AI_Pass
08_Executive_Portraits(50_JPEGS),02_SusanDomagalski-0038.jpg,Brett Williams Studios LLC,Brett Williams,100% Chain of Title (Non-Scraped),17 U.S.C. § 106,Mandatory Disclosure Summary,93706f68b2fb6c1f3ccbcefc93a74404,Ai_Samples_Ready/08_Executive_Portraits(50_JPEGS)/02_SusanDomagalski-0038.jpg,2026-05-06 12:13:37,Pending_AI_Pass,Pending_AI_Pass,Pending_AI_Pass
08_Executive_Portraits(50_JPEGS),52_DuaneFisher-0888.jpg,Brett Williams Studios LLC,Brett Williams,100% Chain of Title (Non-Scraped),17 U.S.C. § 106,Mandatory Disclosure Summary,b64d4f52fa3140a9862d28d9695c50e2,Ai_Samples_Ready/08_Executive_Portraits(50_JPEGS)/52_DuaneFisher-0888.jpg,2026-05-06 12:13:37,Pending_AI_Pass,Pending_AI_Pass,Pending_AI_Pass
08_Executive_Portraits(50_JPEGS),14_GillianComito-0218.jpg,Brett Williams Studios LLC,Brett Williams,100% Chain of Title (Non-Scraped),17 U.S.C. § 106,Mandatory Disclosure Summary,beaef3bdf4f4680b2371a04fd2e30b98,Ai_Samples_Ready/08_Executive_Portraits(50_JPEGS)/14_GillianComito-0218.jpg,2026-05-06 12:13:37,Pending_AI_Pass,Pending_AI_Pass,Pending_AI_Pass
08_Executive_Portraits(50_JPEGS),41_JeffNoble-0706.jpg,Brett Williams Studios LLC,Brett Williams,100% Chain of Title (Non-Scraped),17 U.S.C. § 106,Mandatory Disclosure Summary,13119029ecd81edbd31cc65b7284ba83,Ai_Samples_Ready/08_Executive_Portraits(50_JPEGS)/41_JeffNoble-0706.jpg,2026-05-06 12:13:37,Pending_AI_Pass,Pending_AI_Pass,Pending_AI_Pass
08_Executive_Portraits(50_JPEGS),33_JoeSimoni-0589.jpg,Brett Williams Studios LLC,Brett Williams,100% Chain of Title (Non-Scraped),17 U.S.C. § 106,Mandatory Disclosure Summary,d6cac2635d2edd0d57f12010347f8665,Ai_Samples_Ready/08_Executive_Portraits(50_JPEGS)/33_JoeSimoni-0589.jpg,2026-05-06 12:13:37,Pending_AI_Pass,Pending_AI_Pass,Pending_AI_Pass
08_Executive_Portraits(50_JPEGS),45_ShannonRevolinski-0782.jpg,Brett Williams Studios LLC,Brett Williams,100% Chain of Title (Non-Scraped),17 U.S.C. § 106,Mandatory Disclosure Summary,33ec49612c26803d295c4672baf48613,Ai_Samples_Ready/08_Executive_Portraits(50_JPEGS)/45_ShannonRevolinski-0782.jpg,2026-05-06 12:13:37,Pending_AI_Pass,Pending_AI_Pass,Pending_AI_Pass
08_Executive_Portraits(50_JPEGS),10_HeatherGodek-0147.jpg,Brett Williams Studios LLC,Brett Williams,100% Chain of Title (Non-Scraped),17 U.S.C. § 106,Mandatory Disclosure Summary,cf5e0cc1151da107899858b61208f079,Ai_Samples_Ready/08_Executive_Portraits(50_JPEGS)/10_HeatherGodek-0147.jpg,2026-05-06 12:13:37,Pending_AI_Pass,Pending_AI_Pass,Pending_AI_Pass
08_Executive_Portraits(50_JPEGS),17_LanaFoladare-0274.jpg,Brett Williams Studios LLC,Brett Williams,100% Chain of Title (Non-Scraped),17 U.S.C. § 106,Mandatory Disclosure Summary,4c58da3fc75e37d853c0692044dc6096,Ai_Samples_Ready/08_Executive_Portraits(50_JPEGS)/17_LanaFoladare-0274.jpg,2026-05-06 12:13:37,Pending_AI_Pass,Pending_AI_Pass,Pending_AI_Pass
08_Executive_Portraits(50_JPEGS),58_JoshTrujilo-0995.jpg,Brett Williams Studios LLC,Brett Williams,100% Chain of Title (Non-Scraped),17 U.S.C. § 106,Mandatory Disclosure Summary,9130d91940a9d5418258d3c40c6cb3ce,Ai_Samples_Ready/08_Executive_Portraits(50_JPEGS)/58_JoshTrujilo-0995.jpg,2026-05-06 12:13:37,Pending_AI_Pass,Pending_AI_Pass,Pending_AI_Pass
08_Executive_Portraits(50_JPEGS),49_GaryRinedollar-0856.jpg,Brett Williams Studios LLC,Brett Williams,100% Chain of Title (Non-Scraped),17 U.S.C. § 106,Mandatory Disclosure Summary,f3216c4fc3c5b6469c7f2c577069cc4f,Ai_Samples_Ready/08_Executive_Portraits(50_JPEGS)/49_GaryRinedollar-0856.jpg,2026-05-06 12:13:37,Pending_AI_Pass,Pending_AI_Pass,Pending_AI_Pass
08_Executive_Portraits(50_JPEGS),03_JennifferYellin-0058.jpg,Brett Williams Studios LLC,Brett Williams,100% Chain of Title (Non-Scraped),17 U.S.C. § 106,Mandatory Disclosure Summary,6a07cc2cb447b73ceb6769a90e733a9d,Ai_Samples_Ready/08_Executive_Portraits(50_JPEGS)/03_JennifferYellin-0058.jpg,2026-05-06 12:13:37,Pending_AI_Pass,Pending_AI_Pass,Pending_AI_Pass
08_Executive_Portraits(50_JPEGS),50_EricParrott-0861.jpg,Brett Williams Studios LLC,Brett Williams,100% Chain of Title (Non-Scraped),17 U.S.C. § 106,Mandatory Disclosure Summary,3df45e03d773b0a7ea27c9aee9098b77,Ai_Samples_Ready/08_Executive_Portraits(50_JPEGS)/50_EricParrott-0861.jpg,2026-05-06 12:13:37,Pending_AI_Pass,Pending_AI_Pass,Pending_AI_Pass
12_Handbags_Jewelry_Sample_Pack(50_JPEGS),DP1 8.jpg,Brett Williams Studios LLC,Brett Williams,100% Chain of Title (Non-Scraped),17 U.S.C. § 106,Mandatory Disclosure Summary,5838146404b5c27c8c30a938db81e255,Ai_Samples_Ready/12_Handbags_Jewelry_Sample_Pack(50_JPEGS)/DP1 8.jpg,2026-05-06 12:13:37,Pending_AI_Pass,Pending_AI_Pass,Pending_AI_Pass
12_Handbags_Jewelry_Sample_Pack(50_JPEGS),DP1 14.jpg,Brett Williams Studios LLC,Brett Williams,100% Chain of Title (Non-Scraped),17 U.S.C. § 106,Mandatory Disclosure Summary,0fc8001c1aaf2a93ee44844eaca45cb4,Ai_Samples_Ready/12_Handbags_Jewelry_Sample_Pack(50_JPEGS)/DP1 14.jpg,2026-05-06 12:13:37,Pending_AI_Pass,Pending_AI_Pass,Pending_AI_Pass
12_Handbags_Jewelry_Sample_Pack(50_JPEGS),DP11_27.jpg,Brett Williams Studios LLC,Brett Williams,100% Chain of Title (Non-Scraped),17 U.S.C. § 106,Mandatory Disclosure Summary,e3c41ce06ac2e6f6464d4a9c05ca9672,Ai_Samples_Ready/12_Handbags_Jewelry_Sample_Pack(50_JPEGS)/DP11_27.jpg,2026-05-06 12:13:37,Pending_AI_Pass,Pending_AI_Pass,Pending_AI_Pass
12_Handbags_Jewelry_Sample_Pack(50_JPEGS),DP3 10.jpg,Brett Williams Studios LLC,Brett Williams,100% Chain of Title (Non-Scraped),17 U.S.C. § 106,Mandatory Disclosure Summary,018afa829f7444809aba42719edc3523,Ai_Samples_Ready/12_Handbags_Jewelry_Sample_Pack(50_JPEGS)/DP3 10.jpg,2026-05-06 12:13:37,Pending_AI_Pass,Pending_AI_Pass,Pending_AI_Pass
12_Handbags_Jewelry_Sample_Pack(50_JPEGS),DSC_0421.jpg,Brett Williams Studios LLC,Brett Williams,100% Chain of Title (Non-Scraped),17 U.S.C. § 106,Mandatory Disclosure Summary,8923f5599073131d62f349493b3d2384,Ai_Samples_Ready/12_Handbags_Jewelry_Sample_Pack(50_JPEGS)/DSC_0421.jpg,2026-05-06 12:13:37,Pending_AI_Pass,Pending_AI_Pass,Pending_AI_Pass
12_Handbags_Jewelry_Sample_Pack(50_JPEGS),DP7_60.jpg,Brett Williams Studios LLC,Brett Williams,100% Chain of Title (Non-Scraped),17 U.S.C. § 106,Mandatory Disclosure Summary,b8b11af522018e88d457b0251ca1b82f,Ai_Samples_Ready/12_Handbags_Jewelry_Sample_Pack(50_JPEGS)/DP7_60.jpg,2026-05-06 12:13:37,Pending_AI_Pass,Pending_AI_Pass,Pending_AI_Pass
12_Handbags_Jewelry_Sample_Pack(50_JPEGS),DP4_19.jpg,Brett Williams Studios LLC,Brett Williams,100% Chain of Title (Non-Scraped),17 U.S.C. § 106,Mandatory Disclosure Summary,f0edc2a7fb3b94e35311cdc4fbed20a0,Ai_Samples_Ready/12_Handbags_Jewelry_Sample_Pack(50_JPEGS)/DP4_19.jpg,2026-05-06 12:13:37,Pending_AI_Pass,Pending_AI_Pass,Pending_AI_Pass
12_Handbags_Jewelry_Sample_Pack(50_JPEGS),DP4_08.jpg,Brett Williams Studios LLC,Brett Williams,100% Chain of Title (Non-Scraped),17 U.S.C. § 106,Mandatory Disclosure Summary,27523d601df1936ee8159f50a4e4ab72,Ai_Samples_Ready/12_Handbags_Jewelry_Sample_Pack(50_JPEGS)/DP4_08.jpg,2026-05-06 12:13:37,Pending_AI_Pass,Pending_AI_Pass,Pending_AI_Pass
12_Handbags_Jewelry_Sample_Pack(50_JPEGS),DP7_58.jpg,Brett Williams Studios LLC,Brett Williams,100% Chain of Title (Non-Scraped),17 U.S.C. § 106,Mandatory Disclosure Summary,c94e6039535020cb48a6e65cc6be9a01,Ai_Samples_Ready/12_Handbags_Jewelry_Sample_Pack(50_JPEGS)/DP7_58.jpg,2026-05-06 12:13:37,Pending_AI_Pass,Pending_AI_Pass,Pending_AI_Pass
12_Handbags_Jewelry_Sample_Pack(50_JPEGS),DP11_21.jpg,Brett Williams Studios LLC,Brett Williams,100% Chain of Title (Non-Scraped),17 U.S.C. § 106,Mandatory Disclosure Summary,7491641a4501b6560d3f9e99243e08ae,Ai_Samples_Ready/12_Handbags_Jewelry_Sample_Pack(50_JPEGS)/DP11_21.jpg,2026-05-06 12:13:37,Pending_AI_Pass,Pending_AI_Pass,Pending_AI_Pass
12_Handbags_Jewelry_Sample_Pack(50_JPEGS),DP3 16.jpg,Brett Williams Studios LLC,Brett Williams,100% Chain of Title (Non-Scraped),17 U.S.C. § 106,Mandatory Disclosure Summary,ff0c4f06bd47c74b682ad2ed768ee1b1,Ai_Samples_Ready/12_Handbags_Jewelry_Sample_Pack(50_JPEGS)/DP3 16.jpg,2026-05-06 12:13:37,Pending_AI_Pass,Pending_AI_Pass,Pending_AI_Pass
12_Handbags_Jewelry_Sample_Pack(50_JPEGS),DP3 14.jpg,Brett Williams Studios LLC,Brett Williams,100% Chain of Title (Non-Scraped),17 U.S.C. § 106,Mandatory Disclosure Summary,e8cab918b8a3e88945eb167d0b8570a7,Ai_Samples_Ready/12_Handbags_Jewelry_Sample_Pack(50_JPEGS)/DP3 14.jpg,2026-05-06 12:13:37,Pending_AI_Pass,Pending_AI_Pass,Pending_AI_Pass
12_Handbags_Jewelry_Sample_Pack(50_JPEGS),DP7_66.jpg,Brett Williams Studios LLC,Brett Williams,100% Chain of Title (Non-Scraped),17 U.S.C. § 106,Mandatory Disclosure Summary,53514dc8af80c6314caf670926a607e6,Ai_Samples_Ready/12_Handbags_Jewelry_Sample_Pack(50_JPEGS)/DP7_66.jpg,2026-05-06 12:13:37,Pending_AI_Pass,Pending_AI_Pass,Pending_AI_Pass
12_Handbags_Jewelry_Sample_Pack(50_JPEGS),DP7_67.jpg,Brett Williams Studios LLC,Brett Williams,100% Chain of Title (Non-Scraped),17 U.S.C. § 106,Mandatory Disclosure Summary,4144b19b74523965cbd8feca7f4c038c,Ai_Samples_Ready/12_Handbags_Jewelry_Sample_Pack(50_JPEGS)/DP7_67.jpg,2026-05-06 12:13:37,Pending_AI_Pass,Pending_AI_Pass,Pending_AI_Pass
12_Handbags_Jewelry_Sample_Pack(50_JPEGS),DP11_22.jpg,Brett Williams Studios LLC,Brett Williams,100% Chain of Title (Non-Scraped),17 U.S.C. § 106,Mandatory Disclosure Summary,3d4b2f8407b3fb8334bb84c130e96739,Ai_Samples_Ready/12_Handbags_Jewelry_Sample_Pack(50_JPEGS)/DP11_22.jpg,2026-05-06 12:13:37,Pending_AI_Pass,Pending_AI_Pass,Pending_AI_Pass
12_Handbags_Jewelry_Sample_Pack(50_JPEGS),DP8_79.jpg,Brett Williams Studios LLC,Brett Williams,100% Chain of Title (Non-Scraped),17 U.S.C. § 106,Mandatory Disclosure Summary,2f796b8a5074380977782f67d300e01d,Ai_Samples_Ready/12_Handbags_Jewelry_Sample_Pack(50_JPEGS)/DP8_79.jpg,2026-05-06 12:13:37,Pending_AI_Pass,Pending_AI_Pass,Pending_AI_Pass
12_Handbags_Jewelry_Sample_Pack(50_JPEGS),DP6_54.jpg,Brett Williams Studios LLC,Brett Williams,100% Chain of Title (Non-Scraped),17 U.S.C. § 106,Mandatory Disclosure Summary,cb8f9805b6510d07b870eb7f37443a11,Ai_Samples_Ready/12_Handbags_Jewelry_Sample_Pack(50_JPEGS)/DP6_54.jpg,2026-05-06 12:13:37,Pending_AI_Pass,Pending_AI_Pass,Pending_AI_Pass
12_Handbags_Jewelry_Sample_Pack(50_JPEGS),DP6_40.jpg,Brett Williams Studios LLC,Brett Williams,100% Chain of Title (Non-Scraped),17 U.S.C. § 106,Mandatory Disclosure Summary,693c92f82f56025b509fb1ff9e112a65,Ai_Samples_Ready/12_Handbags_Jewelry_Sample_Pack(50_JPEGS)/DP6_40.jpg,2026-05-06 12:13:37,Pending_AI_Pass,Pending_AI_Pass,Pending_AI_Pass
12_Handbags_Jewelry_Sample_Pack(50_JPEGS),DP10_04.jpg,Brett Williams Studios LLC,Brett Williams,100% Chain of Title (Non-Scraped),17 U.S.C. § 106,Mandatory Disclosure Summary,c29c0b109d6970ef327e263f35737311,Ai_Samples_Ready/12_Handbags_Jewelry_Sample_Pack(50_JPEGS)/DP10_04.jpg,2026-05-06 12:13:37,Pending_AI_Pass,Pending_AI_Pass,Pending_AI_Pass
12_Handbags_Jewelry_Sample_Pack(50_JPEGS),DP8_78.jpg,Brett Williams Studios LLC,Brett Williams,100% Chain of Title (Non-Scraped),17 U.S.C. § 106,Mandatory Disclosure Summary,ca8d6e789b1effe71f81dfce2f3bf19f,Ai_Samples_Ready/12_Handbags_Jewelry_Sample_Pack(50_JPEGS)/DP8_78.jpg,2026-05-06 12:13:37,Pending_AI_Pass,Pending_AI_Pass,Pending_AI_Pass
12_Handbags_Jewelry_Sample_Pack(50_JPEGS),DP2 25.jpg,Brett Williams Studios LLC,Brett Williams,100% Chain of Title (Non-Scraped),17 U.S.C. § 106,Mandatory Disclosure Summary,f1de22721b039faf9ef35bbc6e9d90f1,Ai_Samples_Ready/12_Handbags_Jewelry_Sample_Pack(50_JPEGS)/DP2 25.jpg,2026-05-06 12:13:37,Pending_AI_Pass,Pending_AI_Pass,Pending_AI_Pass
12_Handbags_Jewelry_Sample_Pack(50_JPEGS),DP10_13.jpg,Brett Williams Studios LLC,Brett Williams,100% Chain of Title (Non-Scraped),17 U.S.C. § 106,Mandatory Disclosure Summary,f5cbd02d03c6aecdcecece6d60f07ff6,Ai_Samples_Ready/12_Handbags_Jewelry_Sample_Pack(50_JPEGS)/DP10_13.jpg,2026-05-06 12:13:37,Pending_AI_Pass,Pending_AI_Pass,Pending_AI_Pass
12_Handbags_Jewelry_Sample_Pack(50_JPEGS),DP10_07.jpg,Brett Williams Studios LLC,Brett Williams,100% Chain of Title (Non-Scraped),17 U.S.C. § 106,Mandatory Disclosure Summary,e6242667f80e363f87e475b566c904d2,Ai_Samples_Ready/12_Handbags_Jewelry_Sample_Pack(50_JPEGS)/DP10_07.jpg,2026-05-06 12:13:37,Pending_AI_Pass,Pending_AI_Pass,Pending_AI_Pass
12_Handbags_Jewelry_Sample_Pack(50_JPEGS),DP6_42.jpg,Brett Williams Studios LLC,Brett Williams,100% Chain of Title (Non-Scraped),17 U.S.C. § 106,Mandatory Disclosure Summary,1a24342c9b5a2f5e51b2357f1630fb3f,Ai_Samples_Ready/12_Handbags_Jewelry_Sample_Pack(50_JPEGS)/DP6_42.jpg,2026-05-06 12:13:37,Pending_AI_Pass,Pending_AI_Pass,Pending_AI_Pass
12_Handbags_Jewelry_Sample_Pack(50_JPEGS),DP8_84.jpg,Brett Williams Studios LLC,Brett Williams,100% Chain of Title (Non-Scraped),17 U.S.C. § 106,Mandatory Disclosure Summary,e4f00f5d40e682a9c84b3a198a0caf1c,Ai_Samples_Ready/12_Handbags_Jewelry_Sample_Pack(50_JPEGS)/DP8_84.jpg,2026-05-06 12:13:37,Pending_AI_Pass,Pending_AI_Pass,Pending_AI_Pass
12_Handbags_Jewelry_Sample_Pack(50_JPEGS),DP6_51.jpg,Brett Williams Studios LLC,Brett Williams,100% Chain of Title (Non-Scraped),17 U.S.C. § 106,Mandatory Disclosure Summary,edf882cab0aa1e937e0f45299b513c76,Ai_Samples_Ready/12_Handbags_Jewelry_Sample_Pack(50_JPEGS)/DP6_51.jpg,2026-05-06 12:13:37,Pending_AI_Pass,Pending_AI_Pass,Pending_AI_Pass
12_Handbags_Jewelry_Sample_Pack(50_JPEGS),DP2 22.jpg,Brett Williams Studios LLC,Brett Williams,100% Chain of Title (Non-Scraped),17 U.S.C. § 106,Mandatory Disclosure Summary,bf8d5731097f1a611167cdd83b3c958b,Ai_Samples_Ready/12_Handbags_Jewelry_Sample_Pack(50_JPEGS)/DP2 22.jpg,2026-05-06 12:13:37,Pending_AI_Pass,Pending_AI_Pass,Pending_AI_Pass
12_Handbags_Jewelry_Sample_Pack(50_JPEGS),DP6_44.jpg,Brett Williams Studios LLC,Brett Williams,100% Chain of Title (Non-Scraped),17 U.S.C. § 106,Mandatory Disclosure Summary,9f47bda9a8ad3408e5902cb7fd62495c,Ai_Samples_Ready/12_Handbags_Jewelry_Sample_Pack(50_JPEGS)/DP6_44.jpg,2026-05-06 12:13:37,Pending_AI_Pass,Pending_AI_Pass,Pending_AI_Pass
12_Handbags_Jewelry_Sample_Pack(50_JPEGS),DP5_25.jpg,Brett Williams Studios LLC,Brett Williams,100% Chain of Title (Non-Scraped),17 U.S.C. § 106,Mandatory Disclosure Summary,09343e3488718d2262de1f31148af972,Ai_Samples_Ready/12_Handbags_Jewelry_Sample_Pack(50_JPEGS)/DP5_25.jpg,2026-05-06 12:13:37,Pending_AI_Pass,Pending_AI_Pass,Pending_AI_Pass
12_Handbags_Jewelry_Sample_Pack(50_JPEGS),DP5_26.jpg,Brett Williams Studios LLC,Brett Williams,100% Chain of Title (Non-Scraped),17 U.S.C. § 106,Mandatory Disclosure Summary,a4a48e292ca7e3100d8691676eab7d98,Ai_Samples_Ready/12_Handbags_Jewelry_Sample_Pack(50_JPEGS)/DP5_26.jpg,2026-05-06 12:13:37,Pending_AI_Pass,Pending_AI_Pass,Pending_AI_Pass
12_Handbags_Jewelry_Sample_Pack(50_JPEGS),DP5_32.jpg,Brett Williams Studios LLC,Brett Williams,100% Chain of Title (Non-Scraped),17 U.S.C. § 106,Mandatory Disclosure Summary,060117b1257dbf238785e9f63bf4fb55,Ai_Samples_Ready/12_Handbags_Jewelry_Sample_Pack(50_JPEGS)/DP5_32.jpg,2026-05-06 12:13:37,Pending_AI_Pass,Pending_AI_Pass,Pending_AI_Pass
12_Handbags_Jewelry_Sample_Pack(50_JPEGS),DP2 7.jpg,Brett Williams Studios LLC,Brett Williams,100% Chain of Title (Non-Scraped),17 U.S.C. § 106,Mandatory Disclosure Summary,67ded0515e2c504b2564340f9068ae66,Ai_Samples_Ready/12_Handbags_Jewelry_Sample_Pack(50_JPEGS)/DP2 7.jpg,2026-05-06 12:13:37,Pending_AI_Pass,Pending_AI_Pass,Pending_AI_Pass
12_Handbags_Jewelry_Sample_Pack(50_JPEGS),DP2 14.jpg,Brett Williams Studios LLC,Brett Williams,100% Chain of Title (Non-Scraped),17 U.S.C. § 106,Mandatory Disclosure Summary,bb8336b63c9b04cc1a2d9c24eb9fb5ac,Ai_Samples_Ready/12_Handbags_Jewelry_Sample_Pack(50_JPEGS)/DP2 14.jpg,2026-05-06 12:13:37,Pending_AI_Pass,Pending_AI_Pass,Pending_AI_Pass
12_Handbags_Jewelry_Sample_Pack(50_JPEGS),DP5_35.jpg,Brett Williams Studios LLC,Brett Williams,100% Chain of Title (Non-Scraped),17 U.S.C. § 106,Mandatory Disclosure Summary,c0c95d32836026b1815f9e64d46c43d9,Ai_Samples_Ready/12_Handbags_Jewelry_Sample_Pack(50_JPEGS)/DP5_35.jpg,2026-05-06 12:13:37,Pending_AI_Pass,Pending_AI_Pass,Pending_AI_Pass
12_Handbags_Jewelry_Sample_Pack(50_JPEGS),DP10_08.jpg,Brett Williams Studios LLC,Brett Williams,100% Chain of Title (Non-Scraped),17 U.S.C. § 106,Mandatory Disclosure Summary,7edc63046292089c40e876dce007c164,Ai_Samples_Ready/12_Handbags_Jewelry_Sample_Pack(50_JPEGS)/DP10_08.jpg,2026-05-06 12:13:37,Pending_AI_Pass,Pending_AI_Pass,Pending_AI_Pass
12_Handbags_Jewelry_Sample_Pack(50_JPEGS),DP2 4.jpg,Brett Williams Studios LLC,Brett Williams,100% Chain of Title (Non-Scraped),17 U.S.C. § 106,Mandatory Disclosure Summary,59d8b3e8c9ee8600c85cfa1ee311bcb6,Ai_Samples_Ready/12_Handbags_Jewelry_Sample_Pack(50_JPEGS)/DP2 4.jpg,2026-05-06 12:13:37,Pending_AI_Pass,Pending_AI_Pass,Pending_AI_Pass
12_Handbags_Jewelry_Sample_Pack(50_JPEGS),DP5_20.jpg,Brett Williams Studios LLC,Brett Williams,100% Chain of Title (Non-Scraped),17 U.S.C. § 106,Mandatory Disclosure Summary,8aa0c52fc26d803795fc36bb1fd8c821,Ai_Samples_Ready/12_Handbags_Jewelry_Sample_Pack(50_JPEGS)/DP5_20.jpg,2026-05-06 12:13:37,Pending_AI_Pass,Pending_AI_Pass,Pending_AI_Pass
12_Handbags_Jewelry_Sample_Pack(50_JPEGS),DP1 1.jpg,Brett Williams Studios LLC,Brett Williams,100% Chain of Title (Non-Scraped),17 U.S.C. § 106,Mandatory Disclosure Summary,3f6563cac020bbd0e1597ad064caa4fc,Ai_Samples_Ready/12_Handbags_Jewelry_Sample_Pack(50_JPEGS)/DP1 1.jpg,2026-05-06 12:13:37,Pending_AI_Pass,Pending_AI_Pass,Pending_AI_Pass
12_Handbags_Jewelry_Sample_Pack(50_JPEGS),DP9_90.jpg,Brett Williams Studios LLC,Brett Williams,100% Chain of Title (Non-Scraped),17 U.S.C. § 106,Mandatory Disclosure Summary,d06f6772983acc2e2f5cc8c096b63154,Ai_Samples_Ready/12_Handbags_Jewelry_Sample_Pack(50_JPEGS)/DP9_90.jpg,2026-05-06 12:13:37,Pending_AI_Pass,Pending_AI_Pass,Pending_AI_Pass
12_Handbags_Jewelry_Sample_Pack(50_JPEGS),DP9_87.jpg,Brett Williams Studios LLC,Brett Williams,100% Chain of Title (Non-Scraped),17 U.S.C. § 106,Mandatory Disclosure Summary,a6a680f65e6d81d2af494b5f3e476cbe,Ai_Samples_Ready/12_Handbags_Jewelry_Sample_Pack(50_JPEGS)/DP9_87.jpg,2026-05-06 12:13:37,Pending_AI_Pass,Pending_AI_Pass,Pending_AI_Pass
12_Handbags_Jewelry_Sample_Pack(50_JPEGS),DP1 23.jpg,Brett Williams Studios LLC,Brett Williams,100% Chain of Title (Non-Scraped),17 U.S.C. § 106,Mandatory Disclosure Summary,1d1a7bab5c91914e4fee85dd885ebc84,Ai_Samples_Ready/12_Handbags_Jewelry_Sample_Pack(50_JPEGS)/DP1 23.jpg,2026-05-06 12:13:37,Pending_AI_Pass,Pending_AI_Pass,Pending_AI_Pass
12_Handbags_Jewelry_Sample_Pack(50_JPEGS),DP4_11.jpg,Brett Williams Studios LLC,Brett Williams,100% Chain of Title (Non-Scraped),17 U.S.C. § 106,Mandatory Disclosure Summary,7f90e6f50302ad082d4908dc43d22240,Ai_Samples_Ready/12_Handbags_Jewelry_Sample_Pack(50_JPEGS)/DP4_11.jpg,2026-05-06 12:13:37,Pending_AI_Pass,Pending_AI_Pass,Pending_AI_Pass
12_Handbags_Jewelry_Sample_Pack(50_JPEGS),DP4_05.jpg,Brett Williams Studios LLC,Brett Williams,100% Chain of Title (Non-Scraped),17 U.S.C. § 106,Mandatory Disclosure Summary,781bfe40e40aaabc4c0a6b4dae5dbd5d,Ai_Samples_Ready/12_Handbags_Jewelry_Sample_Pack(50_JPEGS)/DP4_05.jpg,2026-05-06 12:13:37,Pending_AI_Pass,Pending_AI_Pass,Pending_AI_Pass
12_Handbags_Jewelry_Sample_Pack(50_JPEGS),DP3 1.jpg,Brett Williams Studios LLC,Brett Williams,100% Chain of Title (Non-Scraped),17 U.S.C. § 106,Mandatory Disclosure Summary,49cb790402ab6b5616fa39405d48c030,Ai_Samples_Ready/12_Handbags_Jewelry_Sample_Pack(50_JPEGS)/DP3 1.jpg,2026-05-06 12:13:37,Pending_AI_Pass,Pending_AI_Pass,Pending_AI_Pass
12_Handbags_Jewelry_Sample_Pack(50_JPEGS),DP11_15.jpg,Brett Williams Studios LLC,Brett Williams,100% Chain of Title (Non-Scraped),17 U.S.C. § 106,Mandatory Disclosure Summary,2cefd381867a237f5c83276356677832,Ai_Samples_Ready/12_Handbags_Jewelry_Sample_Pack(50_JPEGS)/DP11_15.jpg,2026-05-06 12:13:37,Pending_AI_Pass,Pending_AI_Pass,Pending_AI_Pass
12_Handbags_Jewelry_Sample_Pack(50_JPEGS),DP4_15.jpg,Brett Williams Studios LLC,Brett Williams,100% Chain of Title (Non-Scraped),17 U.S.C. § 106,Mandatory Disclosure Summary,f70dfd267106d4fcac9cbeecde1131b2,Ai_Samples_Ready/12_Handbags_Jewelry_Sample_Pack(50_JPEGS)/DP4_15.jpg,2026-05-06 12:13:37,Pending_AI_Pass,Pending_AI_Pass,Pending_AI_Pass
12_Handbags_Jewelry_Sample_Pack(50_JPEGS),DP1 27.jpg,Brett Williams Studios LLC,Brett Williams,100% Chain of Title (Non-Scraped),17 U.S.C. § 106,Mandatory Disclosure Summary,0b0be42ff9149246e6d4c9739f95953a,Ai_Samples_Ready/12_Handbags_Jewelry_Sample_Pack(50_JPEGS)/DP1 27.jpg,2026-05-06 12:13:37,Pending_AI_Pass,Pending_AI_Pass,Pending_AI_Pass
12_Handbags_Jewelry_Sample_Pack(50_JPEGS),DP9_97.jpg,Brett Williams Studios LLC,Brett Williams,100% Chain of Title (Non-Scraped),17 U.S.C. § 106,Mandatory Disclosure Summary,30f86818661742d3669fbeb443f398fc,Ai_Samples_Ready/12_Handbags_Jewelry_Sample_Pack(50_JPEGS)/DP9_97.jpg,2026-05-06 12:13:37,Pending_AI_Pass,Pending_AI_Pass,Pending_AI_Pass
12_Handbags_Jewelry_Sample_Pack(50_JPEGS),DP3 6.jpg,Brett Williams Studios LLC,Brett Williams,100% Chain of Title (Non-Scraped),17 U.S.C. § 106,Mandatory Disclosure Summary,d05185dd969554180d8428898d5ac6b5,Ai_Samples_Ready/12_Handbags_Jewelry_Sample_Pack(50_JPEGS)/DP3 6.jpg,2026-05-06 12:13:37,Pending_AI_Pass,Pending_AI_Pass,Pending_AI_Pass
12_Handbags_Jewelry_Sample_Pack(50_JPEGS),DP1 31.jpg,Brett Williams Studios LLC,Brett Williams,100% Chain of Title (Non-Scraped),17 U.S.C. § 106,Mandatory Disclosure Summary,7d706ec4913cac2af804330bc0b06761,Ai_Samples_Ready/12_Handbags_Jewelry_Sample_Pack(50_JPEGS)/DP1 31.jpg,2026-05-06 12:13:37,Pending_AI_Pass,Pending_AI_Pass,Pending_AI_Pass
12_Handbags_Jewelry_Sample_Pack(50_JPEGS),DP3 7.jpg,Brett Williams Studios LLC,Brett Williams,100% Chain of Title (Non-Scraped),17 U.S.C. § 106,Mandatory Disclosure Summary,595d6bc288089f16363a95c951c17b2c,Ai_Samples_Ready/12_Handbags_Jewelry_Sample_Pack(50_JPEGS)/DP3 7.jpg,2026-05-06 12:13:37,Pending_AI_Pass,Pending_AI_Pass,Pending_AI_Pass
10_Junior_(40_JPEGS),sr2-107.jpg,Brett Williams Studios LLC,Brett Williams,100% Chain of Title (Non-Scraped),17 U.S.C. § 106,Mandatory Disclosure Summary,c2e096a635afe35b020ecb8e3dfdf9b0,Ai_Samples_Ready/10_Junior_(40_JPEGS)/sr2-107.jpg,2026-05-06 12:13:37,Pending_AI_Pass,Pending_AI_Pass,Pending_AI_Pass
10_Junior_(40_JPEGS),DSC_5029.jpg,Brett Williams Studios LLC,Brett Williams,100% Chain of Title (Non-Scraped),17 U.S.C. § 106,Mandatory Disclosure Summary,ef4ef9d0158b0030645bd3fa8f1c87fb,Ai_Samples_Ready/10_Junior_(40_JPEGS)/DSC_5029.jpg,2026-05-06 12:13:37,Pending_AI_Pass,Pending_AI_Pass,Pending_AI_Pass
10_Junior_(40_JPEGS),IMG_9031.jpg,Brett Williams Studios LLC,Brett Williams,100% Chain of Title (Non-Scraped),17 U.S.C. § 106,Mandatory Disclosure Summary,8d1edc1a55e5ad98589538995945ab18,Ai_Samples_Ready/10_Junior_(40_JPEGS)/IMG_9031.jpg,2026-05-06 12:13:37,Pending_AI_Pass,Pending_AI_Pass,Pending_AI_Pass
10_Junior_(40_JPEGS),eva2-0126.jpg,Brett Williams Studios LLC,Brett Williams,100% Chain of Title (Non-Scraped),17 U.S.C. § 106,Mandatory Disclosure Summary,3f04106187d2bad825d5f836c12e66ec,Ai_Samples_Ready/10_Junior_(40_JPEGS)/eva2-0126.jpg,2026-05-06 12:13:37,Pending_AI_Pass,Pending_AI_Pass,Pending_AI_Pass
10_Junior_(40_JPEGS),avalon barry-0173.jpg,Brett Williams Studios LLC,Brett Williams,100% Chain of Title (Non-Scraped),17 U.S.C. § 106,Mandatory Disclosure Summary,5df004d72533dbd1cc0fa14416ef7cd3,Ai_Samples_Ready/10_Junior_(40_JPEGS)/avalon barry-0173.jpg,2026-05-06 12:13:37,Pending_AI_Pass,Pending_AI_Pass,Pending_AI_Pass
10_Junior_(40_JPEGS),IMG_8700.jpg,Brett Williams Studios LLC,Brett Williams,100% Chain of Title (Non-Scraped),17 U.S.C. § 106,Mandatory Disclosure Summary,672a59da747e2232ead86fe4c33df2eb,Ai_Samples_Ready/10_Junior_(40_JPEGS)/IMG_8700.jpg,2026-05-06 12:13:37,Pending_AI_Pass,Pending_AI_Pass,Pending_AI_Pass
10_Junior_(40_JPEGS),DSC_5638.jpg,Brett Williams Studios LLC,Brett Williams,100% Chain of Title (Non-Scraped),17 U.S.C. § 106,Mandatory Disclosure Summary,da7f0b06e594a015d1d1124f75859b74,Ai_Samples_Ready/10_Junior_(40_JPEGS)/DSC_5638.jpg,2026-05-06 12:13:37,Pending_AI_Pass,Pending_AI_Pass,Pending_AI_Pass
10_Junior_(40_JPEGS),guppiez0231.jpg,Brett Williams Studios LLC,Brett Williams,100% Chain of Title (Non-Scraped),17 U.S.C. § 106,Mandatory Disclosure Summary,02fe629a64866dc61ec4e96d16d84de2,Ai_Samples_Ready/10_Junior_(40_JPEGS)/guppiez0231.jpg,2026-05-06 12:13:37,Pending_AI_Pass,Pending_AI_Pass,Pending_AI_Pass
10_Junior_(40_JPEGS),_MG_8830.jpg,Brett Williams Studios LLC,Brett Williams,100% Chain of Title (Non-Scraped),17 U.S.C. § 106,Mandatory Disclosure Summary,f55126fd129bc75dad1d6d1aff2235dd,Ai_Samples_Ready/10_Junior_(40_JPEGS)/_MG_8830.jpg,2026-05-06 12:13:37,Pending_AI_Pass,Pending_AI_Pass,Pending_AI_Pass
10_Junior_(40_JPEGS),CRW_9574.jpg,Brett Williams Studios LLC,Brett Williams,100% Chain of Title (Non-Scraped),17 U.S.C. § 106,Mandatory Disclosure Summary,2917f9f53221fcfd0ed1f9c4398b0487,Ai_Samples_Ready/10_Junior_(40_JPEGS)/CRW_9574.jpg,2026-05-06 12:13:37,Pending_AI_Pass,Pending_AI_Pass,Pending_AI_Pass
10_Junior_(40_JPEGS),IMG_8712.jpg,Brett Williams Studios LLC,Brett Williams,100% Chain of Title (Non-Scraped),17 U.S.C. § 106,Mandatory Disclosure Summary,c8283a225ff43b663845774265d6b33b,Ai_Samples_Ready/10_Junior_(40_JPEGS)/IMG_8712.jpg,2026-05-06 12:13:37,Pending_AI_Pass,Pending_AI_Pass,Pending_AI_Pass
10_Junior_(40_JPEGS),guppiez0122.jpg,Brett Williams Studios LLC,Brett Williams,100% Chain of Title (Non-Scraped),17 U.S.C. § 106,Mandatory Disclosure Summary,6af86bb96758f9369854c78cf8b0d535,Ai_Samples_Ready/10_Junior_(40_JPEGS)/guppiez0122.jpg,2026-05-06 12:13:37,Pending_AI_Pass,Pending_AI_Pass,Pending_AI_Pass
10_Junior_(40_JPEGS),DSC_6386.jpg,Brett Williams Studios LLC,Brett Williams,100% Chain of Title (Non-Scraped),17 U.S.C. § 106,Mandatory Disclosure Summary,5d5c0b8467670a639cf0f9a490dc6094,Ai_Samples_Ready/10_Junior_(40_JPEGS)/DSC_6386.jpg,2026-05-06 12:13:37,Pending_AI_Pass,Pending_AI_Pass,Pending_AI_Pass
10_Junior_(40_JPEGS),avalon barry-0104.jpg,Brett Williams Studios LLC,Brett Williams,100% Chain of Title (Non-Scraped),17 U.S.C. § 106,Mandatory Disclosure Summary,7a48ac62a4b80e757c39329f98741985,Ai_Samples_Ready/10_Junior_(40_JPEGS)/avalon barry-0104.jpg,2026-05-06 12:13:37,Pending_AI_Pass,Pending_AI_Pass,Pending_AI_Pass
10_Junior_(40_JPEGS),guppiez0242.jpg,Brett Williams Studios LLC,Brett Williams,100% Chain of Title (Non-Scraped),17 U.S.C. § 106,Mandatory Disclosure Summary,fa48e2fbcb2267c2bbf982937bd1df8d,Ai_Samples_Ready/10_Junior_(40_JPEGS)/guppiez0242.jpg,2026-05-06 12:13:37,Pending_AI_Pass,Pending_AI_Pass,Pending_AI_Pass
10_Junior_(40_JPEGS),eva2-0237.jpg,Brett Williams Studios LLC,Brett Williams,100% Chain of Title (Non-Scraped),17 U.S.C. § 106,Mandatory Disclosure Summary,9149fcf43b14936c97d89cc9171ed01d,Ai_Samples_Ready/10_Junior_(40_JPEGS)/eva2-0237.jpg,2026-05-06 12:13:37,Pending_AI_Pass,Pending_AI_Pass,Pending_AI_Pass
10_Junior_(40_JPEGS),sr2.jpg,Brett Williams Studios LLC,Brett Williams,100% Chain of Title (Non-Scraped),17 U.S.C. § 106,Mandatory Disclosure Summary,7e5c6dd8e872bc63bb9a6dd212045d93,Ai_Samples_Ready/10_Junior_(40_JPEGS)/sr2.jpg,2026-05-06 12:13:37,Pending_AI_Pass,Pending_AI_Pass,Pending_AI_Pass
10_Junior_(40_JPEGS),guppiez0052.jpg,Brett Williams Studios LLC,Brett Williams,100% Chain of Title (Non-Scraped),17 U.S.C. § 106,Mandatory Disclosure Summary,910f979f33a56a8ca8071782ef5d9d64,Ai_Samples_Ready/10_Junior_(40_JPEGS)/guppiez0052.jpg,2026-05-06 12:13:37,Pending_AI_Pass,Pending_AI_Pass,Pending_AI_Pass
10_Junior_(40_JPEGS),sr2-019.jpg,Brett Williams Studios LLC,Brett Williams,100% Chain of Title (Non-Scraped),17 U.S.C. § 106,Mandatory Disclosure Summary,8cace5e538b991caf611240846b7bd5b,Ai_Samples_Ready/10_Junior_(40_JPEGS)/sr2-019.jpg,2026-05-06 12:13:37,Pending_AI_Pass,Pending_AI_Pass,Pending_AI_Pass
10_Junior_(40_JPEGS),guppiez0467.jpg,Brett Williams Studios LLC,Brett Williams,100% Chain of Title (Non-Scraped),17 U.S.C. § 106,Mandatory Disclosure Summary,cc744fd99d4c322124771aa616c34f5e,Ai_Samples_Ready/10_Junior_(40_JPEGS)/guppiez0467.jpg,2026-05-06 12:13:37,Pending_AI_Pass,Pending_AI_Pass,Pending_AI_Pass
10_Junior_(40_JPEGS),DSC_4771.jpg,Brett Williams Studios LLC,Brett Williams,100% Chain of Title (Non-Scraped),17 U.S.C. § 106,Mandatory Disclosure Summary,10ef08450527ea46cac3ee5e9fdacea1,Ai_Samples_Ready/10_Junior_(40_JPEGS)/DSC_4771.jpg,2026-05-06 12:13:37,Pending_AI_Pass,Pending_AI_Pass,Pending_AI_Pass
10_Junior_(40_JPEGS),DSC_5269.jpg,Brett Williams Studios LLC,Brett Williams,100% Chain of Title (Non-Scraped),17 U.S.C. § 106,Mandatory Disclosure Summary,0e0fb063060312484f2f16800860ae96,Ai_Samples_Ready/10_Junior_(40_JPEGS)/DSC_5269.jpg,2026-05-06 12:13:37,Pending_AI_Pass,Pending_AI_Pass,Pending_AI_Pass
10_Junior_(40_JPEGS),DSC_5296.jpg,Brett Williams Studios LLC,Brett Williams,100% Chain of Title (Non-Scraped),17 U.S.C. § 106,Mandatory Disclosure Summary,2681dce618470a07bb5a9c613e9f5417,Ai_Samples_Ready/10_Junior_(40_JPEGS)/DSC_5296.jpg,2026-05-06 12:13:37,Pending_AI_Pass,Pending_AI_Pass,Pending_AI_Pass
10_Junior_(40_JPEGS),DSC_5478.jpg,Brett Williams Studios LLC,Brett Williams,100% Chain of Title (Non-Scraped),17 U.S.C. § 106,Mandatory Disclosure Summary,5161cdf4796e794c298def6407b22d26,Ai_Samples_Ready/10_Junior_(40_JPEGS)/DSC_5478.jpg,2026-05-06 12:13:37,Pending_AI_Pass,Pending_AI_Pass,Pending_AI_Pass
10_Junior_(40_JPEGS),guppiez0099.jpg,Brett Williams Studios LLC,Brett Williams,100% Chain of Title (Non-Scraped),17 U.S.C. § 106,Mandatory Disclosure Summary,dd29802655ce5fd4d5cc5ef1a397c467,Ai_Samples_Ready/10_Junior_(40_JPEGS)/guppiez0099.jpg,2026-05-06 12:13:37,Pending_AI_Pass,Pending_AI_Pass,Pending_AI_Pass
10_Junior_(40_JPEGS),_MG_8910.jpg,Brett Williams Studios LLC,Brett Williams,100% Chain of Title (Non-Scraped),17 U.S.C. § 106,Mandatory Disclosure Summary,cd98a8120584bfd37b3e5feb542b1ee5,Ai_Samples_Ready/10_Junior_(40_JPEGS)/_MG_8910.jpg,2026-05-06 12:13:37,Pending_AI_Pass,Pending_AI_Pass,Pending_AI_Pass
10_Junior_(40_JPEGS),DSC_6177.jpg,Brett Williams Studios LLC,Brett Williams,100% Chain of Title (Non-Scraped),17 U.S.C. § 106,Mandatory Disclosure Summary,74230eb3fa1f1ff5e51b06d680b2287a,Ai_Samples_Ready/10_Junior_(40_JPEGS)/DSC_6177.jpg,2026-05-06 12:13:37,Pending_AI_Pass,Pending_AI_Pass,Pending_AI_Pass
10_Junior_(40_JPEGS),DSC_5424.jpg,Brett Williams Studios LLC,Brett Williams,100% Chain of Title (Non-Scraped),17 U.S.C. § 106,Mandatory Disclosure Summary,dad1ea47cea18025028c7538d357b6b6,Ai_Samples_Ready/10_Junior_(40_JPEGS)/DSC_5424.jpg,2026-05-06 12:13:37,Pending_AI_Pass,Pending_AI_Pass,Pending_AI_Pass
10_Junior_(40_JPEGS),IMG_8722.jpg,Brett Williams Studios LLC,Brett Williams,100% Chain of Title (Non-Scraped),17 U.S.C. § 106,Mandatory Disclosure Summary,53bbae98e47ae48d8fc0ec484fba2ff4,Ai_Samples_Ready/10_Junior_(40_JPEGS)/IMG_8722.jpg,2026-05-06 12:13:37,Pending_AI_Pass,Pending_AI_Pass,Pending_AI_Pass
10_Junior_(40_JPEGS),avalon barry-0032.jpg,Brett Williams Studios LLC,Brett Williams,100% Chain of Title (Non-Scraped),17 U.S.C. § 106,Mandatory Disclosure Summary,fc5f0351da2791bead84180e5f59eb80,Ai_Samples_Ready/10_Junior_(40_JPEGS)/avalon barry-0032.jpg,2026-05-06 12:13:37,Pending_AI_Pass,Pending_AI_Pass,Pending_AI_Pass
10_Junior_(40_JPEGS),eva2-0247-copy.jpg,Brett Williams Studios LLC,Brett Williams,100% Chain of Title (Non-Scraped),17 U.S.C. § 106,Mandatory Disclosure Summary,89060b65ead84d737ba3c9013da71aa2,Ai_Samples_Ready/10_Junior_(40_JPEGS)/eva2-0247-copy.jpg,2026-05-06 12:13:37,Pending_AI_Pass,Pending_AI_Pass,Pending_AI_Pass
10_Junior_(40_JPEGS),IMG_8655.jpg,Brett Williams Studios LLC,Brett Williams,100% Chain of Title (Non-Scraped),17 U.S.C. § 106,Mandatory Disclosure Summary,5565d33944b32ce055c135f421fb2a06,Ai_Samples_Ready/10_Junior_(40_JPEGS)/IMG_8655.jpg,2026-05-06 12:13:37,Pending_AI_Pass,Pending_AI_Pass,Pending_AI_Pass
10_Junior_(40_JPEGS),IMG_8866.jpg,Brett Williams Studios LLC,Brett Williams,100% Chain of Title (Non-Scraped),17 U.S.C. § 106,Mandatory Disclosure Summary,3260c2aa7aed9fd8c6578dfcae30d46e,Ai_Samples_Ready/10_Junior_(40_JPEGS)/IMG_8866.jpg,2026-05-06 12:13:37,Pending_AI_Pass,Pending_AI_Pass,Pending_AI_Pass
10_Junior_(40_JPEGS),sr2-078.jpg,Brett Williams Studios LLC,Brett Williams,100% Chain of Title (Non-Scraped),17 U.S.C. § 106,Mandatory Disclosure Summary,6ba48ef5c284c6cf93b963d449175d3d,Ai_Samples_Ready/10_Junior_(40_JPEGS)/sr2-078.jpg,2026-05-06 12:13:37,Pending_AI_Pass,Pending_AI_Pass,Pending_AI_Pass
10_Junior_(40_JPEGS),guppiez0204.jpg,Brett Williams Studios LLC,Brett Williams,100% Chain of Title (Non-Scraped),17 U.S.C. § 106,Mandatory Disclosure Summary,d9fb96b00c7f6589de8030fb8c07921e,Ai_Samples_Ready/10_Junior_(40_JPEGS)/guppiez0204.jpg,2026-05-06 12:13:37,Pending_AI_Pass,Pending_AI_Pass,Pending_AI_Pass
10_Junior_(40_JPEGS),guppiez0172.jpg,Brett Williams Studios LLC,Brett Williams,100% Chain of Title (Non-Scraped),17 U.S.C. § 106,Mandatory Disclosure Summary,cbd85890233a7716bd55bb03e6314c1a,Ai_Samples_Ready/10_Junior_(40_JPEGS)/guppiez0172.jpg,2026-05-06 12:13:37,Pending_AI_Pass,Pending_AI_Pass,Pending_AI_Pass
10_Junior_(40_JPEGS),IMG_9200.jpg,Brett Williams Studios LLC,Brett Williams,100% Chain of Title (Non-Scraped),17 U.S.C. § 106,Mandatory Disclosure Summary,4221647c94b0429980ee578c84141391,Ai_Samples_Ready/10_Junior_(40_JPEGS)/IMG_9200.jpg,2026-05-06 12:13:37,Pending_AI_Pass,Pending_AI_Pass,Pending_AI_Pass
10_Junior_(40_JPEGS),DSC_5583.jpg,Brett Williams Studios LLC,Brett Williams,100% Chain of Title (Non-Scraped),17 U.S.C. § 106,Mandatory Disclosure Summary,b204a9f1cb9fc2a2e7b7356233aec4cd,Ai_Samples_Ready/10_Junior_(40_JPEGS)/DSC_5583.jpg,2026-05-06 12:13:37,Pending_AI_Pass,Pending_AI_Pass,Pending_AI_Pass
10_Junior_(40_JPEGS),sr2-043.jpg,Brett Williams Studios LLC,Brett Williams,100% Chain of Title (Non-Scraped),17 U.S.C. § 106,Mandatory Disclosure Summary,11f62fe3efa773d5d02f2a79e5abb393,Ai_Samples_Ready/10_Junior_(40_JPEGS)/sr2-043.jpg,2026-05-06 12:13:37,Pending_AI_Pass,Pending_AI_Pass,Pending_AI_Pass
02_Photo_Booth__Series_(100_JPEGs),BWS_PS_061.jpg,Brett Williams Studios LLC,Brett Williams,100% Chain of Title (Non-Scraped),17 U.S.C. § 106,Mandatory Disclosure Summary,639c435ef087e89ac2f0a1b9e424450a,Ai_Samples_Ready/02_Photo_Booth__Series_(100_JPEGs)/BWS_PS_061.jpg,2026-05-06 12:13:37,Pending_AI_Pass,Pending_AI_Pass,Pending_AI_Pass
02_Photo_Booth__Series_(100_JPEGs),BWS_PS_075.jpg,Brett Williams Studios LLC,Brett Williams,100% Chain of Title (Non-Scraped),17 U.S.C. § 106,Mandatory Disclosure Summary,5ad5c262abe0935cb4415fb9c46bd42f,Ai_Samples_Ready/02_Photo_Booth__Series_(100_JPEGs)/BWS_PS_075.jpg,2026-05-06 12:13:37,Pending_AI_Pass,Pending_AI_Pass,Pending_AI_Pass
02_Photo_Booth__Series_(100_JPEGs),BWS_PS_115.jpg,Brett Williams Studios LLC,Brett Williams,100% Chain of Title (Non-Scraped),17 U.S.C. § 106,Mandatory Disclosure Summary,fd651bde55d35a1c0bb86ae0e7baa2ce,Ai_Samples_Ready/02_Photo_Booth__Series_(100_JPEGs)/BWS_PS_115.jpg,2026-05-06 12:13:37,Pending_AI_Pass,Pending_AI_Pass,Pending_AI_Pass
02_Photo_Booth__Series_(100_JPEGs),BWS_PS_101.jpg,Brett Williams Studios LLC,Brett Williams,100% Chain of Title (Non-Scraped),17 U.S.C. § 106,Mandatory Disclosure Summary,cdd29767e41a2530b0dc571995357c9b,Ai_Samples_Ready/02_Photo_Booth__Series_(100_JPEGs)/BWS_PS_101.jpg,2026-05-06 12:13:37,Pending_AI_Pass,Pending_AI_Pass,Pending_AI_Pass
02_Photo_Booth__Series_(100_JPEGs),BWS_PS_129.jpg,Brett Williams Studios LLC,Brett Williams,100% Chain of Title (Non-Scraped),17 U.S.C. § 106,Mandatory Disclosure Summary,c0cb07c676f37768eabaa018aebfc7d8,Ai_Samples_Ready/02_Photo_Booth__Series_(100_JPEGs)/BWS_PS_129.jpg,2026-05-06 12:13:37,Pending_AI_Pass,Pending_AI_Pass,Pending_AI_Pass
02_Photo_Booth__Series_(100_JPEGs),BWS_PS_128.jpg,Brett Williams Studios LLC,Brett Williams,100% Chain of Title (Non-Scraped),17 U.S.C. § 106,Mandatory Disclosure Summary,2b8b3f667412590a2dd99e5234105d01,Ai_Samples_Ready/02_Photo_Booth__Series_(100_JPEGs)/BWS_PS_128.jpg,2026-05-06 12:13:37,Pending_AI_Pass,Pending_AI_Pass,Pending_AI_Pass
02_Photo_Booth__Series_(100_JPEGs),BWS_PS_100.jpg,Brett Williams Studios LLC,Brett Williams,100% Chain of Title (Non-Scraped),17 U.S.C. § 106,Mandatory Disclosure Summary,216d96358b04e8c3ec41580bc1ea971b,Ai_Samples_Ready/02_Photo_Booth__Series_(100_JPEGs)/BWS_PS_100.jpg,2026-05-06 12:13:37,Pending_AI_Pass,Pending_AI_Pass,Pending_AI_Pass
02_Photo_Booth__Series_(100_JPEGs),BWS_PS_114.jpg,Brett Williams Studios LLC,Brett Williams,100% Chain of Title (Non-Scraped),17 U.S.C. § 106,Mandatory Disclosure Summary,531c0c8607e1d4f70520c0e9f3a54d55,Ai_Samples_Ready/02_Photo_Booth__Series_(100_JPEGs)/BWS_PS_114.jpg,2026-05-06 12:13:37,Pending_AI_Pass,Pending_AI_Pass,Pending_AI_Pass
02_Photo_Booth__Series_(100_JPEGs),BWS_PS_074.jpg,Brett Williams Studios LLC,Brett Williams,100% Chain of Title (Non-Scraped),17 U.S.C. § 106,Mandatory Disclosure Summary,911e6dbe3e4cb58e678d8c338bd2bd30,Ai_Samples_Ready/02_Photo_Booth__Series_(100_JPEGs)/BWS_PS_074.jpg,2026-05-06 12:13:37,Pending_AI_Pass,Pending_AI_Pass,Pending_AI_Pass
02_Photo_Booth__Series_(100_JPEGs),BWS_PS_089.jpg,Brett Williams Studios LLC,Brett Williams,100% Chain of Title (Non-Scraped),17 U.S.C. § 106,Mandatory Disclosure Summary,ee24d410979c5b03a997de4502f14f0d,Ai_Samples_Ready/02_Photo_Booth__Series_(100_JPEGs)/BWS_PS_089.jpg,2026-05-06 12:13:37,Pending_AI_Pass,Pending_AI_Pass,Pending_AI_Pass
02_Photo_Booth__Series_(100_JPEGs),BWS_PS_076.jpg,Brett Williams Studios LLC,Brett Williams,100% Chain of Title (Non-Scraped),17 U.S.C. § 106,Mandatory Disclosure Summary,b65408692eee06f29078ee2455f28613,Ai_Samples_Ready/02_Photo_Booth__Series_(100_JPEGs)/BWS_PS_076.jpg,2026-05-06 12:13:37,Pending_AI_Pass,Pending_AI_Pass,Pending_AI_Pass
02_Photo_Booth__Series_(100_JPEGs),BWS_PS_062.jpg,Brett Williams Studios LLC,Brett Williams,100% Chain of Title (Non-Scraped),17 U.S.C. § 106,Mandatory Disclosure Summary,3b5b8edc4984459bbde4426345720dfb,Ai_Samples_Ready/02_Photo_Booth__Series_(100_JPEGs)/BWS_PS_062.jpg,2026-05-06 12:13:37,Pending_AI_Pass,Pending_AI_Pass,Pending_AI_Pass
02_Photo_Booth__Series_(100_JPEGs),BWS_PS_102.jpg,Brett Williams Studios LLC,Brett Williams,100% Chain of Title (Non-Scraped),17 U.S.C. § 106,Mandatory Disclosure Summary,e84c2025add697e46348baee50f79728,Ai_Samples_Ready/02_Photo_Booth__Series_(100_JPEGs)/BWS_PS_102.jpg,2026-05-06 12:13:37,Pending_AI_Pass,Pending_AI_Pass,Pending_AI_Pass
02_Photo_Booth__Series_(100_JPEGs),BWS_PS_116.jpg,Brett Williams Studios LLC,Brett Williams,100% Chain of Title (Non-Scraped),17 U.S.C. § 106,Mandatory Disclosure Summary,151d63d59c3930e848df5b6b35fc9825,Ai_Samples_Ready/02_Photo_Booth__Series_(100_JPEGs)/BWS_PS_116.jpg,2026-05-06 12:13:37,Pending_AI_Pass,Pending_AI_Pass,Pending_AI_Pass
02_Photo_Booth__Series_(100_JPEGs),BWS_PS_117.jpg,Brett Williams Studios LLC,Brett Williams,100% Chain of Title (Non-Scraped),17 U.S.C. § 106,Mandatory Disclosure Summary,9668055d20bd762efe45dba4d6cd1e1e,Ai_Samples_Ready/02_Photo_Booth__Series_(100_JPEGs)/BWS_PS_117.jpg,2026-05-06 12:13:37,Pending_AI_Pass,Pending_AI_Pass,Pending_AI_Pass
02_Photo_Booth__Series_(100_JPEGs),BWS_PS_103.jpg,Brett Williams Studios LLC,Brett Williams,100% Chain of Title (Non-Scraped),17 U.S.C. § 106,Mandatory Disclosure Summary,4ae3a56e9a22b01ea8c4bca4a3a4357f,Ai_Samples_Ready/02_Photo_Booth__Series_(100_JPEGs)/BWS_PS_103.jpg,2026-05-06 12:13:37,Pending_AI_Pass,Pending_AI_Pass,Pending_AI_Pass
02_Photo_Booth__Series_(100_JPEGs),BWS_PS_063.jpg,Brett Williams Studios LLC,Brett Williams,100% Chain of Title (Non-Scraped),17 U.S.C. § 106,Mandatory Disclosure Summary,6472ca7fecb14f0aee3a8f98b45e027a,Ai_Samples_Ready/02_Photo_Booth__Series_(100_JPEGs)/BWS_PS_063.jpg,2026-05-06 12:13:37,Pending_AI_Pass,Pending_AI_Pass,Pending_AI_Pass
02_Photo_Booth__Series_(100_JPEGs),BWS_PS_077.jpg,Brett Williams Studios LLC,Brett Williams,100% Chain of Title (Non-Scraped),17 U.S.C. § 106,Mandatory Disclosure Summary,63fe01113a70a8bbc19ad19d2a0cd695,Ai_Samples_Ready/02_Photo_Booth__Series_(100_JPEGs)/BWS_PS_077.jpg,2026-05-06 12:13:37,Pending_AI_Pass,Pending_AI_Pass,Pending_AI_Pass
02_Photo_Booth__Series_(100_JPEGs),BWS_PS_088.jpg,Brett Williams Studios LLC,Brett Williams,100% Chain of Title (Non-Scraped),17 U.S.C. § 106,Mandatory Disclosure Summary,5de6abb24dab2cd78fb84ee0152e9fd3,Ai_Samples_Ready/02_Photo_Booth__Series_(100_JPEGs)/BWS_PS_088.jpg,2026-05-06 12:13:37,Pending_AI_Pass,Pending_AI_Pass,Pending_AI_Pass
02_Photo_Booth__Series_(100_JPEGs),BWS_PS_098.jpg,Brett Williams Studios LLC,Brett Williams,100% Chain of Title (Non-Scraped),17 U.S.C. § 106,Mandatory Disclosure Summary,838eaf7d368f22e4139d261a654414f1,Ai_Samples_Ready/02_Photo_Booth__Series_(100_JPEGs)/BWS_PS_098.jpg,2026-05-06 12:13:37,Pending_AI_Pass,Pending_AI_Pass,Pending_AI_Pass
02_Photo_Booth__Series_(100_JPEGs),BWS_PS_073.jpg,Brett Williams Studios LLC,Brett Williams,100% Chain of Title (Non-Scraped),17 U.S.C. § 106,Mandatory Disclosure Summary,311ffdd9e4feaca739087b95345be72a,Ai_Samples_Ready/02_Photo_Booth__Series_(100_JPEGs)/BWS_PS_073.jpg,2026-05-06 12:13:37,Pending_AI_Pass,Pending_AI_Pass,Pending_AI_Pass
02_Photo_Booth__Series_(100_JPEGs),BWS_PS_067.jpg,Brett Williams Studios LLC,Brett Williams,100% Chain of Title (Non-Scraped),17 U.S.C. § 106,Mandatory Disclosure Summary,b2f63836873f8fc0a0698e8cd95287b3,Ai_Samples_Ready/02_Photo_Booth__Series_(100_JPEGs)/BWS_PS_067.jpg,2026-05-06 12:13:37,Pending_AI_Pass,Pending_AI_Pass,Pending_AI_Pass
02_Photo_Booth__Series_(100_JPEGs),BWS_PS_107.jpg,Brett Williams Studios LLC,Brett Williams,100% Chain of Title (Non-Scraped),17 U.S.C. § 106,Mandatory Disclosure Summary,688c5070ec4eff0752dc2fd33e801fcb,Ai_Samples_Ready/02_Photo_Booth__Series_(100_JPEGs)/BWS_PS_107.jpg,2026-05-06 12:13:37,Pending_AI_Pass,Pending_AI_Pass,Pending_AI_Pass
02_Photo_Booth__Series_(100_JPEGs),BWS_PS_113.jpg,Brett Williams Studios LLC,Brett Williams,100% Chain of Title (Non-Scraped),17 U.S.C. § 106,Mandatory Disclosure Summary,21917490d55481200ad088cd70371768,Ai_Samples_Ready/02_Photo_Booth__Series_(100_JPEGs)/BWS_PS_113.jpg,2026-05-06 12:13:37,Pending_AI_Pass,Pending_AI_Pass,Pending_AI_Pass
02_Photo_Booth__Series_(100_JPEGs),BWS_PS_112.jpg,Brett Williams Studios LLC,Brett Williams,100% Chain of Title (Non-Scraped),17 U.S.C. § 106,Mandatory Disclosure Summary,1353adb9b0da04d0ba6983d2607ed96a,Ai_Samples_Ready/02_Photo_Booth__Series_(100_JPEGs)/BWS_PS_112.jpg,2026-05-06 12:13:37,Pending_AI_Pass,Pending_AI_Pass,Pending_AI_Pass
02_Photo_Booth__Series_(100_JPEGs),BWS_PS_106.jpg,Brett Williams Studios LLC,Brett Williams,100% Chain of Title (Non-Scraped),17 U.S.C. § 106,Mandatory Disclosure Summary,ff9c959ec90609de040e3b397b4611b5,Ai_Samples_Ready/02_Photo_Booth__Series_(100_JPEGs)/BWS_PS_106.jpg,2026-05-06 12:13:37,Pending_AI_Pass,Pending_AI_Pass,Pending_AI_Pass
02_Photo_Booth__Series_(100_JPEGs),BWS_PS_066.jpg,Brett Williams Studios LLC,Brett Williams,100% Chain of Title (Non-Scraped),17 U.S.C. § 106,Mandatory Disclosure Summary,badcf87f4c3bbe372a949bd91852cdd2,Ai_Samples_Ready/02_Photo_Booth__Series_(100_JPEGs)/BWS_PS_066.jpg,2026-05-06 12:13:37,Pending_AI_Pass,Pending_AI_Pass,Pending_AI_Pass
02_Photo_Booth__Series_(100_JPEGs),BWS_PS_072.jpg,Brett Williams Studios LLC,Brett Williams,100% Chain of Title (Non-Scraped),17 U.S.C. § 106,Mandatory Disclosure Summary,cb1a49f184422d7a492a33666aae32c1,Ai_Samples_Ready/02_Photo_Booth__Series_(100_JPEGs)/BWS_PS_072.jpg,2026-05-06 12:13:37,Pending_AI_Pass,Pending_AI_Pass,Pending_AI_Pass
02_Photo_Booth__Series_(100_JPEGs),BWS_PS_099.jpg,Brett Williams Studios LLC,Brett Williams,100% Chain of Title (Non-Scraped),17 U.S.C. § 106,Mandatory Disclosure Summary,3f6f2ad227c2a75be1ffc5a0097490f7,Ai_Samples_Ready/02_Photo_Booth__Series_(100_JPEGs)/BWS_PS_099.jpg,2026-05-06 12:13:37,Pending_AI_Pass,Pending_AI_Pass,Pending_AI_Pass
02_Photo_Booth__Series_(100_JPEGs),BWS_PS_064.jpg,Brett Williams Studios LLC,Brett Williams,100% Chain of Title (Non-Scraped),17 U.S.C. § 106,Mandatory Disclosure Summary,8855a0987989d005ae195bed431fef3c,Ai_Samples_Ready/02_Photo_Booth__Series_(100_JPEGs)/BWS_PS_064.jpg,2026-05-06 12:13:37,Pending_AI_Pass,Pending_AI_Pass,Pending_AI_Pass
02_Photo_Booth__Series_(100_JPEGs),BWS_PS_070.jpg,Brett Williams Studios LLC,Brett Williams,100% Chain of Title (Non-Scraped),17 U.S.C. § 106,Mandatory Disclosure Summary,7de2ca117441a5b6beec15cfadfb6340,Ai_Samples_Ready/02_Photo_Booth__Series_(100_JPEGs)/BWS_PS_070.jpg,2026-05-06 12:13:37,Pending_AI_Pass,Pending_AI_Pass,Pending_AI_Pass
02_Photo_Booth__Series_(100_JPEGs),BWS_PS_138.jpg,Brett Williams Studios LLC,Brett Williams,100% Chain of Title (Non-Scraped),17 U.S.C. § 106,Mandatory Disclosure Summary,49ebce9ff6a27997bed25f3fae73ce5e,Ai_Samples_Ready/02_Photo_Booth__Series_(100_JPEGs)/BWS_PS_138.jpg,2026-05-06 12:13:37,Pending_AI_Pass,Pending_AI_Pass,Pending_AI_Pass
02_Photo_Booth__Series_(100_JPEGs),BWS_PS_110.jpg,Brett Williams Studios LLC,Brett Williams,100% Chain of Title (Non-Scraped),17 U.S.C. § 106,Mandatory Disclosure Summary,d0987c66f37fc23978d64a602eea24dc,Ai_Samples_Ready/02_Photo_Booth__Series_(100_JPEGs)/BWS_PS_110.jpg,2026-05-06 12:13:37,Pending_AI_Pass,Pending_AI_Pass,Pending_AI_Pass
02_Photo_Booth__Series_(100_JPEGs),BWS_PS_104.jpg,Brett Williams Studios LLC,Brett Williams,100% Chain of Title (Non-Scraped),17 U.S.C. § 106,Mandatory Disclosure Summary,043dc167a7a360372e7e352311ac4586,Ai_Samples_Ready/02_Photo_Booth__Series_(100_JPEGs)/BWS_PS_104.jpg,2026-05-06 12:13:37,Pending_AI_Pass,Pending_AI_Pass,Pending_AI_Pass
02_Photo_Booth__Series_(100_JPEGs),BWS_PS_105.jpg,Brett Williams Studios LLC,Brett Williams,100% Chain of Title (Non-Scraped),17 U.S.C. § 106,Mandatory Disclosure Summary,93b335dd82e5c640730db41dce0d15c4,Ai_Samples_Ready/02_Photo_Booth__Series_(100_JPEGs)/BWS_PS_105.jpg,2026-05-06 12:13:37,Pending_AI_Pass,Pending_AI_Pass,Pending_AI_Pass
02_Photo_Booth__Series_(100_JPEGs),BWS_PS_111.jpg,Brett Williams Studios LLC,Brett Williams,100% Chain of Title (Non-Scraped),17 U.S.C. § 106,Mandatory Disclosure Summary,46d382682a8704c9bf1b0c188ca8b97e,Ai_Samples_Ready/02_Photo_Booth__Series_(100_JPEGs)/BWS_PS_111.jpg,2026-05-06 12:13:37,Pending_AI_Pass,Pending_AI_Pass,Pending_AI_Pass
02_Photo_Booth__Series_(100_JPEGs),BWS_PS_139.jpg,Brett Williams Studios LLC,Brett Williams,100% Chain of Title (Non-Scraped),17 U.S.C. § 106,Mandatory Disclosure Summary,d6e0f9e768c4fac310658160e33036d9,Ai_Samples_Ready/02_Photo_Booth__Series_(100_JPEGs)/BWS_PS_139.jpg,2026-05-06 12:13:37,Pending_AI_Pass,Pending_AI_Pass,Pending_AI_Pass
02_Photo_Booth__Series_(100_JPEGs),BWS_PS_071.jpg,Brett Williams Studios LLC,Brett Williams,100% Chain of Title (Non-Scraped),17 U.S.C. § 106,Mandatory Disclosure Summary,de0c438f44cb293656461f74ed401435,Ai_Samples_Ready/02_Photo_Booth__Series_(100_JPEGs)/BWS_PS_071.jpg,2026-05-06 12:13:37,Pending_AI_Pass,Pending_AI_Pass,Pending_AI_Pass
02_Photo_Booth__Series_(100_JPEGs),BWS_PS_065.jpg,Brett Williams Studios LLC,Brett Williams,100% Chain of Title (Non-Scraped),17 U.S.C. § 106,Mandatory Disclosure Summary,fb8abd31463cad1b0e3130f8ac3b7528,Ai_Samples_Ready/02_Photo_Booth__Series_(100_JPEGs)/BWS_PS_065.jpg,2026-05-06 12:13:37,Pending_AI_Pass,Pending_AI_Pass,Pending_AI_Pass
02_Photo_Booth__Series_(100_JPEGs),BWS_PS_149.jpg,Brett Williams Studios LLC,Brett Williams,100% Chain of Title (Non-Scraped),17 U.S.C. § 106,Mandatory Disclosure Summary,b153665a31db04e134fa5e9e530189b3,Ai_Samples_Ready/02_Photo_Booth__Series_(100_JPEGs)/BWS_PS_149.jpg,2026-05-06 12:13:37,Pending_AI_Pass,Pending_AI_Pass,Pending_AI_Pass
02_Photo_Booth__Series_(100_JPEGs),BWS_PS_148.jpg,Brett Williams Studios LLC,Brett Williams,100% Chain of Title (Non-Scraped),17 U.S.C. § 106,Mandatory Disclosure Summary,868b41af3a9a59cdfd2dcf26c838b389,Ai_Samples_Ready/02_Photo_Booth__Series_(100_JPEGs)/BWS_PS_148.jpg,2026-05-06 12:13:37,Pending_AI_Pass,Pending_AI_Pass,Pending_AI_Pass
02_Photo_Booth__Series_(100_JPEGs),BWS_PS_160.jpg,Brett Williams Studios LLC,Brett Williams,100% Chain of Title (Non-Scraped),17 U.S.C. § 106,Mandatory Disclosure Summary,bec0cf102c847e4d5be02fe68d800f2a,Ai_Samples_Ready/02_Photo_Booth__Series_(100_JPEGs)/BWS_PS_160.jpg,2026-05-06 12:13:37,Pending_AI_Pass,Pending_AI_Pass,Pending_AI_Pass
02_Photo_Booth__Series_(100_JPEGs),BWS_PS_158.jpg,Brett Williams Studios LLC,Brett Williams,100% Chain of Title (Non-Scraped),17 U.S.C. § 106,Mandatory Disclosure Summary,e278453a286e2e01131c258b716e17d4,Ai_Samples_Ready/02_Photo_Booth__Series_(100_JPEGs)/BWS_PS_158.jpg,2026-05-06 12:13:37,Pending_AI_Pass,Pending_AI_Pass,Pending_AI_Pass
02_Photo_Booth__Series_(100_JPEGs),BWS_PS_159.jpg,Brett Williams Studios LLC,Brett Williams,100% Chain of Title (Non-Scraped),17 U.S.C. § 106,Mandatory Disclosure Summary,b0999843569967cc6a187a6660381d16,Ai_Samples_Ready/02_Photo_Booth__Series_(100_JPEGs)/BWS_PS_159.jpg,2026-05-06 12:13:37,Pending_AI_Pass,Pending_AI_Pass,Pending_AI_Pass
02_Photo_Booth__Series_(100_JPEGs),BWS_PS_157.jpg,Brett Williams Studios LLC,Brett Williams,100% Chain of Title (Non-Scraped),17 U.S.C. § 106,Mandatory Disclosure Summary,bd7ec16da8b9a3f4f2352df754fd600c,Ai_Samples_Ready/02_Photo_Booth__Series_(100_JPEGs)/BWS_PS_157.jpg,2026-05-06 12:13:37,Pending_AI_Pass,Pending_AI_Pass,Pending_AI_Pass
02_Photo_Booth__Series_(100_JPEGs),BWS_PS_143.jpg,Brett Williams Studios LLC,Brett Williams,100% Chain of Title (Non-Scraped),17 U.S.C. § 106,Mandatory Disclosure Summary,a1b4cde85466b23fc5608f7fccb2091c,Ai_Samples_Ready/02_Photo_Booth__Series_(100_JPEGs)/BWS_PS_143.jpg,2026-05-06 12:13:37,Pending_AI_Pass,Pending_AI_Pass,Pending_AI_Pass
02_Photo_Booth__Series_(100_JPEGs),BWS_PS_142.jpg,Brett Williams Studios LLC,Brett Williams,100% Chain of Title (Non-Scraped),17 U.S.C. § 106,Mandatory Disclosure Summary,6cc3c154a5001342313dfe5e9d55ae8e,Ai_Samples_Ready/02_Photo_Booth__Series_(100_JPEGs)/BWS_PS_142.jpg,2026-05-06 12:13:37,Pending_AI_Pass,Pending_AI_Pass,Pending_AI_Pass
02_Photo_Booth__Series_(100_JPEGs),BWS_PS_156.jpg,Brett Williams Studios LLC,Brett Williams,100% Chain of Title (Non-Scraped),17 U.S.C. § 106,Mandatory Disclosure Summary,395e4fa8ac1a0d4516eaed156169419a,Ai_Samples_Ready/02_Photo_Booth__Series_(100_JPEGs)/BWS_PS_156.jpg,2026-05-06 12:13:37,Pending_AI_Pass,Pending_AI_Pass,Pending_AI_Pass
02_Photo_Booth__Series_(100_JPEGs),BWS_PS_140.jpg,Brett Williams Studios LLC,Brett Williams,100% Chain of Title (Non-Scraped),17 U.S.C. § 106,Mandatory Disclosure Summary,a52ec7b1f40ca978e653ff7c30658cb3,Ai_Samples_Ready/02_Photo_Booth__Series_(100_JPEGs)/BWS_PS_140.jpg,2026-05-06 12:13:37,Pending_AI_Pass,Pending_AI_Pass,Pending_AI_Pass
02_Photo_Booth__Series_(100_JPEGs),BWS_PS_154.jpg,Brett Williams Studios LLC,Brett Williams,100% Chain of Title (Non-Scraped),17 U.S.C. § 106,Mandatory Disclosure Summary,1e73bf027ace10bd8ccf001972b8430d,Ai_Samples_Ready/02_Photo_Booth__Series_(100_JPEGs)/BWS_PS_154.jpg,2026-05-06 12:13:37,Pending_AI_Pass,Pending_AI_Pass,Pending_AI_Pass
02_Photo_Booth__Series_(100_JPEGs),BWS_PS_155.jpg,Brett Williams Studios LLC,Brett Williams,100% Chain of Title (Non-Scraped),17 U.S.C. § 106,Mandatory Disclosure Summary,0e8b2600a081b49627fcac0c8aada8de,Ai_Samples_Ready/02_Photo_Booth__Series_(100_JPEGs)/BWS_PS_155.jpg,2026-05-06 12:13:37,Pending_AI_Pass,Pending_AI_Pass,Pending_AI_Pass
02_Photo_Booth__Series_(100_JPEGs),BWS_PS_141.jpg,Brett Williams Studios LLC,Brett Williams,100% Chain of Title (Non-Scraped),17 U.S.C. § 106,Mandatory Disclosure Summary,7342ededc01818d8f7b458d9bad7a1ae,Ai_Samples_Ready/02_Photo_Booth__Series_(100_JPEGs)/BWS_PS_141.jpg,2026-05-06 12:13:37,Pending_AI_Pass,Pending_AI_Pass,Pending_AI_Pass
02_Photo_Booth__Series_(100_JPEGs),BWS_PS_145.jpg,Brett Williams Studios LLC,Brett Williams,100% Chain of Title (Non-Scraped),17 U.S.C. § 106,Mandatory Disclosure Summary,c8cfd0b7ca782d45d8bbf4a346970376,Ai_Samples_Ready/02_Photo_Booth__Series_(100_JPEGs)/BWS_PS_145.jpg,2026-05-06 12:13:37,Pending_AI_Pass,Pending_AI_Pass,Pending_AI_Pass
02_Photo_Booth__Series_(100_JPEGs),BWS_PS_151.jpg,Brett Williams Studios LLC,Brett Williams,100% Chain of Title (Non-Scraped),17 U.S.C. § 106,Mandatory Disclosure Summary,f17f79cbb12d23395a930fee1700de79,Ai_Samples_Ready/02_Photo_Booth__Series_(100_JPEGs)/BWS_PS_151.jpg,2026-05-06 12:13:37,Pending_AI_Pass,Pending_AI_Pass,Pending_AI_Pass
02_Photo_Booth__Series_(100_JPEGs),BWS_PS_150.jpg,Brett Williams Studios LLC,Brett Williams,100% Chain of Title (Non-Scraped),17 U.S.C. § 106,Mandatory Disclosure Summary,244004481ee69285c784eb4362e017ea,Ai_Samples_Ready/02_Photo_Booth__Series_(100_JPEGs)/BWS_PS_150.jpg,2026-05-06 12:13:37,Pending_AI_Pass,Pending_AI_Pass,Pending_AI_Pass
02_Photo_Booth__Series_(100_JPEGs),BWS_PS_144.jpg,Brett Williams Studios LLC,Brett Williams,100% Chain of Title (Non-Scraped),17 U.S.C. § 106,Mandatory Disclosure Summary,d4cda3218afdc17b39bc37d1f078d4c1,Ai_Samples_Ready/02_Photo_Booth__Series_(100_JPEGs)/BWS_PS_144.jpg,2026-05-06 12:13:37,Pending_AI_Pass,Pending_AI_Pass,Pending_AI_Pass
02_Photo_Booth__Series_(100_JPEGs),BWS_PS_152.jpg,Brett Williams Studios LLC,Brett Williams,100% Chain of Title (Non-Scraped),17 U.S.C. § 106,Mandatory Disclosure Summary,3e647e757ceb3d593b05566ff7e04174,Ai_Samples_Ready/02_Photo_Booth__Series_(100_JPEGs)/BWS_PS_152.jpg,2026-05-06 12:13:37,Pending_AI_Pass,Pending_AI_Pass,Pending_AI_Pass
02_Photo_Booth__Series_(100_JPEGs),BWS_PS_146.jpg,Brett Williams Studios LLC,Brett Williams,100% Chain of Title (Non-Scraped),17 U.S.C. § 106,Mandatory Disclosure Summary,0724a1a9f8837133c2d7bf52fd9f4495,Ai_Samples_Ready/02_Photo_Booth__Series_(100_JPEGs)/BWS_PS_146.jpg,2026-05-06 12:13:37,Pending_AI_Pass,Pending_AI_Pass,Pending_AI_Pass
02_Photo_Booth__Series_(100_JPEGs),BWS_PS_147.jpg,Brett Williams Studios LLC,Brett Williams,100% Chain of Title (Non-Scraped),17 U.S.C. § 106,Mandatory Disclosure Summary,4ca81cbbb2a2e785fbfe6591ebcb5065,Ai_Samples_Ready/02_Photo_Booth__Series_(100_JPEGs)/BWS_PS_147.jpg,2026-05-06 12:13:37,Pending_AI_Pass,Pending_AI_Pass,Pending_AI_Pass
02_Photo_Booth__Series_(100_JPEGs),BWS_PS_153.jpg,Brett Williams Studios LLC,Brett Williams,100% Chain of Title (Non-Scraped),17 U.S.C. § 106,Mandatory Disclosure Summary,af1703932abfa8a6ac9c29f49d88dec8,Ai_Samples_Ready/02_Photo_Booth__Series_(100_JPEGs)/BWS_PS_153.jpg,2026-05-06 12:13:37,Pending_AI_Pass,Pending_AI_Pass,Pending_AI_Pass
02_Photo_Booth__Series_(100_JPEGs),BWS_PS_083.jpg,Brett Williams Studios LLC,Brett Williams,100% Chain of Title (Non-Scraped),17 U.S.C. § 106,Mandatory Disclosure Summary,c158775779c30097e0f664e65aa68a69,Ai_Samples_Ready/02_Photo_Booth__Series_(100_JPEGs)/BWS_PS_083.jpg,2026-05-06 12:13:37,Pending_AI_Pass,Pending_AI_Pass,Pending_AI_Pass
02_Photo_Booth__Series_(100_JPEGs),BWS_PS_097.jpg,Brett Williams Studios LLC,Brett Williams,100% Chain of Title (Non-Scraped),17 U.S.C. § 106,Mandatory Disclosure Summary,bb565bb6c04d73cb142944e749d55832,Ai_Samples_Ready/02_Photo_Booth__Series_(100_JPEGs)/BWS_PS_097.jpg,2026-05-06 12:13:37,Pending_AI_Pass,Pending_AI_Pass,Pending_AI_Pass
02_Photo_Booth__Series_(100_JPEGs),BWS_PS_068.jpg,Brett Williams Studios LLC,Brett Williams,100% Chain of Title (Non-Scraped),17 U.S.C. § 106,Mandatory Disclosure Summary,fbe992911ea5b59c92b4be8de50b5f63,Ai_Samples_Ready/02_Photo_Booth__Series_(100_JPEGs)/BWS_PS_068.jpg,2026-05-06 12:13:37,Pending_AI_Pass,Pending_AI_Pass,Pending_AI_Pass
02_Photo_Booth__Series_(100_JPEGs),BWS_PS_134.jpg,Brett Williams Studios LLC,Brett Williams,100% Chain of Title (Non-Scraped),17 U.S.C. § 106,Mandatory Disclosure Summary,702ec93fc918fb28d5935e325e4efe5f,Ai_Samples_Ready/02_Photo_Booth__Series_(100_JPEGs)/BWS_PS_134.jpg,2026-05-06 12:13:37,Pending_AI_Pass,Pending_AI_Pass,Pending_AI_Pass
02_Photo_Booth__Series_(100_JPEGs),BWS_PS_120.jpg,Brett Williams Studios LLC,Brett Williams,100% Chain of Title (Non-Scraped),17 U.S.C. § 106,Mandatory Disclosure Summary,25e6560f8a5a453f494248773a7fad2b,Ai_Samples_Ready/02_Photo_Booth__Series_(100_JPEGs)/BWS_PS_120.jpg,2026-05-06 12:13:37,Pending_AI_Pass,Pending_AI_Pass,Pending_AI_Pass
02_Photo_Booth__Series_(100_JPEGs),BWS_PS_108.jpg,Brett Williams Studios LLC,Brett Williams,100% Chain of Title (Non-Scraped),17 U.S.C. § 106,Mandatory Disclosure Summary,99df4f32fbd9ee4340d094476db06a58,Ai_Samples_Ready/02_Photo_Booth__Series_(100_JPEGs)/BWS_PS_108.jpg,2026-05-06 12:13:37,Pending_AI_Pass,Pending_AI_Pass,Pending_AI_Pass
02_Photo_Booth__Series_(100_JPEGs),BWS_PS_109.jpg,Brett Williams Studios LLC,Brett Williams,100% Chain of Title (Non-Scraped),17 U.S.C. § 106,Mandatory Disclosure Summary,1b00e1fe8bede1fda9eacce45c56eba2,Ai_Samples_Ready/02_Photo_Booth__Series_(100_JPEGs)/BWS_PS_109.jpg,2026-05-06 12:13:37,Pending_AI_Pass,Pending_AI_Pass,Pending_AI_Pass
02_Photo_Booth__Series_(100_JPEGs),BWS_PS_121.jpg,Brett Williams Studios LLC,Brett Williams,100% Chain of Title (Non-Scraped),17 U.S.C. § 106,Mandatory Disclosure Summary,29992cbff12128d1b08d566e2b8e9fb8,Ai_Samples_Ready/02_Photo_Booth__Series_(100_JPEGs)/BWS_PS_121.jpg,2026-05-06 12:13:37,Pending_AI_Pass,Pending_AI_Pass,Pending_AI_Pass
02_Photo_Booth__Series_(100_JPEGs),BWS_PS_135.jpg,Brett Williams Studios LLC,Brett Williams,100% Chain of Title (Non-Scraped),17 U.S.C. § 106,Mandatory Disclosure Summary,6cd7fa1f4dbed2963e12be7b816be1e7,Ai_Samples_Ready/02_Photo_Booth__Series_(100_JPEGs)/BWS_PS_135.jpg,2026-05-06 12:13:37,Pending_AI_Pass,Pending_AI_Pass,Pending_AI_Pass
02_Photo_Booth__Series_(100_JPEGs),BWS_PS_069.jpg,Brett Williams Studios LLC,Brett Williams,100% Chain of Title (Non-Scraped),17 U.S.C. § 106,Mandatory Disclosure Summary,b542462bcacd9272672cbdcc327c9f12,Ai_Samples_Ready/02_Photo_Booth__Series_(100_JPEGs)/BWS_PS_069.jpg,2026-05-06 12:13:37,Pending_AI_Pass,Pending_AI_Pass,Pending_AI_Pass
02_Photo_Booth__Series_(100_JPEGs),BWS_PS_096.jpg,Brett Williams Studios LLC,Brett Williams,100% Chain of Title (Non-Scraped),17 U.S.C. § 106,Mandatory Disclosure Summary,7dbfba58ad2cf526e34c622fd304ccae,Ai_Samples_Ready/02_Photo_Booth__Series_(100_JPEGs)/BWS_PS_096.jpg,2026-05-06 12:13:37,Pending_AI_Pass,Pending_AI_Pass,Pending_AI_Pass
02_Photo_Booth__Series_(100_JPEGs),BWS_PS_082.jpg,Brett Williams Studios LLC,Brett Williams,100% Chain of Title (Non-Scraped),17 U.S.C. § 106,Mandatory Disclosure Summary,d515a318e30a8eb73700ec0c81415109,Ai_Samples_Ready/02_Photo_Booth__Series_(100_JPEGs)/BWS_PS_082.jpg,2026-05-06 12:13:37,Pending_AI_Pass,Pending_AI_Pass,Pending_AI_Pass
02_Photo_Booth__Series_(100_JPEGs),BWS_PS_094.jpg,Brett Williams Studios LLC,Brett Williams,100% Chain of Title (Non-Scraped),17 U.S.C. § 106,Mandatory Disclosure Summary,27a54eb648d0c7c31fe099861bc2c7fc,Ai_Samples_Ready/02_Photo_Booth__Series_(100_JPEGs)/BWS_PS_094.jpg,2026-05-06 12:13:37,Pending_AI_Pass,Pending_AI_Pass,Pending_AI_Pass
02_Photo_Booth__Series_(100_JPEGs),BWS_PS_080.jpg,Brett Williams Studios LLC,Brett Williams,100% Chain of Title (Non-Scraped),17 U.S.C. § 106,Mandatory Disclosure Summary,9e6fb9282af4badc50ecc3e18de05d8b,Ai_Samples_Ready/02_Photo_Booth__Series_(100_JPEGs)/BWS_PS_080.jpg,2026-05-06 12:13:37,Pending_AI_Pass,Pending_AI_Pass,Pending_AI_Pass
02_Photo_Booth__Series_(100_JPEGs),BWS_PS_123.jpg,Brett Williams Studios LLC,Brett Williams,100% Chain of Title (Non-Scraped),17 U.S.C. § 106,Mandatory Disclosure Summary,4bf4a188cd5836eef8662b274059ef8b,Ai_Samples_Ready/02_Photo_Booth__Series_(100_JPEGs)/BWS_PS_123.jpg,2026-05-06 12:13:37,Pending_AI_Pass,Pending_AI_Pass,Pending_AI_Pass
02_Photo_Booth__Series_(100_JPEGs),BWS_PS_137.jpg,Brett Williams Studios LLC,Brett Williams,100% Chain of Title (Non-Scraped),17 U.S.C. § 106,Mandatory Disclosure Summary,8a1c9d898d7a30ac9c413db373fb7dbd,Ai_Samples_Ready/02_Photo_Booth__Series_(100_JPEGs)/BWS_PS_137.jpg,2026-05-06 12:13:37,Pending_AI_Pass,Pending_AI_Pass,Pending_AI_Pass
02_Photo_Booth__Series_(100_JPEGs),BWS_PS_136.jpg,Brett Williams Studios LLC,Brett Williams,100% Chain of Title (Non-Scraped),17 U.S.C. § 106,Mandatory Disclosure Summary,0f0721aa0c0439ff8fe7df3262b3122a,Ai_Samples_Ready/02_Photo_Booth__Series_(100_JPEGs)/BWS_PS_136.jpg,2026-05-06 12:13:37,Pending_AI_Pass,Pending_AI_Pass,Pending_AI_Pass
02_Photo_Booth__Series_(100_JPEGs),BWS_PS_122.jpg,Brett Williams Studios LLC,Brett Williams,100% Chain of Title (Non-Scraped),17 U.S.C. § 106,Mandatory Disclosure Summary,68bb9a4a17393d84e31e73336140917b,Ai_Samples_Ready/02_Photo_Booth__Series_(100_JPEGs)/BWS_PS_122.jpg,2026-05-06 12:13:37,Pending_AI_Pass,Pending_AI_Pass,Pending_AI_Pass
02_Photo_Booth__Series_(100_JPEGs),BWS_PS_081.jpg,Brett Williams Studios LLC,Brett Williams,100% Chain of Title (Non-Scraped),17 U.S.C. § 106,Mandatory Disclosure Summary,515c6b8e430e2bd9ab02995b2435dc8c,Ai_Samples_Ready/02_Photo_Booth__Series_(100_JPEGs)/BWS_PS_081.jpg,2026-05-06 12:13:37,Pending_AI_Pass,Pending_AI_Pass,Pending_AI_Pass
02_Photo_Booth__Series_(100_JPEGs),BWS_PS_095.jpg,Brett Williams Studios LLC,Brett Williams,100% Chain of Title (Non-Scraped),17 U.S.C. § 106,Mandatory Disclosure Summary,050f82d8482fb4b38a46085c641c81e6,Ai_Samples_Ready/02_Photo_Booth__Series_(100_JPEGs)/BWS_PS_095.jpg,2026-05-06 12:13:37,Pending_AI_Pass,Pending_AI_Pass,Pending_AI_Pass
02_Photo_Booth__Series_(100_JPEGs),BWS_PS_091.jpg,Brett Williams Studios LLC,Brett Williams,100% Chain of Title (Non-Scraped),17 U.S.C. § 106,Mandatory Disclosure Summary,8aa81f891b08b5a274aca76edc134021,Ai_Samples_Ready/02_Photo_Booth__Series_(100_JPEGs)/BWS_PS_091.jpg,2026-05-06 12:13:37,Pending_AI_Pass,Pending_AI_Pass,Pending_AI_Pass
02_Photo_Booth__Series_(100_JPEGs),BWS_PS_085.jpg,Brett Williams Studios LLC,Brett Williams,100% Chain of Title (Non-Scraped),17 U.S.C. § 106,Mandatory Disclosure Summary,1f8c5b434d616392cc6c37dec0244ca9,Ai_Samples_Ready/02_Photo_Booth__Series_(100_JPEGs)/BWS_PS_085.jpg,2026-05-06 12:13:37,Pending_AI_Pass,Pending_AI_Pass,Pending_AI_Pass
02_Photo_Booth__Series_(100_JPEGs),BWS_PS_126.jpg,Brett Williams Studios LLC,Brett Williams,100% Chain of Title (Non-Scraped),17 U.S.C. § 106,Mandatory Disclosure Summary,95d10aa5a4fbe2f9e67ab398a58392da,Ai_Samples_Ready/02_Photo_Booth__Series_(100_JPEGs)/BWS_PS_126.jpg,2026-05-06 12:13:37,Pending_AI_Pass,Pending_AI_Pass,Pending_AI_Pass
02_Photo_Booth__Series_(100_JPEGs),BWS_PS_132.jpg,Brett Williams Studios LLC,Brett Williams,100% Chain of Title (Non-Scraped),17 U.S.C. § 106,Mandatory Disclosure Summary,8fe1d81b4901454d733e88da9a2d6ff7,Ai_Samples_Ready/02_Photo_Booth__Series_(100_JPEGs)/BWS_PS_132.jpg,2026-05-06 12:13:37,Pending_AI_Pass,Pending_AI_Pass,Pending_AI_Pass
02_Photo_Booth__Series_(100_JPEGs),BWS_PS_133.jpg,Brett Williams Studios LLC,Brett Williams,100% Chain of Title (Non-Scraped),17 U.S.C. § 106,Mandatory Disclosure Summary,f7d41d9250db0a2e8f2696aae44557e7,Ai_Samples_Ready/02_Photo_Booth__Series_(100_JPEGs)/BWS_PS_133.jpg,2026-05-06 12:13:37,Pending_AI_Pass,Pending_AI_Pass,Pending_AI_Pass
02_Photo_Booth__Series_(100_JPEGs),BWS_PS_127.jpg,Brett Williams Studios LLC,Brett Williams,100% Chain of Title (Non-Scraped),17 U.S.C. § 106,Mandatory Disclosure Summary,1e9deaad502d15e1f4bfbc89f9894e64,Ai_Samples_Ready/02_Photo_Booth__Series_(100_JPEGs)/BWS_PS_127.jpg,2026-05-06 12:13:37,Pending_AI_Pass,Pending_AI_Pass,Pending_AI_Pass
02_Photo_Booth__Series_(100_JPEGs),BWS_PS_084.jpg,Brett Williams Studios LLC,Brett Williams,100% Chain of Title (Non-Scraped),17 U.S.C. § 106,Mandatory Disclosure Summary,38354f0cad698899b9cef558a532d83b,Ai_Samples_Ready/02_Photo_Booth__Series_(100_JPEGs)/BWS_PS_084.jpg,2026-05-06 12:13:37,Pending_AI_Pass,Pending_AI_Pass,Pending_AI_Pass
02_Photo_Booth__Series_(100_JPEGs),BWS_PS_090.jpg,Brett Williams Studios LLC,Brett Williams,100% Chain of Title (Non-Scraped),17 U.S.C. § 106,Mandatory Disclosure Summary,99c87ee7c9f22ad6ea2e352f7b7734eb,Ai_Samples_Ready/02_Photo_Booth__Series_(100_JPEGs)/BWS_PS_090.jpg,2026-05-06 12:13:37,Pending_AI_Pass,Pending_AI_Pass,Pending_AI_Pass
02_Photo_Booth__Series_(100_JPEGs),BWS_PS_086.jpg,Brett Williams Studios LLC,Brett Williams,100% Chain of Title (Non-Scraped),17 U.S.C. § 106,Mandatory Disclosure Summary,5b78042941113d6b908a3ec669fdf45c,Ai_Samples_Ready/02_Photo_Booth__Series_(100_JPEGs)/BWS_PS_086.jpg,2026-05-06 12:13:37,Pending_AI_Pass,Pending_AI_Pass,Pending_AI_Pass
02_Photo_Booth__Series_(100_JPEGs),BWS_PS_092.jpg,Brett Williams Studios LLC,Brett Williams,100% Chain of Title (Non-Scraped),17 U.S.C. § 106,Mandatory Disclosure Summary,01f9b84fd848ab424d8c8cb1c266bfd3,Ai_Samples_Ready/02_Photo_Booth__Series_(100_JPEGs)/BWS_PS_092.jpg,2026-05-06 12:13:37,Pending_AI_Pass,Pending_AI_Pass,Pending_AI_Pass
02_Photo_Booth__Series_(100_JPEGs),BWS_PS_079.jpg,Brett Williams Studios LLC,Brett Williams,100% Chain of Title (Non-Scraped),17 U.S.C. § 106,Mandatory Disclosure Summary,5e24e1df5c44d69b6c4e1399b43d0f46,Ai_Samples_Ready/02_Photo_Booth__Series_(100_JPEGs)/BWS_PS_079.jpg,2026-05-06 12:13:37,Pending_AI_Pass,Pending_AI_Pass,Pending_AI_Pass
02_Photo_Booth__Series_(100_JPEGs),BWS_PS_119.jpg,Brett Williams Studios LLC,Brett Williams,100% Chain of Title (Non-Scraped),17 U.S.C. § 106,Mandatory Disclosure Summary,5d6881559c9825e57cfca123755a8c8d,Ai_Samples_Ready/02_Photo_Booth__Series_(100_JPEGs)/BWS_PS_119.jpg,2026-05-06 12:13:37,Pending_AI_Pass,Pending_AI_Pass,Pending_AI_Pass
02_Photo_Booth__Series_(100_JPEGs),BWS_PS_131.jpg,Brett Williams Studios LLC,Brett Williams,100% Chain of Title (Non-Scraped),17 U.S.C. § 106,Mandatory Disclosure Summary,e3c98c77d95b39983889490cfd6de535,Ai_Samples_Ready/02_Photo_Booth__Series_(100_JPEGs)/BWS_PS_131.jpg,2026-05-06 12:13:37,Pending_AI_Pass,Pending_AI_Pass,Pending_AI_Pass
02_Photo_Booth__Series_(100_JPEGs),BWS_PS_125.jpg,Brett Williams Studios LLC,Brett Williams,100% Chain of Title (Non-Scraped),17 U.S.C. § 106,Mandatory Disclosure Summary,1e0cd124aee03f5b1dd37492aefc136f,Ai_Samples_Ready/02_Photo_Booth__Series_(100_JPEGs)/BWS_PS_125.jpg,2026-05-06 12:13:37,Pending_AI_Pass,Pending_AI_Pass,Pending_AI_Pass
02_Photo_Booth__Series_(100_JPEGs),BWS_PS_124.jpg,Brett Williams Studios LLC,Brett Williams,100% Chain of Title (Non-Scraped),17 U.S.C. § 106,Mandatory Disclosure Summary,f2eb45403858774a01825c090ca72cf2,Ai_Samples_Ready/02_Photo_Booth__Series_(100_JPEGs)/BWS_PS_124.jpg,2026-05-06 12:13:37,Pending_AI_Pass,Pending_AI_Pass,Pending_AI_Pass
02_Photo_Booth__Series_(100_JPEGs),BWS_PS_130.jpg,Brett Williams Studios LLC,Brett Williams,100% Chain of Title (Non-Scraped),17 U.S.C. § 106,Mandatory Disclosure Summary,1ea42c4d95e8d3e9d05375c6277ef6cc,Ai_Samples_Ready/02_Photo_Booth__Series_(100_JPEGs)/BWS_PS_130.jpg,2026-05-06 12:13:37,Pending_AI_Pass,Pending_AI_Pass,Pending_AI_Pass
02_Photo_Booth__Series_(100_JPEGs),BWS_PS_118.jpg,Brett Williams Studios LLC,Brett Williams,100% Chain of Title (Non-Scraped),17 U.S.C. § 106,Mandatory Disclosure Summary,406fbe4dba56c36fd0bc04911e63716b,Ai_Samples_Ready/02_Photo_Booth__Series_(100_JPEGs)/BWS_PS_118.jpg,2026-05-06 12:13:37,Pending_AI_Pass,Pending_AI_Pass,Pending_AI_Pass
02_Photo_Booth__Series_(100_JPEGs),BWS_PS_078.jpg,Brett Williams Studios LLC,Brett Williams,100% Chain of Title (Non-Scraped),17 U.S.C. § 106,Mandatory Disclosure Summary,a66a260f3aaf1712c190779b0620a67e,Ai_Samples_Ready/02_Photo_Booth__Series_(100_JPEGs)/BWS_PS_078.jpg,2026-05-06 12:13:37,Pending_AI_Pass,Pending_AI_Pass,Pending_AI_Pass
02_Photo_Booth__Series_(100_JPEGs),BWS_PS_093.jpg,Brett Williams Studios LLC,Brett Williams,100% Chain of Title (Non-Scraped),17 U.S.C. § 106,Mandatory Disclosure Summary,f8fca1e72bcee36f2381521933a8fee4,Ai_Samples_Ready/02_Photo_Booth__Series_(100_JPEGs)/BWS_PS_093.jpg,2026-05-06 12:13:37,Pending_AI_Pass,Pending_AI_Pass,Pending_AI_Pass
02_Photo_Booth__Series_(100_JPEGs),BWS_PS_087.jpg,Brett Williams Studios LLC,Brett Williams,100% Chain of Title (Non-Scraped),17 U.S.C. § 106,Mandatory Disclosure Summary,b68e8ac669e3c1399699dbf4a26ab915,Ai_Samples_Ready/02_Photo_Booth__Series_(100_JPEGs)/BWS_PS_087.jpg,2026-05-06 12:13:37,Pending_AI_Pass,Pending_AI_Pass,Pending_AI_Pass
06_Studio_Swimwear_(20_JPEGS),IMG_7814.jpg,Brett Williams Studios LLC,Brett Williams,100% Chain of Title (Non-Scraped),17 U.S.C. § 106,Mandatory Disclosure Summary,923b75ef97d1270764974ee148a781ab,Ai_Samples_Ready/06_Studio_Swimwear_(20_JPEGS)/IMG_7814.jpg,2026-05-06 12:13:37,Pending_AI_Pass,Pending_AI_Pass,Pending_AI_Pass
06_Studio_Swimwear_(20_JPEGS),IMG_7196.jpg,Brett Williams Studios LLC,Brett Williams,100% Chain of Title (Non-Scraped),17 U.S.C. § 106,Mandatory Disclosure Summary,1db3c0f73cb301179a338caddcaa91c5,Ai_Samples_Ready/06_Studio_Swimwear_(20_JPEGS)/IMG_7196.jpg,2026-05-06 12:13:37,Pending_AI_Pass,Pending_AI_Pass,Pending_AI_Pass
06_Studio_Swimwear_(20_JPEGS),IMG_7168.jpg,Brett Williams Studios LLC,Brett Williams,100% Chain of Title (Non-Scraped),17 U.S.C. § 106,Mandatory Disclosure Summary,834a44c629250ee216f3d950ae26939e,Ai_Samples_Ready/06_Studio_Swimwear_(20_JPEGS)/IMG_7168.jpg,2026-05-06 12:13:37,Pending_AI_Pass,Pending_AI_Pass,Pending_AI_Pass
06_Studio_Swimwear_(20_JPEGS),IMG_7034.jpg,Brett Williams Studios LLC,Brett Williams,100% Chain of Title (Non-Scraped),17 U.S.C. § 106,Mandatory Disclosure Summary,5ad1af4a53cba4031b21d315df7d2fee,Ai_Samples_Ready/06_Studio_Swimwear_(20_JPEGS)/IMG_7034.jpg,2026-05-06 12:13:37,Pending_AI_Pass,Pending_AI_Pass,Pending_AI_Pass
06_Studio_Swimwear_(20_JPEGS),IMG_7147.jpg,Brett Williams Studios LLC,Brett Williams,100% Chain of Title (Non-Scraped),17 U.S.C. § 106,Mandatory Disclosure Summary,5c90f2c873ff380fab2f63b68d28a77a,Ai_Samples_Ready/06_Studio_Swimwear_(20_JPEGS)/IMG_7147.jpg,2026-05-06 12:13:37,Pending_AI_Pass,Pending_AI_Pass,Pending_AI_Pass
06_Studio_Swimwear_(20_JPEGS),IMG_8013.jpg,Brett Williams Studios LLC,Brett Williams,100% Chain of Title (Non-Scraped),17 U.S.C. § 106,Mandatory Disclosure Summary,646aafbf7b369c0be6ff5951b4dfafab,Ai_Samples_Ready/06_Studio_Swimwear_(20_JPEGS)/IMG_8013.jpg,2026-05-06 12:13:37,Pending_AI_Pass,Pending_AI_Pass,Pending_AI_Pass
06_Studio_Swimwear_(20_JPEGS),IMG_7057.jpg,Brett Williams Studios LLC,Brett Williams,100% Chain of Title (Non-Scraped),17 U.S.C. § 106,Mandatory Disclosure Summary,d0f76a1f49136cc98be98e8bdc5a3b52,Ai_Samples_Ready/06_Studio_Swimwear_(20_JPEGS)/IMG_7057.jpg,2026-05-06 12:13:37,Pending_AI_Pass,Pending_AI_Pass,Pending_AI_Pass
06_Studio_Swimwear_(20_JPEGS),IMG_7725.jpg,Brett Williams Studios LLC,Brett Williams,100% Chain of Title (Non-Scraped),17 U.S.C. § 106,Mandatory Disclosure Summary,c48678d347c9d0ae293a2c82f2a83c0b,Ai_Samples_Ready/06_Studio_Swimwear_(20_JPEGS)/IMG_7725.jpg,2026-05-06 12:13:37,Pending_AI_Pass,Pending_AI_Pass,Pending_AI_Pass
06_Studio_Swimwear_(20_JPEGS),IMG_6968.jpg,Brett Williams Studios LLC,Brett Williams,100% Chain of Title (Non-Scraped),17 U.S.C. § 106,Mandatory Disclosure Summary,da2ae4aaee31269e0909e519cd34dfa7,Ai_Samples_Ready/06_Studio_Swimwear_(20_JPEGS)/IMG_6968.jpg,2026-05-06 12:13:37,Pending_AI_Pass,Pending_AI_Pass,Pending_AI_Pass
06_Studio_Swimwear_(20_JPEGS),IMG_7647.jpg,Brett Williams Studios LLC,Brett Williams,100% Chain of Title (Non-Scraped),17 U.S.C. § 106,Mandatory Disclosure Summary,6a8591914692e13e7df66f3fa5a8c4a8,Ai_Samples_Ready/06_Studio_Swimwear_(20_JPEGS)/IMG_7647.jpg,2026-05-06 12:13:37,Pending_AI_Pass,Pending_AI_Pass,Pending_AI_Pass
06_Studio_Swimwear_(20_JPEGS),IMG_7078.jpg,Brett Williams Studios LLC,Brett Williams,100% Chain of Title (Non-Scraped),17 U.S.C. § 106,Mandatory Disclosure Summary,5b8c90e643dd2617e5673d3f4c4aac3c,Ai_Samples_Ready/06_Studio_Swimwear_(20_JPEGS)/IMG_7078.jpg,2026-05-06 12:13:37,Pending_AI_Pass,Pending_AI_Pass,Pending_AI_Pass
06_Studio_Swimwear_(20_JPEGS),IMG_8014.jpg,Brett Williams Studios LLC,Brett Williams,100% Chain of Title (Non-Scraped),17 U.S.C. § 106,Mandatory Disclosure Summary,9da633e80095dfb09239c868373e808b,Ai_Samples_Ready/06_Studio_Swimwear_(20_JPEGS)/IMG_8014.jpg,2026-05-06 12:13:37,Pending_AI_Pass,Pending_AI_Pass,Pending_AI_Pass
06_Studio_Swimwear_(20_JPEGS),IMG_7442.jpg,Brett Williams Studios LLC,Brett Williams,100% Chain of Title (Non-Scraped),17 U.S.C. § 106,Mandatory Disclosure Summary,6f5f372d6eabf5a83e73c7f0f54cb1af,Ai_Samples_Ready/06_Studio_Swimwear_(20_JPEGS)/IMG_7442.jpg,2026-05-06 12:13:37,Pending_AI_Pass,Pending_AI_Pass,Pending_AI_Pass
06_Studio_Swimwear_(20_JPEGS),IMG_6990.jpg,Brett Williams Studios LLC,Brett Williams,100% Chain of Title (Non-Scraped),17 U.S.C. § 106,Mandatory Disclosure Summary,ea8341f9fac0ff53261ac9291ee049b7,Ai_Samples_Ready/06_Studio_Swimwear_(20_JPEGS)/IMG_6990.jpg,2026-05-06 12:13:37,Pending_AI_Pass,Pending_AI_Pass,Pending_AI_Pass
06_Studio_Swimwear_(20_JPEGS),IMG_7922.jpg,Brett Williams Studios LLC,Brett Williams,100% Chain of Title (Non-Scraped),17 U.S.C. § 106,Mandatory Disclosure Summary,7bdef78cefd90d220363ef66d5547124,Ai_Samples_Ready/06_Studio_Swimwear_(20_JPEGS)/IMG_7922.jpg,2026-05-06 12:13:37,Pending_AI_Pass,Pending_AI_Pass,Pending_AI_Pass
06_Studio_Swimwear_(20_JPEGS),IMG_7676.jpg,Brett Williams Studios LLC,Brett Williams,100% Chain of Title (Non-Scraped),17 U.S.C. § 106,Mandatory Disclosure Summary,98265a2b344aa5c819441f9b5fefa034,Ai_Samples_Ready/06_Studio_Swimwear_(20_JPEGS)/IMG_7676.jpg,2026-05-06 12:13:37,Pending_AI_Pass,Pending_AI_Pass,Pending_AI_Pass
06_Studio_Swimwear_(20_JPEGS),IMG_8118.jpg,Brett Williams Studios LLC,Brett Williams,100% Chain of Title (Non-Scraped),17 U.S.C. § 106,Mandatory Disclosure Summary,ef79046e69e1801a34eaa02cd8fbf73e,Ai_Samples_Ready/06_Studio_Swimwear_(20_JPEGS)/IMG_8118.jpg,2026-05-06 12:13:37,Pending_AI_Pass,Pending_AI_Pass,Pending_AI_Pass
06_Studio_Swimwear_(20_JPEGS),IMG_7214.jpg,Brett Williams Studios LLC,Brett Williams,100% Chain of Title (Non-Scraped),17 U.S.C. § 106,Mandatory Disclosure Summary,96688291971fa7a5c22fec916dafb426,Ai_Samples_Ready/06_Studio_Swimwear_(20_JPEGS)/IMG_7214.jpg,2026-05-06 12:13:37,Pending_AI_Pass,Pending_AI_Pass,Pending_AI_Pass
06_Studio_Swimwear_(20_JPEGS),IMG_7370.jpg,Brett Williams Studios LLC,Brett Williams,100% Chain of Title (Non-Scraped),17 U.S.C. § 106,Mandatory Disclosure Summary,170a0d69b735032e4a17687ed982ebb6,Ai_Samples_Ready/06_Studio_Swimwear_(20_JPEGS)/IMG_7370.jpg,2026-05-06 12:13:37,Pending_AI_Pass,Pending_AI_Pass,Pending_AI_Pass
06_Studio_Swimwear_(20_JPEGS),IMG_7414.jpg,Brett Williams Studios LLC,Brett Williams,100% Chain of Title (Non-Scraped),17 U.S.C. § 106,Mandatory Disclosure Summary,d4b39d9005b1f0b7079278d518d67a1f,Ai_Samples_Ready/06_Studio_Swimwear_(20_JPEGS)/IMG_7414.jpg,2026-05-06 12:13:37,Pending_AI_Pass,Pending_AI_Pass,Pending_AI_Pass
06_Studio_Swimwear_(20_JPEGS),IMG_7986.jpg,Brett Williams Studios LLC,Brett Williams,100% Chain of Title (Non-Scraped),17 U.S.C. § 106,Mandatory Disclosure Summary,58dc0a9a6f770abae35d32582060fa43,Ai_Samples_Ready/06_Studio_Swimwear_(20_JPEGS)/IMG_7986.jpg,2026-05-06 12:13:37,Pending_AI_Pass,Pending_AI_Pass,Pending_AI_Pass
13_FootWear_shoes_(30_JPEGS),DSC_0970.jpg,Brett Williams Studios LLC,Brett Williams,100% Chain of Title (Non-Scraped),17 U.S.C. § 106,Mandatory Disclosure Summary,0e748aa682783accc8ff0035e30394a0,Ai_Samples_Ready/13_FootWear_shoes_(30_JPEGS)/DSC_0970.jpg,2026-05-06 12:13:37,Pending_AI_Pass,Pending_AI_Pass,Pending_AI_Pass
13_FootWear_shoes_(30_JPEGS),DSC_0967.jpg,Brett Williams Studios LLC,Brett Williams,100% Chain of Title (Non-Scraped),17 U.S.C. § 106,Mandatory Disclosure Summary,adca8570d1355a58874c7b0c739a62a5,Ai_Samples_Ready/13_FootWear_shoes_(30_JPEGS)/DSC_0967.jpg,2026-05-06 12:13:37,Pending_AI_Pass,Pending_AI_Pass,Pending_AI_Pass
13_FootWear_shoes_(30_JPEGS),DSC_0989.jpg,Brett Williams Studios LLC,Brett Williams,100% Chain of Title (Non-Scraped),17 U.S.C. § 106,Mandatory Disclosure Summary,8ba00d4e537d9ab0b589cdb217fa87ae,Ai_Samples_Ready/13_FootWear_shoes_(30_JPEGS)/DSC_0989.jpg,2026-05-06 12:13:37,Pending_AI_Pass,Pending_AI_Pass,Pending_AI_Pass
13_FootWear_shoes_(30_JPEGS),DSC_0976.jpg,Brett Williams Studios LLC,Brett Williams,100% Chain of Title (Non-Scraped),17 U.S.C. § 106,Mandatory Disclosure Summary,d002450f579ec4d9e6088d5619fb159a,Ai_Samples_Ready/13_FootWear_shoes_(30_JPEGS)/DSC_0976.jpg,2026-05-06 12:13:37,Pending_AI_Pass,Pending_AI_Pass,Pending_AI_Pass
13_FootWear_shoes_(30_JPEGS),DSC_1063.jpg,Brett Williams Studios LLC,Brett Williams,100% Chain of Title (Non-Scraped),17 U.S.C. § 106,Mandatory Disclosure Summary,7cdd3382933b3bbec9eb51189aa52258,Ai_Samples_Ready/13_FootWear_shoes_(30_JPEGS)/DSC_1063.jpg,2026-05-06 12:13:37,Pending_AI_Pass,Pending_AI_Pass,Pending_AI_Pass
13_FootWear_shoes_(30_JPEGS),DSC_0974.jpg,Brett Williams Studios LLC,Brett Williams,100% Chain of Title (Non-Scraped),17 U.S.C. § 106,Mandatory Disclosure Summary,5a1d3058aa908f78786199ebb141a03e,Ai_Samples_Ready/13_FootWear_shoes_(30_JPEGS)/DSC_0974.jpg,2026-05-06 12:13:37,Pending_AI_Pass,Pending_AI_Pass,Pending_AI_Pass
13_FootWear_shoes_(30_JPEGS),DSC_0975.jpg,Brett Williams Studios LLC,Brett Williams,100% Chain of Title (Non-Scraped),17 U.S.C. § 106,Mandatory Disclosure Summary,ce89ddb906620046516ab35d80f18bee,Ai_Samples_Ready/13_FootWear_shoes_(30_JPEGS)/DSC_0975.jpg,2026-05-06 12:13:37,Pending_AI_Pass,Pending_AI_Pass,Pending_AI_Pass
13_FootWear_shoes_(30_JPEGS),DSC_0907.jpg,Brett Williams Studios LLC,Brett Williams,100% Chain of Title (Non-Scraped),17 U.S.C. § 106,Mandatory Disclosure Summary,7f1ed9266ef08585bd559892d8b29dd5,Ai_Samples_Ready/13_FootWear_shoes_(30_JPEGS)/DSC_0907.jpg,2026-05-06 12:13:37,Pending_AI_Pass,Pending_AI_Pass,Pending_AI_Pass
13_FootWear_shoes_(30_JPEGS),DSC_1004.jpg,Brett Williams Studios LLC,Brett Williams,100% Chain of Title (Non-Scraped),17 U.S.C. § 106,Mandatory Disclosure Summary,e09f8249aa4329081838b9de004e8457,Ai_Samples_Ready/13_FootWear_shoes_(30_JPEGS)/DSC_1004.jpg,2026-05-06 12:13:37,Pending_AI_Pass,Pending_AI_Pass,Pending_AI_Pass
13_FootWear_shoes_(30_JPEGS),DSC_0911.jpg,Brett Williams Studios LLC,Brett Williams,100% Chain of Title (Non-Scraped),17 U.S.C. § 106,Mandatory Disclosure Summary,14b933d41b8b77447188f2dd40adb3cb,Ai_Samples_Ready/13_FootWear_shoes_(30_JPEGS)/DSC_0911.jpg,2026-05-06 12:13:37,Pending_AI_Pass,Pending_AI_Pass,Pending_AI_Pass
13_FootWear_shoes_(30_JPEGS),DSC_0910.jpg,Brett Williams Studios LLC,Brett Williams,100% Chain of Title (Non-Scraped),17 U.S.C. § 106,Mandatory Disclosure Summary,df2bc99df1ccbde3658a7f600ef013bf,Ai_Samples_Ready/13_FootWear_shoes_(30_JPEGS)/DSC_0910.jpg,2026-05-06 12:13:37,Pending_AI_Pass,Pending_AI_Pass,Pending_AI_Pass
13_FootWear_shoes_(30_JPEGS),DSC_1011.jpg,Brett Williams Studios LLC,Brett Williams,100% Chain of Title (Non-Scraped),17 U.S.C. § 106,Mandatory Disclosure Summary,1a2552827b95e0809686787b0f4c294c,Ai_Samples_Ready/13_FootWear_shoes_(30_JPEGS)/DSC_1011.jpg,2026-05-06 12:13:37,Pending_AI_Pass,Pending_AI_Pass,Pending_AI_Pass
13_FootWear_shoes_(30_JPEGS),DSC_1001.jpg,Brett Williams Studios LLC,Brett Williams,100% Chain of Title (Non-Scraped),17 U.S.C. § 106,Mandatory Disclosure Summary,6126e0a9d78bd11974b90ae45263021e,Ai_Samples_Ready/13_FootWear_shoes_(30_JPEGS)/DSC_1001.jpg,2026-05-06 12:13:37,Pending_AI_Pass,Pending_AI_Pass,Pending_AI_Pass
13_FootWear_shoes_(30_JPEGS),DSC_0914.jpg,Brett Williams Studios LLC,Brett Williams,100% Chain of Title (Non-Scraped),17 U.S.C. § 106,Mandatory Disclosure Summary,75341c4f61e4dfb9743e9c18600abd52,Ai_Samples_Ready/13_FootWear_shoes_(30_JPEGS)/DSC_0914.jpg,2026-05-06 12:13:37,Pending_AI_Pass,Pending_AI_Pass,Pending_AI_Pass
13_FootWear_shoes_(30_JPEGS),DSC_1002.jpg,Brett Williams Studios LLC,Brett Williams,100% Chain of Title (Non-Scraped),17 U.S.C. § 106,Mandatory Disclosure Summary,6a5319cf6ab4fc1af1e94caa53a825af,Ai_Samples_Ready/13_FootWear_shoes_(30_JPEGS)/DSC_1002.jpg,2026-05-06 12:13:37,Pending_AI_Pass,Pending_AI_Pass,Pending_AI_Pass
13_FootWear_shoes_(30_JPEGS),DSC_1016.jpg,Brett Williams Studios LLC,Brett Williams,100% Chain of Title (Non-Scraped),17 U.S.C. § 106,Mandatory Disclosure Summary,7e37e5da83253d67f28e1226bb4349f8,Ai_Samples_Ready/13_FootWear_shoes_(30_JPEGS)/DSC_1016.jpg,2026-05-06 12:13:37,Pending_AI_Pass,Pending_AI_Pass,Pending_AI_Pass
13_FootWear_shoes_(30_JPEGS),DSC_1032.jpg,Brett Williams Studios LLC,Brett Williams,100% Chain of Title (Non-Scraped),17 U.S.C. § 106,Mandatory Disclosure Summary,1f13eb353b682b0f6e04693d963339bf,Ai_Samples_Ready/13_FootWear_shoes_(30_JPEGS)/DSC_1032.jpg,2026-05-06 12:13:37,Pending_AI_Pass,Pending_AI_Pass,Pending_AI_Pass
13_FootWear_shoes_(30_JPEGS),DSC_0927.jpg,Brett Williams Studios LLC,Brett Williams,100% Chain of Title (Non-Scraped),17 U.S.C. § 106,Mandatory Disclosure Summary,4fb7311215c51a43574012bef07027d0,Ai_Samples_Ready/13_FootWear_shoes_(30_JPEGS)/DSC_0927.jpg,2026-05-06 12:13:37,Pending_AI_Pass,Pending_AI_Pass,Pending_AI_Pass
13_FootWear_shoes_(30_JPEGS),DSC_0926.jpg,Brett Williams Studios LLC,Brett Williams,100% Chain of Title (Non-Scraped),17 U.S.C. § 106,Mandatory Disclosure Summary,8581fc8e9a5b500909147d46c90edb75,Ai_Samples_Ready/13_FootWear_shoes_(30_JPEGS)/DSC_0926.jpg,2026-05-06 12:13:37,Pending_AI_Pass,Pending_AI_Pass,Pending_AI_Pass
13_FootWear_shoes_(30_JPEGS),DSC_1025.jpg,Brett Williams Studios LLC,Brett Williams,100% Chain of Title (Non-Scraped),17 U.S.C. § 106,Mandatory Disclosure Summary,8d10194384021bfd32a5a5f9ed5f01e5,Ai_Samples_Ready/13_FootWear_shoes_(30_JPEGS)/DSC_1025.jpg,2026-05-06 12:13:37,Pending_AI_Pass,Pending_AI_Pass,Pending_AI_Pass
13_FootWear_shoes_(30_JPEGS),DSC_1020.jpg,Brett Williams Studios LLC,Brett Williams,100% Chain of Title (Non-Scraped),17 U.S.C. § 106,Mandatory Disclosure Summary,11a715b7cd7c44ae0fcf79628d687a78,Ai_Samples_Ready/13_FootWear_shoes_(30_JPEGS)/DSC_1020.jpg,2026-05-06 12:13:37,Pending_AI_Pass,Pending_AI_Pass,Pending_AI_Pass
13_FootWear_shoes_(30_JPEGS),DSC_1008.jpg,Brett Williams Studios LLC,Brett Williams,100% Chain of Title (Non-Scraped),17 U.S.C. § 106,Mandatory Disclosure Summary,ec3d6e150d4caa3dda6931d257607513,Ai_Samples_Ready/13_FootWear_shoes_(30_JPEGS)/DSC_1008.jpg,2026-05-06 12:13:37,Pending_AI_Pass,Pending_AI_Pass,Pending_AI_Pass
13_FootWear_shoes_(30_JPEGS),DSC_0909.jpg,Brett Williams Studios LLC,Brett Williams,100% Chain of Title (Non-Scraped),17 U.S.C. § 106,Mandatory Disclosure Summary,8a21b390cf6d5de9a9512c7524a76b99,Ai_Samples_Ready/13_FootWear_shoes_(30_JPEGS)/DSC_0909.jpg,2026-05-06 12:13:37,Pending_AI_Pass,Pending_AI_Pass,Pending_AI_Pass
13_FootWear_shoes_(30_JPEGS),DSC_1044.jpg,Brett Williams Studios LLC,Brett Williams,100% Chain of Title (Non-Scraped),17 U.S.C. § 106,Mandatory Disclosure Summary,bdf3bdf9df43618ece3437faa7262c04,Ai_Samples_Ready/13_FootWear_shoes_(30_JPEGS)/DSC_1044.jpg,2026-05-06 12:13:37,Pending_AI_Pass,Pending_AI_Pass,Pending_AI_Pass
13_FootWear_shoes_(30_JPEGS),DSC_1046.jpg,Brett Williams Studios LLC,Brett Williams,100% Chain of Title (Non-Scraped),17 U.S.C. § 106,Mandatory Disclosure Summary,a7375015c8aa2c9b8065f9fa26c171a0,Ai_Samples_Ready/13_FootWear_shoes_(30_JPEGS)/DSC_1046.jpg,2026-05-06 12:13:37,Pending_AI_Pass,Pending_AI_Pass,Pending_AI_Pass
13_FootWear_shoes_(30_JPEGS),DSC_0981.jpg,Brett Williams Studios LLC,Brett Williams,100% Chain of Title (Non-Scraped),17 U.S.C. § 106,Mandatory Disclosure Summary,81764a44973fb2b0821b9f8b7b29adce,Ai_Samples_Ready/13_FootWear_shoes_(30_JPEGS)/DSC_0981.jpg,2026-05-06 12:13:37,Pending_AI_Pass,Pending_AI_Pass,Pending_AI_Pass
13_FootWear_shoes_(30_JPEGS),DSC_0995.jpg,Brett Williams Studios LLC,Brett Williams,100% Chain of Title (Non-Scraped),17 U.S.C. § 106,Mandatory Disclosure Summary,e2b0fc6c3a756047839c994ef34797b5,Ai_Samples_Ready/13_FootWear_shoes_(30_JPEGS)/DSC_0995.jpg,2026-05-06 12:13:37,Pending_AI_Pass,Pending_AI_Pass,Pending_AI_Pass
13_FootWear_shoes_(30_JPEGS),DSC_0994.jpg,Brett Williams Studios LLC,Brett Williams,100% Chain of Title (Non-Scraped),17 U.S.C. § 106,Mandatory Disclosure Summary,42c75b0cfd153ee2cf5c71721dd06019,Ai_Samples_Ready/13_FootWear_shoes_(30_JPEGS)/DSC_0994.jpg,2026-05-06 12:13:37,Pending_AI_Pass,Pending_AI_Pass,Pending_AI_Pass
13_FootWear_shoes_(30_JPEGS),DSC_1056.jpg,Brett Williams Studios LLC,Brett Williams,100% Chain of Title (Non-Scraped),17 U.S.C. § 106,Mandatory Disclosure Summary,88a58f5d41bbb446c35069f8230351fe,Ai_Samples_Ready/13_FootWear_shoes_(30_JPEGS)/DSC_1056.jpg,2026-05-06 12:13:37,Pending_AI_Pass,Pending_AI_Pass,Pending_AI_Pass
13_FootWear_shoes_(30_JPEGS),DSC_0969.jpg,Brett Williams Studios LLC,Brett Williams,100% Chain of Title (Non-Scraped),17 U.S.C. § 106,Mandatory Disclosure Summary,03e52652ca83a167439b5021507a74f8,Ai_Samples_Ready/13_FootWear_shoes_(30_JPEGS)/DSC_0969.jpg,2026-05-06 12:13:37,Pending_AI_Pass,Pending_AI_Pass,Pending_AI_Pass
13_FootWear_shoes_(30_JPEGS),DSC_0983.jpg,Brett Williams Studios LLC,Brett Williams,100% Chain of Title (Non-Scraped),17 U.S.C. § 106,Mandatory Disclosure Summary,da595ba1e485d854b6fbd14f1d143940,Ai_Samples_Ready/13_FootWear_shoes_(30_JPEGS)/DSC_0983.jpg,2026-05-06 12:13:37,Pending_AI_Pass,Pending_AI_Pass,Pending_AI_Pass
05_Executive_portraits_(25_JPEGS),43_JohnSears-0741.jpg,Brett Williams Studios LLC,Brett Williams,100% Chain of Title (Non-Scraped),17 U.S.C. § 106,Mandatory Disclosure Summary,150f519df0d4614cad7ad430c7a8c19b,Ai_Samples_Ready/05_Executive_portraits_(25_JPEGS)/43_JohnSears-0741.jpg,2026-05-06 12:13:37,Pending_AI_Pass,Pending_AI_Pass,Pending_AI_Pass
05_Executive_portraits_(25_JPEGS),32_ChristinaWarner-0574.jpg,Brett Williams Studios LLC,Brett Williams,100% Chain of Title (Non-Scraped),17 U.S.C. § 106,Mandatory Disclosure Summary,92c38169a8d5bc644e75f75c4482fe50,Ai_Samples_Ready/05_Executive_portraits_(25_JPEGS)/32_ChristinaWarner-0574.jpg,2026-05-06 12:13:37,Pending_AI_Pass,Pending_AI_Pass,Pending_AI_Pass
05_Executive_portraits_(25_JPEGS),51_MattHurst-0878.jpg,Brett Williams Studios LLC,Brett Williams,100% Chain of Title (Non-Scraped),17 U.S.C. § 106,Mandatory Disclosure Summary,befefd79334bed26d9d717e66c50a6b3,Ai_Samples_Ready/05_Executive_portraits_(25_JPEGS)/51_MattHurst-0878.jpg,2026-05-06 12:13:37,Pending_AI_Pass,Pending_AI_Pass,Pending_AI_Pass
05_Executive_portraits_(25_JPEGS),45_ShannonRevolinski-0763.jpg,Brett Williams Studios LLC,Brett Williams,100% Chain of Title (Non-Scraped),17 U.S.C. § 106,Mandatory Disclosure Summary,3509db062cd95a368d518abd5709c77a,Ai_Samples_Ready/05_Executive_portraits_(25_JPEGS)/45_ShannonRevolinski-0763.jpg,2026-05-06 12:13:37,Pending_AI_Pass,Pending_AI_Pass,Pending_AI_Pass
05_Executive_portraits_(25_JPEGS),24_OrlandoRamirez-0447.jpg,Brett Williams Studios LLC,Brett Williams,100% Chain of Title (Non-Scraped),17 U.S.C. § 106,Mandatory Disclosure Summary,5e0b1a2d2ad273098fffedd5a2cf3802,Ai_Samples_Ready/05_Executive_portraits_(25_JPEGS)/24_OrlandoRamirez-0447.jpg,2026-05-06 12:13:37,Pending_AI_Pass,Pending_AI_Pass,Pending_AI_Pass
05_Executive_portraits_(25_JPEGS),17_LanaFoladare-0268.jpg,Brett Williams Studios LLC,Brett Williams,100% Chain of Title (Non-Scraped),17 U.S.C. § 106,Mandatory Disclosure Summary,ed7caf09b8d52fa0f00323b2676a52d6,Ai_Samples_Ready/05_Executive_portraits_(25_JPEGS)/17_LanaFoladare-0268.jpg,2026-05-06 12:13:37,Pending_AI_Pass,Pending_AI_Pass,Pending_AI_Pass
05_Executive_portraits_(25_JPEGS),36_ParkerGeorge-0633.jpg,Brett Williams Studios LLC,Brett Williams,100% Chain of Title (Non-Scraped),17 U.S.C. § 106,Mandatory Disclosure Summary,6bdb49b25b1d9725157483829143c492,Ai_Samples_Ready/05_Executive_portraits_(25_JPEGS)/36_ParkerGeorge-0633.jpg,2026-05-06 12:13:37,Pending_AI_Pass,Pending_AI_Pass,Pending_AI_Pass
05_Executive_portraits_(25_JPEGS),40_LeoRota-0679.jpg,Brett Williams Studios LLC,Brett Williams,100% Chain of Title (Non-Scraped),17 U.S.C. § 106,Mandatory Disclosure Summary,f0af55cac6935567e9d8f2787454f47f,Ai_Samples_Ready/05_Executive_portraits_(25_JPEGS)/40_LeoRota-0679.jpg,2026-05-06 12:13:37,Pending_AI_Pass,Pending_AI_Pass,Pending_AI_Pass
05_Executive_portraits_(25_JPEGS),09_DavidWeinstein-0138.jpg,Brett Williams Studios LLC,Brett Williams,100% Chain of Title (Non-Scraped),17 U.S.C. § 106,Mandatory Disclosure Summary,28fcb96f7c9ecc0e5e4c6f6dc49d5bd3,Ai_Samples_Ready/05_Executive_portraits_(25_JPEGS)/09_DavidWeinstein-0138.jpg,2026-05-06 12:13:37,Pending_AI_Pass,Pending_AI_Pass,Pending_AI_Pass
05_Executive_portraits_(25_JPEGS),31_HeatherWhite-0547.jpg,Brett Williams Studios LLC,Brett Williams,100% Chain of Title (Non-Scraped),17 U.S.C. § 106,Mandatory Disclosure Summary,9a69415e2434de916eb21972cc1fd414,Ai_Samples_Ready/05_Executive_portraits_(25_JPEGS)/31_HeatherWhite-0547.jpg,2026-05-06 12:13:37,Pending_AI_Pass,Pending_AI_Pass,Pending_AI_Pass
05_Executive_portraits_(25_JPEGS),27_SteveSevick-0482.jpg,Brett Williams Studios LLC,Brett Williams,100% Chain of Title (Non-Scraped),17 U.S.C. § 106,Mandatory Disclosure Summary,58aa816e8f4a626830ded40d4218a2d2,Ai_Samples_Ready/05_Executive_portraits_(25_JPEGS)/27_SteveSevick-0482.jpg,2026-05-06 12:13:37,Pending_AI_Pass,Pending_AI_Pass,Pending_AI_Pass
05_Executive_portraits_(25_JPEGS),14_GillianComito-0219 1.jpg,Brett Williams Studios LLC,Brett Williams,100% Chain of Title (Non-Scraped),17 U.S.C. § 106,Mandatory Disclosure Summary,8198dde829b581b16f12dc960bfad3a3,Ai_Samples_Ready/05_Executive_portraits_(25_JPEGS)/14_GillianComito-0219 1.jpg,2026-05-06 12:13:37,Pending_AI_Pass,Pending_AI_Pass,Pending_AI_Pass
05_Executive_portraits_(25_JPEGS),47_JeremyFrank-0813.jpg,Brett Williams Studios LLC,Brett Williams,100% Chain of Title (Non-Scraped),17 U.S.C. § 106,Mandatory Disclosure Summary,3e683115692d5f056bf48d78e3098f75,Ai_Samples_Ready/05_Executive_portraits_(25_JPEGS)/47_JeremyFrank-0813.jpg,2026-05-06 12:13:37,Pending_AI_Pass,Pending_AI_Pass,Pending_AI_Pass
05_Executive_portraits_(25_JPEGS),15_SteveNava-0246.jpg,Brett Williams Studios LLC,Brett Williams,100% Chain of Title (Non-Scraped),17 U.S.C. § 106,Mandatory Disclosure Summary,c8742835116ad7d525c544ba3f810e6d,Ai_Samples_Ready/05_Executive_portraits_(25_JPEGS)/15_SteveNava-0246.jpg,2026-05-06 12:13:37,Pending_AI_Pass,Pending_AI_Pass,Pending_AI_Pass
05_Executive_portraits_(25_JPEGS),55_AnthonyPicardi-0943.jpg,Brett Williams Studios LLC,Brett Williams,100% Chain of Title (Non-Scraped),17 U.S.C. § 106,Mandatory Disclosure Summary,ba84a60cea8d4af0ec8616cb98a46436,Ai_Samples_Ready/05_Executive_portraits_(25_JPEGS)/55_AnthonyPicardi-0943.jpg,2026-05-06 12:13:37,Pending_AI_Pass,Pending_AI_Pass,Pending_AI_Pass
05_Executive_portraits_(25_JPEGS),23_AmberLogan-0412.jpg,Brett Williams Studios LLC,Brett Williams,100% Chain of Title (Non-Scraped),17 U.S.C. § 106,Mandatory Disclosure Summary,56e5f07a13d1937a135a277d2edea98a,Ai_Samples_Ready/05_Executive_portraits_(25_JPEGS)/23_AmberLogan-0412.jpg,2026-05-06 12:13:37,Pending_AI_Pass,Pending_AI_Pass,Pending_AI_Pass
05_Executive_portraits_(25_JPEGS),53_AndreaGiometti-0905.jpg,Brett Williams Studios LLC,Brett Williams,100% Chain of Title (Non-Scraped),17 U.S.C. § 106,Mandatory Disclosure Summary,777e0870197f2d7e1e901baddf1ccb1f,Ai_Samples_Ready/05_Executive_portraits_(25_JPEGS)/53_AndreaGiometti-0905.jpg,2026-05-06 12:13:37,Pending_AI_Pass,Pending_AI_Pass,Pending_AI_Pass
05_Executive_portraits_(25_JPEGS),39_ChrisHarrell-0671.jpg,Brett Williams Studios LLC,Brett Williams,100% Chain of Title (Non-Scraped),17 U.S.C. § 106,Mandatory Disclosure Summary,85b2f7035eb1fd3e607a6970d9579bde,Ai_Samples_Ready/05_Executive_portraits_(25_JPEGS)/39_ChrisHarrell-0671.jpg,2026-05-06 12:13:37,Pending_AI_Pass,Pending_AI_Pass,Pending_AI_Pass
05_Executive_portraits_(25_JPEGS),46_TomHarvell-0810.jpg,Brett Williams Studios LLC,Brett Williams,100% Chain of Title (Non-Scraped),17 U.S.C. § 106,Mandatory Disclosure Summary,4c3140249a684f9125bbf67ba672d6c2,Ai_Samples_Ready/05_Executive_portraits_(25_JPEGS)/46_TomHarvell-0810.jpg,2026-05-06 12:13:37,Pending_AI_Pass,Pending_AI_Pass,Pending_AI_Pass
05_Executive_portraits_(25_JPEGS),66_MunMunMalik-1138.jpg,Brett Williams Studios LLC,Brett Williams,100% Chain of Title (Non-Scraped),17 U.S.C. § 106,Mandatory Disclosure Summary,f2ea826473a50c1632d303dff148a068,Ai_Samples_Ready/05_Executive_portraits_(25_JPEGS)/66_MunMunMalik-1138.jpg,2026-05-06 12:13:37,Pending_AI_Pass,Pending_AI_Pass,Pending_AI_Pass
05_Executive_portraits_(25_JPEGS),05_SONYA-0104.jpg,Brett Williams Studios LLC,Brett Williams,100% Chain of Title (Non-Scraped),17 U.S.C. § 106,Mandatory Disclosure Summary,e10aa464f8660bf1a624980d1fa1b225,Ai_Samples_Ready/05_Executive_portraits_(25_JPEGS)/05_SONYA-0104.jpg,2026-05-06 12:13:37,Pending_AI_Pass,Pending_AI_Pass,Pending_AI_Pass
05_Executive_portraits_(25_JPEGS),50_EricParrott-0871.jpg,Brett Williams Studios LLC,Brett Williams,100% Chain of Title (Non-Scraped),17 U.S.C. § 106,Mandatory Disclosure Summary,9dffe4b62b57c467bab1252766ee2be7,Ai_Samples_Ready/05_Executive_portraits_(25_JPEGS)/50_EricParrott-0871.jpg,2026-05-06 12:13:37,Pending_AI_Pass,Pending_AI_Pass,Pending_AI_Pass
05_Executive_portraits_(25_JPEGS),08_BritniWillborn-0133.jpg,Brett Williams Studios LLC,Brett Williams,100% Chain of Title (Non-Scraped),17 U.S.C. § 106,Mandatory Disclosure Summary,8ee079702d4de77ab85d17234395e51b,Ai_Samples_Ready/05_Executive_portraits_(25_JPEGS)/08_BritniWillborn-0133.jpg,2026-05-06 12:13:37,Pending_AI_Pass,Pending_AI_Pass,Pending_AI_Pass
05_Executive_portraits_(25_JPEGS),41_JeffNoble-0704.jpg,Brett Williams Studios LLC,Brett Williams,100% Chain of Title (Non-Scraped),17 U.S.C. § 106,Mandatory Disclosure Summary,140743bc259ab035ea74e71a02542520,Ai_Samples_Ready/05_Executive_portraits_(25_JPEGS)/41_JeffNoble-0704.jpg,2026-05-06 12:13:37,Pending_AI_Pass,Pending_AI_Pass,Pending_AI_Pass
05_Executive_portraits_(25_JPEGS),04_MATTHEWBREWER-0075.jpg,Brett Williams Studios LLC,Brett Williams,100% Chain of Title (Non-Scraped),17 U.S.C. § 106,Mandatory Disclosure Summary,b6a7555e2437df3cad9367164d987680,Ai_Samples_Ready/05_Executive_portraits_(25_JPEGS)/04_MATTHEWBREWER-0075.jpg,2026-05-06 12:13:37,Pending_AI_Pass,Pending_AI_Pass,Pending_AI_Pass
03_La_Perla__lingere_(30_JPEGs),LP_1174.jpg,Brett Williams Studios LLC,Brett Williams,100% Chain of Title (Non-Scraped),17 U.S.C. § 106,Mandatory Disclosure Summary,1e0f6e1ea9965ec6b670ed99097eea78,Ai_Samples_Ready/03_La_Perla__lingere_(30_JPEGs)/LP_1174.jpg,2026-05-06 12:13:37,Pending_AI_Pass,Pending_AI_Pass,Pending_AI_Pass
03_La_Perla__lingere_(30_JPEGs),LP_1362.jpg,Brett Williams Studios LLC,Brett Williams,100% Chain of Title (Non-Scraped),17 U.S.C. § 106,Mandatory Disclosure Summary,6cfb1cae9a6297ea22da61fd3adc1d74,Ai_Samples_Ready/03_La_Perla__lingere_(30_JPEGs)/LP_1362.jpg,2026-05-06 12:13:37,Pending_AI_Pass,Pending_AI_Pass,Pending_AI_Pass
03_La_Perla__lingere_(30_JPEGs),LP_1028.jpg,Brett Williams Studios LLC,Brett Williams,100% Chain of Title (Non-Scraped),17 U.S.C. § 106,Mandatory Disclosure Summary,7c0a694a5089d9d2034324d1fdeea48b,Ai_Samples_Ready/03_La_Perla__lingere_(30_JPEGs)/LP_1028.jpg,2026-05-06 12:13:37,Pending_AI_Pass,Pending_AI_Pass,Pending_AI_Pass
03_La_Perla__lingere_(30_JPEGs),LP_1000.jpg,Brett Williams Studios LLC,Brett Williams,100% Chain of Title (Non-Scraped),17 U.S.C. § 106,Mandatory Disclosure Summary,5e076da7639d000b631b6b5e04a6a2f9,Ai_Samples_Ready/03_La_Perla__lingere_(30_JPEGs)/LP_1000.jpg,2026-05-06 12:13:37,Pending_AI_Pass,Pending_AI_Pass,Pending_AI_Pass
03_La_Perla__lingere_(30_JPEGs),LP_1016.jpg,Brett Williams Studios LLC,Brett Williams,100% Chain of Title (Non-Scraped),17 U.S.C. § 106,Mandatory Disclosure Summary,d0771f2f4a1783b83546e0b2bf0a8176,Ai_Samples_Ready/03_La_Perla__lingere_(30_JPEGs)/LP_1016.jpg,2026-05-06 12:13:37,Pending_AI_Pass,Pending_AI_Pass,Pending_AI_Pass
03_La_Perla__lingere_(30_JPEGs),LP_1758.jpg,Brett Williams Studios LLC,Brett Williams,100% Chain of Title (Non-Scraped),17 U.S.C. § 106,Mandatory Disclosure Summary,225d8d9e884c473e358332d173be032f,Ai_Samples_Ready/03_La_Perla__lingere_(30_JPEGs)/LP_1758.jpg,2026-05-06 12:13:37,Pending_AI_Pass,Pending_AI_Pass,Pending_AI_Pass
03_La_Perla__lingere_(30_JPEGs),LP_1759.jpg,Brett Williams Studios LLC,Brett Williams,100% Chain of Title (Non-Scraped),17 U.S.C. § 106,Mandatory Disclosure Summary,04e12c4377744f4137e9450b54702b6e,Ai_Samples_Ready/03_La_Perla__lingere_(30_JPEGs)/LP_1759.jpg,2026-05-06 12:13:37,Pending_AI_Pass,Pending_AI_Pass,Pending_AI_Pass
03_La_Perla__lingere_(30_JPEGs),LP_1561.jpg,Brett Williams Studios LLC,Brett Williams,100% Chain of Title (Non-Scraped),17 U.S.C. § 106,Mandatory Disclosure Summary,59476b6b3c9fdf2b079e731333196df3,Ai_Samples_Ready/03_La_Perla__lingere_(30_JPEGs)/LP_1561.jpg,2026-05-06 12:13:37,Pending_AI_Pass,Pending_AI_Pass,Pending_AI_Pass
03_La_Perla__lingere_(30_JPEGs),LP_1738.jpg,Brett Williams Studios LLC,Brett Williams,100% Chain of Title (Non-Scraped),17 U.S.C. § 106,Mandatory Disclosure Summary,2e3d83781f37938dfcdfc591962af0e2,Ai_Samples_Ready/03_La_Perla__lingere_(30_JPEGs)/LP_1738.jpg,2026-05-06 12:13:37,Pending_AI_Pass,Pending_AI_Pass,Pending_AI_Pass
03_La_Perla__lingere_(30_JPEGs),LP_1711.jpg,Brett Williams Studios LLC,Brett Williams,100% Chain of Title (Non-Scraped),17 U.S.C. § 106,Mandatory Disclosure Summary,59535f18a6400086fa368c77c12f5b37,Ai_Samples_Ready/03_La_Perla__lingere_(30_JPEGs)/LP_1711.jpg,2026-05-06 12:13:37,Pending_AI_Pass,Pending_AI_Pass,Pending_AI_Pass
03_La_Perla__lingere_(30_JPEGs),LP_1101.jpg,Brett Williams Studios LLC,Brett Williams,100% Chain of Title (Non-Scraped),17 U.S.C. § 106,Mandatory Disclosure Summary,b42e74666a9761aad3900d2b79bd3d09,Ai_Samples_Ready/03_La_Perla__lingere_(30_JPEGs)/LP_1101.jpg,2026-05-06 12:13:37,Pending_AI_Pass,Pending_AI_Pass,Pending_AI_Pass
03_La_Perla__lingere_(30_JPEGs),LP_1048.jpg,Brett Williams Studios LLC,Brett Williams,100% Chain of Title (Non-Scraped),17 U.S.C. § 106,Mandatory Disclosure Summary,241cf8694e59264c25e529c2c6e1e9d8,Ai_Samples_Ready/03_La_Perla__lingere_(30_JPEGs)/LP_1048.jpg,2026-05-06 12:13:37,Pending_AI_Pass,Pending_AI_Pass,Pending_AI_Pass
03_La_Perla__lingere_(30_JPEGs),LP_1259.jpg,Brett Williams Studios LLC,Brett Williams,100% Chain of Title (Non-Scraped),17 U.S.C. § 106,Mandatory Disclosure Summary,02d19cf3d071dea48e7349d9424af77d,Ai_Samples_Ready/03_La_Perla__lingere_(30_JPEGs)/LP_1259.jpg,2026-05-06 12:13:37,Pending_AI_Pass,Pending_AI_Pass,Pending_AI_Pass
03_La_Perla__lingere_(30_JPEGs),LP_1311.jpg,Brett Williams Studios LLC,Brett Williams,100% Chain of Title (Non-Scraped),17 U.S.C. § 106,Mandatory Disclosure Summary,b612512a27f9b6ff6674395409fc7b3f,Ai_Samples_Ready/03_La_Perla__lingere_(30_JPEGs)/LP_1311.jpg,2026-05-06 12:13:37,Pending_AI_Pass,Pending_AI_Pass,Pending_AI_Pass
03_La_Perla__lingere_(30_JPEGs),LP_1270.jpg,Brett Williams Studios LLC,Brett Williams,100% Chain of Title (Non-Scraped),17 U.S.C. § 106,Mandatory Disclosure Summary,16f559a4b199d98b070e1f55ce67fe69,Ai_Samples_Ready/03_La_Perla__lingere_(30_JPEGs)/LP_1270.jpg,2026-05-06 12:13:37,Pending_AI_Pass,Pending_AI_Pass,Pending_AI_Pass
03_La_Perla__lingere_(30_JPEGs),LP_1066.jpg,Brett Williams Studios LLC,Brett Williams,100% Chain of Title (Non-Scraped),17 U.S.C. § 106,Mandatory Disclosure Summary,a8042d3c7515f082743e3a3268ad33f5,Ai_Samples_Ready/03_La_Perla__lingere_(30_JPEGs)/LP_1066.jpg,2026-05-06 12:13:37,Pending_AI_Pass,Pending_AI_Pass,Pending_AI_Pass
03_La_Perla__lingere_(30_JPEGs),LP_1731.jpg,Brett Williams Studios LLC,Brett Williams,100% Chain of Title (Non-Scraped),17 U.S.C. § 106,Mandatory Disclosure Summary,cfe3733b5405fd5b63f500bb0f58d3b1,Ai_Samples_Ready/03_La_Perla__lingere_(30_JPEGs)/LP_1731.jpg,2026-05-06 12:13:37,Pending_AI_Pass,Pending_AI_Pass,Pending_AI_Pass
03_La_Perla__lingere_(30_JPEGs),LP_1685.jpg,Brett Williams Studios LLC,Brett Williams,100% Chain of Title (Non-Scraped),17 U.S.C. § 106,Mandatory Disclosure Summary,abdcedf9995687b15178c0e109759bb8,Ai_Samples_Ready/03_La_Perla__lingere_(30_JPEGs)/LP_1685.jpg,2026-05-06 12:13:37,Pending_AI_Pass,Pending_AI_Pass,Pending_AI_Pass
03_La_Perla__lingere_(30_JPEGs),LP_1108.jpg,Brett Williams Studios LLC,Brett Williams,100% Chain of Title (Non-Scraped),17 U.S.C. § 106,Mandatory Disclosure Summary,9dbf6f70619a5c50629d3a55b711bb83,Ai_Samples_Ready/03_La_Perla__lingere_(30_JPEGs)/LP_1108.jpg,2026-05-06 12:13:37,Pending_AI_Pass,Pending_AI_Pass,Pending_AI_Pass
03_La_Perla__lingere_(30_JPEGs),LP_1492.jpg,Brett Williams Studios LLC,Brett Williams,100% Chain of Title (Non-Scraped),17 U.S.C. § 106,Mandatory Disclosure Summary,9001afef96c4cf253bf871572718d4f2,Ai_Samples_Ready/03_La_Perla__lingere_(30_JPEGs)/LP_1492.jpg,2026-05-06 12:13:37,Pending_AI_Pass,Pending_AI_Pass,Pending_AI_Pass
03_La_Perla__lingere_(30_JPEGs),LP_1544.jpg,Brett Williams Studios LLC,Brett Williams,100% Chain of Title (Non-Scraped),17 U.S.C. § 106,Mandatory Disclosure Summary,cb6a2b97f505ef789c578fa515504fe1,Ai_Samples_Ready/03_La_Perla__lingere_(30_JPEGs)/LP_1544.jpg,2026-05-06 12:13:37,Pending_AI_Pass,Pending_AI_Pass,Pending_AI_Pass
03_La_Perla__lingere_(30_JPEGs),LP_1381.jpg,Brett Williams Studios LLC,Brett Williams,100% Chain of Title (Non-Scraped),17 U.S.C. § 106,Mandatory Disclosure Summary,db1a29d9a35a7efb1afadaf55a23bd5c,Ai_Samples_Ready/03_La_Perla__lingere_(30_JPEGs)/LP_1381.jpg,2026-05-06 12:13:37,Pending_AI_Pass,Pending_AI_Pass,Pending_AI_Pass
03_La_Perla__lingere_(30_JPEGs),LP_1341.jpg,Brett Williams Studios LLC,Brett Williams,100% Chain of Title (Non-Scraped),17 U.S.C. § 106,Mandatory Disclosure Summary,d3105b59984e7d348cb01fe72d3b06b6,Ai_Samples_Ready/03_La_Perla__lingere_(30_JPEGs)/LP_1341.jpg,2026-05-06 12:13:37,Pending_AI_Pass,Pending_AI_Pass,Pending_AI_Pass
03_La_Perla__lingere_(30_JPEGs),LP_1194.jpg,Brett Williams Studios LLC,Brett Williams,100% Chain of Title (Non-Scraped),17 U.S.C. § 106,Mandatory Disclosure Summary,36efed116105988b4fcd133656f7642a,Ai_Samples_Ready/03_La_Perla__lingere_(30_JPEGs)/LP_1194.jpg,2026-05-06 12:13:37,Pending_AI_Pass,Pending_AI_Pass,Pending_AI_Pass
03_La_Perla__lingere_(30_JPEGs),LP_1036.jpg,Brett Williams Studios LLC,Brett Williams,100% Chain of Title (Non-Scraped),17 U.S.C. § 106,Mandatory Disclosure Summary,9c1a443fa9b8ee63f942608c8b6cad9d,Ai_Samples_Ready/03_La_Perla__lingere_(30_JPEGs)/LP_1036.jpg,2026-05-06 12:13:37,Pending_AI_Pass,Pending_AI_Pass,Pending_AI_Pass
03_La_Perla__lingere_(30_JPEGs),LP_1436.jpg,Brett Williams Studios LLC,Brett Williams,100% Chain of Title (Non-Scraped),17 U.S.C. § 106,Mandatory Disclosure Summary,834169b52be80d919d26d2795ecc6dd0,Ai_Samples_Ready/03_La_Perla__lingere_(30_JPEGs)/LP_1436.jpg,2026-05-06 12:13:37,Pending_AI_Pass,Pending_AI_Pass,Pending_AI_Pass
03_La_Perla__lingere_(30_JPEGs),LP_1152.jpg,Brett Williams Studios LLC,Brett Williams,100% Chain of Title (Non-Scraped),17 U.S.C. § 106,Mandatory Disclosure Summary,97f94cdb5ae8bfc2c2f4f962aa920bac,Ai_Samples_Ready/03_La_Perla__lingere_(30_JPEGs)/LP_1152.jpg,2026-05-06 12:13:37,Pending_AI_Pass,Pending_AI_Pass,Pending_AI_Pass
03_La_Perla__lingere_(30_JPEGs),LP_1386.jpg,Brett Williams Studios LLC,Brett Williams,100% Chain of Title (Non-Scraped),17 U.S.C. § 106,Mandatory Disclosure Summary,a058867d1c85aa38b504b4cbfc044770,Ai_Samples_Ready/03_La_Perla__lingere_(30_JPEGs)/LP_1386.jpg,2026-05-06 12:13:37,Pending_AI_Pass,Pending_AI_Pass,Pending_AI_Pass
03_La_Perla__lingere_(30_JPEGs),LP_1543.jpg,Brett Williams Studios LLC,Brett Williams,100% Chain of Title (Non-Scraped),17 U.S.C. § 106,Mandatory Disclosure Summary,8eb3580083dd36d6e8d8ad856e0458d0,Ai_Samples_Ready/03_La_Perla__lingere_(30_JPEGs)/LP_1543.jpg,2026-05-06 12:13:37,Pending_AI_Pass,Pending_AI_Pass,Pending_AI_Pass
03_La_Perla__lingere_(30_JPEGs),LP_1219.jpg,Brett Williams Studios LLC,Brett Williams,100% Chain of Title (Non-Scraped),17 U.S.C. § 106,Mandatory Disclosure Summary,53686752caa116797eb1b7a119bde29c,Ai_Samples_Ready/03_La_Perla__lingere_(30_JPEGs)/LP_1219.jpg,2026-05-06 12:13:37,Pending_AI_Pass,Pending_AI_Pass,Pending_AI_Pass
11_Maid_Service_(30_JPEGS),._mp_04_21486.jpg,Brett Williams Studios LLC,Brett Williams,100% Chain of Title (Non-Scraped),17 U.S.C. § 106,Mandatory Disclosure Summary,af193f057ab8ed0b6f5927625fd486b7,Ai_Samples_Ready/11_Maid_Service_(30_JPEGS)/._mp_04_21486.jpg,2026-05-06 12:13:37,Pending_AI_Pass,Pending_AI_Pass,Pending_AI_Pass
11_Maid_Service_(30_JPEGS),._mp_04_21256.jpg,Brett Williams Studios LLC,Brett Williams,100% Chain of Title (Non-Scraped),17 U.S.C. § 106,Mandatory Disclosure Summary,af193f057ab8ed0b6f5927625fd486b7,Ai_Samples_Ready/11_Maid_Service_(30_JPEGS)/._mp_04_21256.jpg,2026-05-06 12:13:37,Pending_AI_Pass,Pending_AI_Pass,Pending_AI_Pass
11_Maid_Service_(30_JPEGS),mp_05_20751.jpg,Brett Williams Studios LLC,Brett Williams,100% Chain of Title (Non-Scraped),17 U.S.C. § 106,Mandatory Disclosure Summary,b3ea1b7759e32b0fd7ce4f1bbf0fcd09,Ai_Samples_Ready/11_Maid_Service_(30_JPEGS)/mp_05_20751.jpg,2026-05-06 12:13:37,Pending_AI_Pass,Pending_AI_Pass,Pending_AI_Pass
11_Maid_Service_(30_JPEGS),mp_05_20619.jpg,Brett Williams Studios LLC,Brett Williams,100% Chain of Title (Non-Scraped),17 U.S.C. § 106,Mandatory Disclosure Summary,e37a219de665d03217ce393fff237f07,Ai_Samples_Ready/11_Maid_Service_(30_JPEGS)/mp_05_20619.jpg,2026-05-06 12:13:37,Pending_AI_Pass,Pending_AI_Pass,Pending_AI_Pass
11_Maid_Service_(30_JPEGS),._mp_05_21023.jpg,Brett Williams Studios LLC,Brett Williams,100% Chain of Title (Non-Scraped),17 U.S.C. § 106,Mandatory Disclosure Summary,af193f057ab8ed0b6f5927625fd486b7,Ai_Samples_Ready/11_Maid_Service_(30_JPEGS)/._mp_05_21023.jpg,2026-05-06 12:13:37,Pending_AI_Pass,Pending_AI_Pass,Pending_AI_Pass
11_Maid_Service_(30_JPEGS),._mp_05_20673.jpg,Brett Williams Studios LLC,Brett Williams,100% Chain of Title (Non-Scraped),17 U.S.C. § 106,Mandatory Disclosure Summary,af193f057ab8ed0b6f5927625fd486b7,Ai_Samples_Ready/11_Maid_Service_(30_JPEGS)/._mp_05_20673.jpg,2026-05-06 12:13:37,Pending_AI_Pass,Pending_AI_Pass,Pending_AI_Pass
11_Maid_Service_(30_JPEGS),._mp_04_21279.jpg,Brett Williams Studios LLC,Brett Williams,100% Chain of Title (Non-Scraped),17 U.S.C. § 106,Mandatory Disclosure Summary,af193f057ab8ed0b6f5927625fd486b7,Ai_Samples_Ready/11_Maid_Service_(30_JPEGS)/._mp_04_21279.jpg,2026-05-06 12:13:37,Pending_AI_Pass,Pending_AI_Pass,Pending_AI_Pass
11_Maid_Service_(30_JPEGS),mp_05_20582.jpg,Brett Williams Studios LLC,Brett Williams,100% Chain of Title (Non-Scraped),17 U.S.C. § 106,Mandatory Disclosure Summary,1d8998e8be318c8128357dfa86b54ffb,Ai_Samples_Ready/11_Maid_Service_(30_JPEGS)/mp_05_20582.jpg,2026-05-06 12:13:37,Pending_AI_Pass,Pending_AI_Pass,Pending_AI_Pass
11_Maid_Service_(30_JPEGS),mp_05_20757.jpg,Brett Williams Studios LLC,Brett Williams,100% Chain of Title (Non-Scraped),17 U.S.C. § 106,Mandatory Disclosure Summary,bd0200df0ef92dbda742639c68ded0f1,Ai_Samples_Ready/11_Maid_Service_(30_JPEGS)/mp_05_20757.jpg,2026-05-06 12:13:37,Pending_AI_Pass,Pending_AI_Pass,Pending_AI_Pass
11_Maid_Service_(30_JPEGS),mp_04_21358.jpg,Brett Williams Studios LLC,Brett Williams,100% Chain of Title (Non-Scraped),17 U.S.C. § 106,Mandatory Disclosure Summary,f214c6de7b825ca8074acdfacfd9026b,Ai_Samples_Ready/11_Maid_Service_(30_JPEGS)/mp_04_21358.jpg,2026-05-06 12:13:37,Pending_AI_Pass,Pending_AI_Pass,Pending_AI_Pass
11_Maid_Service_(30_JPEGS),._mp_04_21326.jpg,Brett Williams Studios LLC,Brett Williams,100% Chain of Title (Non-Scraped),17 U.S.C. § 106,Mandatory Disclosure Summary,af193f057ab8ed0b6f5927625fd486b7,Ai_Samples_Ready/11_Maid_Service_(30_JPEGS)/._mp_04_21326.jpg,2026-05-06 12:13:37,Pending_AI_Pass,Pending_AI_Pass,Pending_AI_Pass
11_Maid_Service_(30_JPEGS),._mp_04_21736.jpg,Brett Williams Studios LLC,Brett Williams,100% Chain of Title (Non-Scraped),17 U.S.C. § 106,Mandatory Disclosure Summary,af193f057ab8ed0b6f5927625fd486b7,Ai_Samples_Ready/11_Maid_Service_(30_JPEGS)/._mp_04_21736.jpg,2026-05-06 12:13:37,Pending_AI_Pass,Pending_AI_Pass,Pending_AI_Pass
11_Maid_Service_(30_JPEGS),mp_05_20966.jpg,Brett Williams Studios LLC,Brett Williams,100% Chain of Title (Non-Scraped),17 U.S.C. § 106,Mandatory Disclosure Summary,4568d5b93fe6d44b8ec66b2deb8f5a57,Ai_Samples_Ready/11_Maid_Service_(30_JPEGS)/mp_05_20966.jpg,2026-05-06 12:13:37,Pending_AI_Pass,Pending_AI_Pass,Pending_AI_Pass
11_Maid_Service_(30_JPEGS),._mp_05_20773.jpg,Brett Williams Studios LLC,Brett Williams,100% Chain of Title (Non-Scraped),17 U.S.C. § 106,Mandatory Disclosure Summary,af193f057ab8ed0b6f5927625fd486b7,Ai_Samples_Ready/11_Maid_Service_(30_JPEGS)/._mp_05_20773.jpg,2026-05-06 12:13:37,Pending_AI_Pass,Pending_AI_Pass,Pending_AI_Pass
11_Maid_Service_(30_JPEGS),mp_05_20928.jpg,Brett Williams Studios LLC,Brett Williams,100% Chain of Title (Non-Scraped),17 U.S.C. § 106,Mandatory Disclosure Summary,4bfa9f0d877467c856cf636f2156fdbc,Ai_Samples_Ready/11_Maid_Service_(30_JPEGS)/mp_05_20928.jpg,2026-05-06 12:13:37,Pending_AI_Pass,Pending_AI_Pass,Pending_AI_Pass
11_Maid_Service_(30_JPEGS),._mp_04_21547.jpg,Brett Williams Studios LLC,Brett Williams,100% Chain of Title (Non-Scraped),17 U.S.C. § 106,Mandatory Disclosure Summary,af193f057ab8ed0b6f5927625fd486b7,Ai_Samples_Ready/11_Maid_Service_(30_JPEGS)/._mp_04_21547.jpg,2026-05-06 12:13:37,Pending_AI_Pass,Pending_AI_Pass,Pending_AI_Pass
11_Maid_Service_(30_JPEGS),._mp_04_22264.jpg,Brett Williams Studios LLC,Brett Williams,100% Chain of Title (Non-Scraped),17 U.S.C. § 106,Mandatory Disclosure Summary,af193f057ab8ed0b6f5927625fd486b7,Ai_Samples_Ready/11_Maid_Service_(30_JPEGS)/._mp_04_22264.jpg,2026-05-06 12:13:37,Pending_AI_Pass,Pending_AI_Pass,Pending_AI_Pass
11_Maid_Service_(30_JPEGS),._mp_04_21828.jpg,Brett Williams Studios LLC,Brett Williams,100% Chain of Title (Non-Scraped),17 U.S.C. § 106,Mandatory Disclosure Summary,af193f057ab8ed0b6f5927625fd486b7,Ai_Samples_Ready/11_Maid_Service_(30_JPEGS)/._mp_04_21828.jpg,2026-05-06 12:13:37,Pending_AI_Pass,Pending_AI_Pass,Pending_AI_Pass
11_Maid_Service_(30_JPEGS),mp_04_21505.jpg,Brett Williams Studios LLC,Brett Williams,100% Chain of Title (Non-Scraped),17 U.S.C. § 106,Mandatory Disclosure Summary,88093a7f8be0fd709eaab645ea55290b,Ai_Samples_Ready/11_Maid_Service_(30_JPEGS)/mp_04_21505.jpg,2026-05-06 12:13:37,Pending_AI_Pass,Pending_AI_Pass,Pending_AI_Pass
11_Maid_Service_(30_JPEGS),mp_04_21511.jpg,Brett Williams Studios LLC,Brett Williams,100% Chain of Title (Non-Scraped),17 U.S.C. § 106,Mandatory Disclosure Summary,95149f692ffe07ca5810a38d75d1efd0,Ai_Samples_Ready/11_Maid_Service_(30_JPEGS)/mp_04_21511.jpg,2026-05-06 12:13:37,Pending_AI_Pass,Pending_AI_Pass,Pending_AI_Pass
11_Maid_Service_(30_JPEGS),._mp_05_20567.jpg,Brett Williams Studios LLC,Brett Williams,100% Chain of Title (Non-Scraped),17 U.S.C. § 106,Mandatory Disclosure Summary,af193f057ab8ed0b6f5927625fd486b7,Ai_Samples_Ready/11_Maid_Service_(30_JPEGS)/._mp_05_20567.jpg,2026-05-06 12:13:37,Pending_AI_Pass,Pending_AI_Pass,Pending_AI_Pass
11_Maid_Service_(30_JPEGS),mp_05_20645.jpg,Brett Williams Studios LLC,Brett Williams,100% Chain of Title (Non-Scraped),17 U.S.C. § 106,Mandatory Disclosure Summary,97b193151b9b41aaa95ed94ef988e980,Ai_Samples_Ready/11_Maid_Service_(30_JPEGS)/mp_05_20645.jpg,2026-05-06 12:13:37,Pending_AI_Pass,Pending_AI_Pass,Pending_AI_Pass
11_Maid_Service_(30_JPEGS),mp_04_21689.jpg,Brett Williams Studios LLC,Brett Williams,100% Chain of Title (Non-Scraped),17 U.S.C. § 106,Mandatory Disclosure Summary,b50facc8678078bc633c79ea3fa3dd2a,Ai_Samples_Ready/11_Maid_Service_(30_JPEGS)/mp_04_21689.jpg,2026-05-06 12:13:37,Pending_AI_Pass,Pending_AI_Pass,Pending_AI_Pass
11_Maid_Service_(30_JPEGS),mp_04_22394.jpg,Brett Williams Studios LLC,Brett Williams,100% Chain of Title (Non-Scraped),17 U.S.C. § 106,Mandatory Disclosure Summary,c4e4ec1f04b8731be09bce712c3ab826,Ai_Samples_Ready/11_Maid_Service_(30_JPEGS)/mp_04_22394.jpg,2026-05-06 12:13:37,Pending_AI_Pass,Pending_AI_Pass,Pending_AI_Pass
11_Maid_Service_(30_JPEGS),._mp_05_20616.jpg,Brett Williams Studios LLC,Brett Williams,100% Chain of Title (Non-Scraped),17 U.S.C. § 106,Mandatory Disclosure Summary,af193f057ab8ed0b6f5927625fd486b7,Ai_Samples_Ready/11_Maid_Service_(30_JPEGS)/._mp_05_20616.jpg,2026-05-06 12:13:37,Pending_AI_Pass,Pending_AI_Pass,Pending_AI_Pass
11_Maid_Service_(30_JPEGS),mp_04_22383.jpg,Brett Williams Studios LLC,Brett Williams,100% Chain of Title (Non-Scraped),17 U.S.C. § 106,Mandatory Disclosure Summary,6c07185c5ea467520cccc2f421f9c18e,Ai_Samples_Ready/11_Maid_Service_(30_JPEGS)/mp_04_22383.jpg,2026-05-06 12:13:37,Pending_AI_Pass,Pending_AI_Pass,Pending_AI_Pass
11_Maid_Service_(30_JPEGS),._mp_04_21782.jpg,Brett Williams Studios LLC,Brett Williams,100% Chain of Title (Non-Scraped),17 U.S.C. § 106,Mandatory Disclosure Summary,af193f057ab8ed0b6f5927625fd486b7,Ai_Samples_Ready/11_Maid_Service_(30_JPEGS)/._mp_04_21782.jpg,2026-05-06 12:13:37,Pending_AI_Pass,Pending_AI_Pass,Pending_AI_Pass
11_Maid_Service_(30_JPEGS),mp_04_21729.jpg,Brett Williams Studios LLC,Brett Williams,100% Chain of Title (Non-Scraped),17 U.S.C. § 106,Mandatory Disclosure Summary,b1173aac3cb270c63e240f277d148184,Ai_Samples_Ready/11_Maid_Service_(30_JPEGS)/mp_04_21729.jpg,2026-05-06 12:13:37,Pending_AI_Pass,Pending_AI_Pass,Pending_AI_Pass
11_Maid_Service_(30_JPEGS),._mp_05_20788.jpg,Brett Williams Studios LLC,Brett Williams,100% Chain of Title (Non-Scraped),17 U.S.C. § 106,Mandatory Disclosure Summary,af193f057ab8ed0b6f5927625fd486b7,Ai_Samples_Ready/11_Maid_Service_(30_JPEGS)/._mp_05_20788.jpg,2026-05-06 12:13:37,Pending_AI_Pass,Pending_AI_Pass,Pending_AI_Pass
11_Maid_Service_(30_JPEGS),mp_04_21310.jpg,Brett Williams Studios LLC,Brett Williams,100% Chain of Title (Non-Scraped),17 U.S.C. § 106,Mandatory Disclosure Summary,727dce1b33dec587b5e8509c4dd7af29,Ai_Samples_Ready/11_Maid_Service_(30_JPEGS)/mp_04_21310.jpg,2026-05-06 12:13:37,Pending_AI_Pass,Pending_AI_Pass,Pending_AI_Pass
11_Maid_Service_(30_JPEGS),mp_05_20673.jpg,Brett Williams Studios LLC,Brett Williams,100% Chain of Title (Non-Scraped),17 U.S.C. § 106,Mandatory Disclosure Summary,97475c74ec0ec93f505a0c78fcbcb431,Ai_Samples_Ready/11_Maid_Service_(30_JPEGS)/mp_05_20673.jpg,2026-05-06 12:13:37,Pending_AI_Pass,Pending_AI_Pass,Pending_AI_Pass
11_Maid_Service_(30_JPEGS),mp_05_21023.jpg,Brett Williams Studios LLC,Brett Williams,100% Chain of Title (Non-Scraped),17 U.S.C. § 106,Mandatory Disclosure Summary,c3c182ce53cdf4cde7892b686843e110,Ai_Samples_Ready/11_Maid_Service_(30_JPEGS)/mp_05_21023.jpg,2026-05-06 12:13:37,Pending_AI_Pass,Pending_AI_Pass,Pending_AI_Pass
11_Maid_Service_(30_JPEGS),._mp_05_20619.jpg,Brett Williams Studios LLC,Brett Williams,100% Chain of Title (Non-Scraped),17 U.S.C. § 106,Mandatory Disclosure Summary,af193f057ab8ed0b6f5927625fd486b7,Ai_Samples_Ready/11_Maid_Service_(30_JPEGS)/._mp_05_20619.jpg,2026-05-06 12:13:37,Pending_AI_Pass,Pending_AI_Pass,Pending_AI_Pass
11_Maid_Service_(30_JPEGS),._mp_05_20751.jpg,Brett Williams Studios LLC,Brett Williams,100% Chain of Title (Non-Scraped),17 U.S.C. § 106,Mandatory Disclosure Summary,af193f057ab8ed0b6f5927625fd486b7,Ai_Samples_Ready/11_Maid_Service_(30_JPEGS)/._mp_05_20751.jpg,2026-05-06 12:13:37,Pending_AI_Pass,Pending_AI_Pass,Pending_AI_Pass
11_Maid_Service_(30_JPEGS),mp_04_21256.jpg,Brett Williams Studios LLC,Brett Williams,100% Chain of Title (Non-Scraped),17 U.S.C. § 106,Mandatory Disclosure Summary,1ae7160497a100768cc990d56e4c1b5c,Ai_Samples_Ready/11_Maid_Service_(30_JPEGS)/mp_04_21256.jpg,2026-05-06 12:13:37,Pending_AI_Pass,Pending_AI_Pass,Pending_AI_Pass
11_Maid_Service_(30_JPEGS),mp_04_21486.jpg,Brett Williams Studios LLC,Brett Williams,100% Chain of Title (Non-Scraped),17 U.S.C. § 106,Mandatory Disclosure Summary,646458c551ee1ddf239bab6f900b3b6e,Ai_Samples_Ready/11_Maid_Service_(30_JPEGS)/mp_04_21486.jpg,2026-05-06 12:13:37,Pending_AI_Pass,Pending_AI_Pass,Pending_AI_Pass
11_Maid_Service_(30_JPEGS),._mp_05_20966.jpg,Brett Williams Studios LLC,Brett Williams,100% Chain of Title (Non-Scraped),17 U.S.C. § 106,Mandatory Disclosure Summary,af193f057ab8ed0b6f5927625fd486b7,Ai_Samples_Ready/11_Maid_Service_(30_JPEGS)/._mp_05_20966.jpg,2026-05-06 12:13:37,Pending_AI_Pass,Pending_AI_Pass,Pending_AI_Pass
11_Maid_Service_(30_JPEGS),mp_04_21736.jpg,Brett Williams Studios LLC,Brett Williams,100% Chain of Title (Non-Scraped),17 U.S.C. § 106,Mandatory Disclosure Summary,6a89bb171bd6b8248a5875bff4a92443,Ai_Samples_Ready/11_Maid_Service_(30_JPEGS)/mp_04_21736.jpg,2026-05-06 12:13:37,Pending_AI_Pass,Pending_AI_Pass,Pending_AI_Pass
11_Maid_Service_(30_JPEGS),mp_04_21326.jpg,Brett Williams Studios LLC,Brett Williams,100% Chain of Title (Non-Scraped),17 U.S.C. § 106,Mandatory Disclosure Summary,b7f7be01f028bf59352c2793b7a86a9f,Ai_Samples_Ready/11_Maid_Service_(30_JPEGS)/mp_04_21326.jpg,2026-05-06 12:13:37,Pending_AI_Pass,Pending_AI_Pass,Pending_AI_Pass
11_Maid_Service_(30_JPEGS),._mp_04_21358.jpg,Brett Williams Studios LLC,Brett Williams,100% Chain of Title (Non-Scraped),17 U.S.C. § 106,Mandatory Disclosure Summary,af193f057ab8ed0b6f5927625fd486b7,Ai_Samples_Ready/11_Maid_Service_(30_JPEGS)/._mp_04_21358.jpg,2026-05-06 12:13:37,Pending_AI_Pass,Pending_AI_Pass,Pending_AI_Pass
11_Maid_Service_(30_JPEGS),._mp_05_20757.jpg,Brett Williams Studios LLC,Brett Williams,100% Chain of Title (Non-Scraped),17 U.S.C. § 106,Mandatory Disclosure Summary,af193f057ab8ed0b6f5927625fd486b7,Ai_Samples_Ready/11_Maid_Service_(30_JPEGS)/._mp_05_20757.jpg,2026-05-06 12:13:37,Pending_AI_Pass,Pending_AI_Pass,Pending_AI_Pass
11_Maid_Service_(30_JPEGS),._mp_05_20582.jpg,Brett Williams Studios LLC,Brett Williams,100% Chain of Title (Non-Scraped),17 U.S.C. § 106,Mandatory Disclosure Summary,af193f057ab8ed0b6f5927625fd486b7,Ai_Samples_Ready/11_Maid_Service_(30_JPEGS)/._mp_05_20582.jpg,2026-05-06 12:13:37,Pending_AI_Pass,Pending_AI_Pass,Pending_AI_Pass
11_Maid_Service_(30_JPEGS),mp_04_21279.jpg,Brett Williams Studios LLC,Brett Williams,100% Chain of Title (Non-Scraped),17 U.S.C. § 106,Mandatory Disclosure Summary,dc3c60a0e0f6dc2aaffe74d8038dab3f,Ai_Samples_Ready/11_Maid_Service_(30_JPEGS)/mp_04_21279.jpg,2026-05-06 12:13:37,Pending_AI_Pass,Pending_AI_Pass,Pending_AI_Pass
11_Maid_Service_(30_JPEGS),._mp_05_20645.jpg,Brett Williams Studios LLC,Brett Williams,100% Chain of Title (Non-Scraped),17 U.S.C. § 106,Mandatory Disclosure Summary,af193f057ab8ed0b6f5927625fd486b7,Ai_Samples_Ready/11_Maid_Service_(30_JPEGS)/._mp_05_20645.jpg,2026-05-06 12:13:37,Pending_AI_Pass,Pending_AI_Pass,Pending_AI_Pass
11_Maid_Service_(30_JPEGS),mp_05_20567.jpg,Brett Williams Studios LLC,Brett Williams,100% Chain of Title (Non-Scraped),17 U.S.C. § 106,Mandatory Disclosure Summary,4d15c70e8c59f4f2391c66587ca9e3e3,Ai_Samples_Ready/11_Maid_Service_(30_JPEGS)/mp_05_20567.jpg,2026-05-06 12:13:37,Pending_AI_Pass,Pending_AI_Pass,Pending_AI_Pass
11_Maid_Service_(30_JPEGS),._mp_04_21511.jpg,Brett Williams Studios LLC,Brett Williams,100% Chain of Title (Non-Scraped),17 U.S.C. § 106,Mandatory Disclosure Summary,af193f057ab8ed0b6f5927625fd486b7,Ai_Samples_Ready/11_Maid_Service_(30_JPEGS)/._mp_04_21511.jpg,2026-05-06 12:13:37,Pending_AI_Pass,Pending_AI_Pass,Pending_AI_Pass
11_Maid_Service_(30_JPEGS),._mp_04_21505.jpg,Brett Williams Studios LLC,Brett Williams,100% Chain of Title (Non-Scraped),17 U.S.C. § 106,Mandatory Disclosure Summary,af193f057ab8ed0b6f5927625fd486b7,Ai_Samples_Ready/11_Maid_Service_(30_JPEGS)/._mp_04_21505.jpg,2026-05-06 12:13:37,Pending_AI_Pass,Pending_AI_Pass,Pending_AI_Pass
11_Maid_Service_(30_JPEGS),mp_04_21828.jpg,Brett Williams Studios LLC,Brett Williams,100% Chain of Title (Non-Scraped),17 U.S.C. § 106,Mandatory Disclosure Summary,414150548aca25b2e20b4562681b85ab,Ai_Samples_Ready/11_Maid_Service_(30_JPEGS)/mp_04_21828.jpg,2026-05-06 12:13:37,Pending_AI_Pass,Pending_AI_Pass,Pending_AI_Pass
11_Maid_Service_(30_JPEGS),mp_04_22264.jpg,Brett Williams Studios LLC,Brett Williams,100% Chain of Title (Non-Scraped),17 U.S.C. § 106,Mandatory Disclosure Summary,09ff9dd3a34efbf372914664ace2331f,Ai_Samples_Ready/11_Maid_Service_(30_JPEGS)/mp_04_22264.jpg,2026-05-06 12:13:37,Pending_AI_Pass,Pending_AI_Pass,Pending_AI_Pass
11_Maid_Service_(30_JPEGS),mp_04_21547.jpg,Brett Williams Studios LLC,Brett Williams,100% Chain of Title (Non-Scraped),17 U.S.C. § 106,Mandatory Disclosure Summary,445c1b52da2043a12b7d6daaba155e88,Ai_Samples_Ready/11_Maid_Service_(30_JPEGS)/mp_04_21547.jpg,2026-05-06 12:13:37,Pending_AI_Pass,Pending_AI_Pass,Pending_AI_Pass
11_Maid_Service_(30_JPEGS),._mp_05_20928.jpg,Brett Williams Studios LLC,Brett Williams,100% Chain of Title (Non-Scraped),17 U.S.C. § 106,Mandatory Disclosure Summary,af193f057ab8ed0b6f5927625fd486b7,Ai_Samples_Ready/11_Maid_Service_(30_JPEGS)/._mp_05_20928.jpg,2026-05-06 12:13:37,Pending_AI_Pass,Pending_AI_Pass,Pending_AI_Pass
11_Maid_Service_(30_JPEGS),mp_05_20773.jpg,Brett Williams Studios LLC,Brett Williams,100% Chain of Title (Non-Scraped),17 U.S.C. § 106,Mandatory Disclosure Summary,6f2f5d0e11209441d04991d480e4624c,Ai_Samples_Ready/11_Maid_Service_(30_JPEGS)/mp_05_20773.jpg,2026-05-06 12:13:37,Pending_AI_Pass,Pending_AI_Pass,Pending_AI_Pass
11_Maid_Service_(30_JPEGS),._mp_04_21310.jpg,Brett Williams Studios LLC,Brett Williams,100% Chain of Title (Non-Scraped),17 U.S.C. § 106,Mandatory Disclosure Summary,af193f057ab8ed0b6f5927625fd486b7,Ai_Samples_Ready/11_Maid_Service_(30_JPEGS)/._mp_04_21310.jpg,2026-05-06 12:13:37,Pending_AI_Pass,Pending_AI_Pass,Pending_AI_Pass
11_Maid_Service_(30_JPEGS),mp_05_20788.jpg,Brett Williams Studios LLC,Brett Williams,100% Chain of Title (Non-Scraped),17 U.S.C. § 106,Mandatory Disclosure Summary,1e29d7bebeac731395f2853d872ea48a,Ai_Samples_Ready/11_Maid_Service_(30_JPEGS)/mp_05_20788.jpg,2026-05-06 12:13:37,Pending_AI_Pass,Pending_AI_Pass,Pending_AI_Pass
11_Maid_Service_(30_JPEGS),._mp_04_21729.jpg,Brett Williams Studios LLC,Brett Williams,100% Chain of Title (Non-Scraped),17 U.S.C. § 106,Mandatory Disclosure Summary,af193f057ab8ed0b6f5927625fd486b7,Ai_Samples_Ready/11_Maid_Service_(30_JPEGS)/._mp_04_21729.jpg,2026-05-06 12:13:37,Pending_AI_Pass,Pending_AI_Pass,Pending_AI_Pass
11_Maid_Service_(30_JPEGS),mp_04_21782.jpg,Brett Williams Studios LLC,Brett Williams,100% Chain of Title (Non-Scraped),17 U.S.C. § 106,Mandatory Disclosure Summary,dd4b32d26ecd6a43d336ee0556de97b2,Ai_Samples_Ready/11_Maid_Service_(30_JPEGS)/mp_04_21782.jpg,2026-05-06 12:13:37,Pending_AI_Pass,Pending_AI_Pass,Pending_AI_Pass
11_Maid_Service_(30_JPEGS),._mp_04_22383.jpg,Brett Williams Studios LLC,Brett Williams,100% Chain of Title (Non-Scraped),17 U.S.C. § 106,Mandatory Disclosure Summary,af193f057ab8ed0b6f5927625fd486b7,Ai_Samples_Ready/11_Maid_Service_(30_JPEGS)/._mp_04_22383.jpg,2026-05-06 12:13:37,Pending_AI_Pass,Pending_AI_Pass,Pending_AI_Pass
11_Maid_Service_(30_JPEGS),mp_05_20616.jpg,Brett Williams Studios LLC,Brett Williams,100% Chain of Title (Non-Scraped),17 U.S.C. § 106,Mandatory Disclosure Summary,167981b6cf28398da0a01bb07c8b3588,Ai_Samples_Ready/11_Maid_Service_(30_JPEGS)/mp_05_20616.jpg,2026-05-06 12:13:37,Pending_AI_Pass,Pending_AI_Pass,Pending_AI_Pass
11_Maid_Service_(30_JPEGS),._mp_04_22394.jpg,Brett Williams Studios LLC,Brett Williams,100% Chain of Title (Non-Scraped),17 U.S.C. § 106,Mandatory Disclosure Summary,af193f057ab8ed0b6f5927625fd486b7,Ai_Samples_Ready/11_Maid_Service_(30_JPEGS)/._mp_04_22394.jpg,2026-05-06 12:13:37,Pending_AI_Pass,Pending_AI_Pass,Pending_AI_Pass
11_Maid_Service_(30_JPEGS),._mp_04_21689.jpg,Brett Williams Studios LLC,Brett Williams,100% Chain of Title (Non-Scraped),17 U.S.C. § 106,Mandatory Disclosure Summary,af193f057ab8ed0b6f5927625fd486b7,Ai_Samples_Ready/11_Maid_Service_(30_JPEGS)/._mp_04_21689.jpg,2026-05-06 12:13:37,Pending_AI_Pass,Pending_AI_Pass,Pending_AI_Pass
07_Adult_Lifestyle_(50_JPEGS),Shot_1_314.jpg,Brett Williams Studios LLC,Brett Williams,100% Chain of Title (Non-Scraped),17 U.S.C. § 106,Mandatory Disclosure Summary,e5244bfda697c50d81fc444a13843878,Ai_Samples_Ready/07_Adult_Lifestyle_(50_JPEGS)/Shot_1_314.jpg,2026-05-06 12:13:37,Pending_AI_Pass,Pending_AI_Pass,Pending_AI_Pass
07_Adult_Lifestyle_(50_JPEGS),Shot_1_249.jpg,Brett Williams Studios LLC,Brett Williams,100% Chain of Title (Non-Scraped),17 U.S.C. § 106,Mandatory Disclosure Summary,0be1a89c5a117c9d873e7b725872c458,Ai_Samples_Ready/07_Adult_Lifestyle_(50_JPEGS)/Shot_1_249.jpg,2026-05-06 12:13:37,Pending_AI_Pass,Pending_AI_Pass,Pending_AI_Pass
07_Adult_Lifestyle_(50_JPEGS),DSC_2593.jpg,Brett Williams Studios LLC,Brett Williams,100% Chain of Title (Non-Scraped),17 U.S.C. § 106,Mandatory Disclosure Summary,b0184000d587933f0f6430b8fed74740,Ai_Samples_Ready/07_Adult_Lifestyle_(50_JPEGS)/DSC_2593.jpg,2026-05-06 12:13:37,Pending_AI_Pass,Pending_AI_Pass,Pending_AI_Pass
07_Adult_Lifestyle_(50_JPEGS),DSC_8719.jpg,Brett Williams Studios LLC,Brett Williams,100% Chain of Title (Non-Scraped),17 U.S.C. § 106,Mandatory Disclosure Summary,f31178a4a1438f2dec40480b24dcaea6,Ai_Samples_Ready/07_Adult_Lifestyle_(50_JPEGS)/DSC_8719.jpg,2026-05-06 12:13:37,Pending_AI_Pass,Pending_AI_Pass,Pending_AI_Pass
07_Adult_Lifestyle_(50_JPEGS),Shot_1_075.jpg,Brett Williams Studios LLC,Brett Williams,100% Chain of Title (Non-Scraped),17 U.S.C. § 106,Mandatory Disclosure Summary,18ad148440ee0ee759ac527b8bd77a88,Ai_Samples_Ready/07_Adult_Lifestyle_(50_JPEGS)/Shot_1_075.jpg,2026-05-06 12:13:37,Pending_AI_Pass,Pending_AI_Pass,Pending_AI_Pass
07_Adult_Lifestyle_(50_JPEGS),Shot_1_314 copy.jpg,Brett Williams Studios LLC,Brett Williams,100% Chain of Title (Non-Scraped),17 U.S.C. § 106,Mandatory Disclosure Summary,b6530249400d3b2f1d8fa3c5e6ec2cd3,Ai_Samples_Ready/07_Adult_Lifestyle_(50_JPEGS)/Shot_1_314 copy.jpg,2026-05-06 12:13:37,Pending_AI_Pass,Pending_AI_Pass,Pending_AI_Pass
07_Adult_Lifestyle_(50_JPEGS),Shot_1_138.jpg,Brett Williams Studios LLC,Brett Williams,100% Chain of Title (Non-Scraped),17 U.S.C. § 106,Mandatory Disclosure Summary,6d0f7941da0d9f2ad762f8b520203d4a,Ai_Samples_Ready/07_Adult_Lifestyle_(50_JPEGS)/Shot_1_138.jpg,2026-05-06 12:13:37,Pending_AI_Pass,Pending_AI_Pass,Pending_AI_Pass
07_Adult_Lifestyle_(50_JPEGS),Shot_1_266.jpg,Brett Williams Studios LLC,Brett Williams,100% Chain of Title (Non-Scraped),17 U.S.C. § 106,Mandatory Disclosure Summary,2fca03aee9733eb1cfde277941fbd484,Ai_Samples_Ready/07_Adult_Lifestyle_(50_JPEGS)/Shot_1_266.jpg,2026-05-06 12:13:37,Pending_AI_Pass,Pending_AI_Pass,Pending_AI_Pass
07_Adult_Lifestyle_(50_JPEGS),DSC_2437.jpg,Brett Williams Studios LLC,Brett Williams,100% Chain of Title (Non-Scraped),17 U.S.C. § 106,Mandatory Disclosure Summary,92277bc4d18bcd8b02f0be0b9b76a3b0,Ai_Samples_Ready/07_Adult_Lifestyle_(50_JPEGS)/DSC_2437.jpg,2026-05-06 12:13:37,Pending_AI_Pass,Pending_AI_Pass,Pending_AI_Pass
07_Adult_Lifestyle_(50_JPEGS),06_capital-511.jpg,Brett Williams Studios LLC,Brett Williams,100% Chain of Title (Non-Scraped),17 U.S.C. § 106,Mandatory Disclosure Summary,8c0b3a4ee8b551de426ca90e78709353,Ai_Samples_Ready/07_Adult_Lifestyle_(50_JPEGS)/06_capital-511.jpg,2026-05-06 12:13:37,Pending_AI_Pass,Pending_AI_Pass,Pending_AI_Pass
07_Adult_Lifestyle_(50_JPEGS),Shot_2_057 copy.jpg,Brett Williams Studios LLC,Brett Williams,100% Chain of Title (Non-Scraped),17 U.S.C. § 106,Mandatory Disclosure Summary,cec280627b14dd84ee494ac0a29bcdfc,Ai_Samples_Ready/07_Adult_Lifestyle_(50_JPEGS)/Shot_2_057 copy.jpg,2026-05-06 12:13:37,Pending_AI_Pass,Pending_AI_Pass,Pending_AI_Pass
07_Adult_Lifestyle_(50_JPEGS),DSC_2025.jpg,Brett Williams Studios LLC,Brett Williams,100% Chain of Title (Non-Scraped),17 U.S.C. § 106,Mandatory Disclosure Summary,2757f2e7bc5dedacf5dd7476404d1783,Ai_Samples_Ready/07_Adult_Lifestyle_(50_JPEGS)/DSC_2025.jpg,2026-05-06 12:13:37,Pending_AI_Pass,Pending_AI_Pass,Pending_AI_Pass
07_Adult_Lifestyle_(50_JPEGS),Shot_1_149.jpg,Brett Williams Studios LLC,Brett Williams,100% Chain of Title (Non-Scraped),17 U.S.C. § 106,Mandatory Disclosure Summary,5ccefe7c0cfc541a947e4e77ca49b7da,Ai_Samples_Ready/07_Adult_Lifestyle_(50_JPEGS)/Shot_1_149.jpg,2026-05-06 12:13:37,Pending_AI_Pass,Pending_AI_Pass,Pending_AI_Pass
07_Adult_Lifestyle_(50_JPEGS),Shot_1_028.jpg,Brett Williams Studios LLC,Brett Williams,100% Chain of Title (Non-Scraped),17 U.S.C. § 106,Mandatory Disclosure Summary,f7cfbb2ec47d325eda4e552531b81f45,Ai_Samples_Ready/07_Adult_Lifestyle_(50_JPEGS)/Shot_1_028.jpg,2026-05-06 12:13:37,Pending_AI_Pass,Pending_AI_Pass,Pending_AI_Pass
07_Adult_Lifestyle_(50_JPEGS),DSC_4234.jpg,Brett Williams Studios LLC,Brett Williams,100% Chain of Title (Non-Scraped),17 U.S.C. § 106,Mandatory Disclosure Summary,1bae9fadab0463cd5c8345794678eb40,Ai_Samples_Ready/07_Adult_Lifestyle_(50_JPEGS)/DSC_4234.jpg,2026-05-06 12:13:37,Pending_AI_Pass,Pending_AI_Pass,Pending_AI_Pass
07_Adult_Lifestyle_(50_JPEGS),DSC_4383.jpg,Brett Williams Studios LLC,Brett Williams,100% Chain of Title (Non-Scraped),17 U.S.C. § 106,Mandatory Disclosure Summary,b2d2cd6d8cb94176382f8721e1b74d25,Ai_Samples_Ready/07_Adult_Lifestyle_(50_JPEGS)/DSC_4383.jpg,2026-05-06 12:13:37,Pending_AI_Pass,Pending_AI_Pass,Pending_AI_Pass
07_Adult_Lifestyle_(50_JPEGS),_MG_9231.jpg,Brett Williams Studios LLC,Brett Williams,100% Chain of Title (Non-Scraped),17 U.S.C. § 106,Mandatory Disclosure Summary,651db976da4426e7c64b4abcda17ac0f,Ai_Samples_Ready/07_Adult_Lifestyle_(50_JPEGS)/_MG_9231.jpg,2026-05-06 12:13:37,Pending_AI_Pass,Pending_AI_Pass,Pending_AI_Pass
07_Adult_Lifestyle_(50_JPEGS),DSC_8570 copy.jpg,Brett Williams Studios LLC,Brett Williams,100% Chain of Title (Non-Scraped),17 U.S.C. § 106,Mandatory Disclosure Summary,4ba774ff6e899b87f0e9fd4a90361564,Ai_Samples_Ready/07_Adult_Lifestyle_(50_JPEGS)/DSC_8570 copy.jpg,2026-05-06 12:13:37,Pending_AI_Pass,Pending_AI_Pass,Pending_AI_Pass
07_Adult_Lifestyle_(50_JPEGS),DSC_4384.jpg,Brett Williams Studios LLC,Brett Williams,100% Chain of Title (Non-Scraped),17 U.S.C. § 106,Mandatory Disclosure Summary,02fece2a92513ba0b94f88ebcc3c62f9,Ai_Samples_Ready/07_Adult_Lifestyle_(50_JPEGS)/DSC_4384.jpg,2026-05-06 12:13:37,Pending_AI_Pass,Pending_AI_Pass,Pending_AI_Pass
07_Adult_Lifestyle_(50_JPEGS),DSC_4435.jpg,Brett Williams Studios LLC,Brett Williams,100% Chain of Title (Non-Scraped),17 U.S.C. § 106,Mandatory Disclosure Summary,4c7dfae7912ee29dbbb949147bd08298,Ai_Samples_Ready/07_Adult_Lifestyle_(50_JPEGS)/DSC_4435.jpg,2026-05-06 12:13:37,Pending_AI_Pass,Pending_AI_Pass,Pending_AI_Pass
07_Adult_Lifestyle_(50_JPEGS),DSC_4233.jpg,Brett Williams Studios LLC,Brett Williams,100% Chain of Title (Non-Scraped),17 U.S.C. § 106,Mandatory Disclosure Summary,bf85029f818ad4adb3297b74955929b0,Ai_Samples_Ready/07_Adult_Lifestyle_(50_JPEGS)/DSC_4233.jpg,2026-05-06 12:13:37,Pending_AI_Pass,Pending_AI_Pass,Pending_AI_Pass
07_Adult_Lifestyle_(50_JPEGS),DSC_4780.jpg,Brett Williams Studios LLC,Brett Williams,100% Chain of Title (Non-Scraped),17 U.S.C. § 106,Mandatory Disclosure Summary,447a27dc8618bb07f83e7b0f1a4548d6,Ai_Samples_Ready/07_Adult_Lifestyle_(50_JPEGS)/DSC_4780.jpg,2026-05-06 12:13:37,Pending_AI_Pass,Pending_AI_Pass,Pending_AI_Pass
07_Adult_Lifestyle_(50_JPEGS),DSC_6182.jpg,Brett Williams Studios LLC,Brett Williams,100% Chain of Title (Non-Scraped),17 U.S.C. § 106,Mandatory Disclosure Summary,bc209966f8cd06f4af20da5f41b1a1e4,Ai_Samples_Ready/07_Adult_Lifestyle_(50_JPEGS)/DSC_6182.jpg,2026-05-06 12:13:37,Pending_AI_Pass,Pending_AI_Pass,Pending_AI_Pass
07_Adult_Lifestyle_(50_JPEGS),DSC_7934.jpg,Brett Williams Studios LLC,Brett Williams,100% Chain of Title (Non-Scraped),17 U.S.C. § 106,Mandatory Disclosure Summary,9a2a11cec689aebc23acc9a3dc54e5e8,Ai_Samples_Ready/07_Adult_Lifestyle_(50_JPEGS)/DSC_7934.jpg,2026-05-06 12:13:37,Pending_AI_Pass,Pending_AI_Pass,Pending_AI_Pass
07_Adult_Lifestyle_(50_JPEGS),Shot_2_270.jpg,Brett Williams Studios LLC,Brett Williams,100% Chain of Title (Non-Scraped),17 U.S.C. § 106,Mandatory Disclosure Summary,b586797591bf28661c494732ca96b65c,Ai_Samples_Ready/07_Adult_Lifestyle_(50_JPEGS)/Shot_2_270.jpg,2026-05-06 12:13:37,Pending_AI_Pass,Pending_AI_Pass,Pending_AI_Pass
07_Adult_Lifestyle_(50_JPEGS),DSC_1605.jpg,Brett Williams Studios LLC,Brett Williams,100% Chain of Title (Non-Scraped),17 U.S.C. § 106,Mandatory Disclosure Summary,2ee37a59029a811e3c11390698db2b0f,Ai_Samples_Ready/07_Adult_Lifestyle_(50_JPEGS)/DSC_1605.jpg,2026-05-06 12:13:37,Pending_AI_Pass,Pending_AI_Pass,Pending_AI_Pass
07_Adult_Lifestyle_(50_JPEGS),Shot_2_270 copy.jpg,Brett Williams Studios LLC,Brett Williams,100% Chain of Title (Non-Scraped),17 U.S.C. § 106,Mandatory Disclosure Summary,8a81aa310971e2703247fdbb6690dade,Ai_Samples_Ready/07_Adult_Lifestyle_(50_JPEGS)/Shot_2_270 copy.jpg,2026-05-06 12:13:37,Pending_AI_Pass,Pending_AI_Pass,Pending_AI_Pass
07_Adult_Lifestyle_(50_JPEGS),06_capital-019.jpg,Brett Williams Studios LLC,Brett Williams,100% Chain of Title (Non-Scraped),17 U.S.C. § 106,Mandatory Disclosure Summary,f3cd15de42ea3bb112c89dea81b8ba10,Ai_Samples_Ready/07_Adult_Lifestyle_(50_JPEGS)/06_capital-019.jpg,2026-05-06 12:13:37,Pending_AI_Pass,Pending_AI_Pass,Pending_AI_Pass
07_Adult_Lifestyle_(50_JPEGS),DSC_4567.jpg,Brett Williams Studios LLC,Brett Williams,100% Chain of Title (Non-Scraped),17 U.S.C. § 106,Mandatory Disclosure Summary,38c75b8a583dac7d4785130f7cbc43c9,Ai_Samples_Ready/07_Adult_Lifestyle_(50_JPEGS)/DSC_4567.jpg,2026-05-06 12:13:37,Pending_AI_Pass,Pending_AI_Pass,Pending_AI_Pass
07_Adult_Lifestyle_(50_JPEGS),Shot_2_057.jpg,Brett Williams Studios LLC,Brett Williams,100% Chain of Title (Non-Scraped),17 U.S.C. § 106,Mandatory Disclosure Summary,c15fbc22ff996936b297a4a5b5c5711d,Ai_Samples_Ready/07_Adult_Lifestyle_(50_JPEGS)/Shot_2_057.jpg,2026-05-06 12:13:37,Pending_AI_Pass,Pending_AI_Pass,Pending_AI_Pass
07_Adult_Lifestyle_(50_JPEGS),DSC_5243.jpg,Brett Williams Studios LLC,Brett Williams,100% Chain of Title (Non-Scraped),17 U.S.C. § 106,Mandatory Disclosure Summary,58df80b70e0f05b008e052f43e3c23eb,Ai_Samples_Ready/07_Adult_Lifestyle_(50_JPEGS)/DSC_5243.jpg,2026-05-06 12:13:37,Pending_AI_Pass,Pending_AI_Pass,Pending_AI_Pass
07_Adult_Lifestyle_(50_JPEGS),06_capital-594.jpg,Brett Williams Studios LLC,Brett Williams,100% Chain of Title (Non-Scraped),17 U.S.C. § 106,Mandatory Disclosure Summary,5a98e3d3cedbc5e2a762ea69959aef86,Ai_Samples_Ready/07_Adult_Lifestyle_(50_JPEGS)/06_capital-594.jpg,2026-05-06 12:13:37,Pending_AI_Pass,Pending_AI_Pass,Pending_AI_Pass
07_Adult_Lifestyle_(50_JPEGS),DSC_8570.jpg,Brett Williams Studios LLC,Brett Williams,100% Chain of Title (Non-Scraped),17 U.S.C. § 106,Mandatory Disclosure Summary,0d4a15f1fd4edefa712022c59073af3b,Ai_Samples_Ready/07_Adult_Lifestyle_(50_JPEGS)/DSC_8570.jpg,2026-05-06 12:13:37,Pending_AI_Pass,Pending_AI_Pass,Pending_AI_Pass
07_Adult_Lifestyle_(50_JPEGS),DSC_4809.jpg,Brett Williams Studios LLC,Brett Williams,100% Chain of Title (Non-Scraped),17 U.S.C. § 106,Mandatory Disclosure Summary,4ddea35d1dbe03dec241f8c3dffc8a63,Ai_Samples_Ready/07_Adult_Lifestyle_(50_JPEGS)/DSC_4809.jpg,2026-05-06 12:13:37,Pending_AI_Pass,Pending_AI_Pass,Pending_AI_Pass
07_Adult_Lifestyle_(50_JPEGS),Shot_2_293.jpg,Brett Williams Studios LLC,Brett Williams,100% Chain of Title (Non-Scraped),17 U.S.C. § 106,Mandatory Disclosure Summary,7382229fa4f6c4ac4f8472f49e28fdb1,Ai_Samples_Ready/07_Adult_Lifestyle_(50_JPEGS)/Shot_2_293.jpg,2026-05-06 12:13:37,Pending_AI_Pass,Pending_AI_Pass,Pending_AI_Pass
07_Adult_Lifestyle_(50_JPEGS),DSC_5124.jpg,Brett Williams Studios LLC,Brett Williams,100% Chain of Title (Non-Scraped),17 U.S.C. § 106,Mandatory Disclosure Summary,b3c77b0bee48623d08635b0b41bcca33,Ai_Samples_Ready/07_Adult_Lifestyle_(50_JPEGS)/DSC_5124.jpg,2026-05-06 12:13:37,Pending_AI_Pass,Pending_AI_Pass,Pending_AI_Pass
07_Adult_Lifestyle_(50_JPEGS),Shot_1_230.jpg,Brett Williams Studios LLC,Brett Williams,100% Chain of Title (Non-Scraped),17 U.S.C. § 106,Mandatory Disclosure Summary,35f5342b18b30be3f96be309a4f05774,Ai_Samples_Ready/07_Adult_Lifestyle_(50_JPEGS)/Shot_1_230.jpg,2026-05-06 12:13:37,Pending_AI_Pass,Pending_AI_Pass,Pending_AI_Pass
07_Adult_Lifestyle_(50_JPEGS),DSC_8719 copy.jpg,Brett Williams Studios LLC,Brett Williams,100% Chain of Title (Non-Scraped),17 U.S.C. § 106,Mandatory Disclosure Summary,4c7029837029f0ccf33a7db359575538,Ai_Samples_Ready/07_Adult_Lifestyle_(50_JPEGS)/DSC_8719 copy.jpg,2026-05-06 12:13:37,Pending_AI_Pass,Pending_AI_Pass,Pending_AI_Pass
07_Adult_Lifestyle_(50_JPEGS),DSC_4010.jpg,Brett Williams Studios LLC,Brett Williams,100% Chain of Title (Non-Scraped),17 U.S.C. § 106,Mandatory Disclosure Summary,42efe3ccbcafc92adf0c2a71237bedf2,Ai_Samples_Ready/07_Adult_Lifestyle_(50_JPEGS)/DSC_4010.jpg,2026-05-06 12:13:37,Pending_AI_Pass,Pending_AI_Pass,Pending_AI_Pass
07_Adult_Lifestyle_(50_JPEGS),06_capital-779.jpg,Brett Williams Studios LLC,Brett Williams,100% Chain of Title (Non-Scraped),17 U.S.C. § 106,Mandatory Disclosure Summary,fdcfa89728737e1bfaa3e9cb03655afd,Ai_Samples_Ready/07_Adult_Lifestyle_(50_JPEGS)/06_capital-779.jpg,2026-05-06 12:13:37,Pending_AI_Pass,Pending_AI_Pass,Pending_AI_Pass
07_Adult_Lifestyle_(50_JPEGS),DSC_3352.jpg,Brett Williams Studios LLC,Brett Williams,100% Chain of Title (Non-Scraped),17 U.S.C. § 106,Mandatory Disclosure Summary,e5ec142c2de93f76f7400ab8fde9939e,Ai_Samples_Ready/07_Adult_Lifestyle_(50_JPEGS)/DSC_3352.jpg,2026-05-06 12:13:37,Pending_AI_Pass,Pending_AI_Pass,Pending_AI_Pass
07_Adult_Lifestyle_(50_JPEGS),DSC_3420.jpg,Brett Williams Studios LLC,Brett Williams,100% Chain of Title (Non-Scraped),17 U.S.C. § 106,Mandatory Disclosure Summary,e22c2a4aefed751b6fc11e76ecc96646,Ai_Samples_Ready/07_Adult_Lifestyle_(50_JPEGS)/DSC_3420.jpg,2026-05-06 12:13:37,Pending_AI_Pass,Pending_AI_Pass,Pending_AI_Pass
07_Adult_Lifestyle_(50_JPEGS),DSC_3811.jpg,Brett Williams Studios LLC,Brett Williams,100% Chain of Title (Non-Scraped),17 U.S.C. § 106,Mandatory Disclosure Summary,722b9e4e523fa228481350e36ca79dec,Ai_Samples_Ready/07_Adult_Lifestyle_(50_JPEGS)/DSC_3811.jpg,2026-05-06 12:13:37,Pending_AI_Pass,Pending_AI_Pass,Pending_AI_Pass
07_Adult_Lifestyle_(50_JPEGS),DSC_7719.jpg,Brett Williams Studios LLC,Brett Williams,100% Chain of Title (Non-Scraped),17 U.S.C. § 106,Mandatory Disclosure Summary,f12949c808c665b9cf976baa7790607b,Ai_Samples_Ready/07_Adult_Lifestyle_(50_JPEGS)/DSC_7719.jpg,2026-05-06 12:13:37,Pending_AI_Pass,Pending_AI_Pass,Pending_AI_Pass
07_Adult_Lifestyle_(50_JPEGS),DSC_5126.jpg,Brett Williams Studios LLC,Brett Williams,100% Chain of Title (Non-Scraped),17 U.S.C. § 106,Mandatory Disclosure Summary,b3f95887c0961678ca23339b1a460ca9,Ai_Samples_Ready/07_Adult_Lifestyle_(50_JPEGS)/DSC_5126.jpg,2026-05-06 12:13:37,Pending_AI_Pass,Pending_AI_Pass,Pending_AI_Pass
07_Adult_Lifestyle_(50_JPEGS),DSC_7541.jpg,Brett Williams Studios LLC,Brett Williams,100% Chain of Title (Non-Scraped),17 U.S.C. § 106,Mandatory Disclosure Summary,9beedc7031e342a4e4504ec9a1c79955,Ai_Samples_Ready/07_Adult_Lifestyle_(50_JPEGS)/DSC_7541.jpg,2026-05-06 12:13:37,Pending_AI_Pass,Pending_AI_Pass,Pending_AI_Pass
07_Adult_Lifestyle_(50_JPEGS),DSC_4464.jpg,Brett Williams Studios LLC,Brett Williams,100% Chain of Title (Non-Scraped),17 U.S.C. § 106,Mandatory Disclosure Summary,608d0552db8bf64035892d49b567aa49,Ai_Samples_Ready/07_Adult_Lifestyle_(50_JPEGS)/DSC_4464.jpg,2026-05-06 12:13:37,Pending_AI_Pass,Pending_AI_Pass,Pending_AI_Pass
07_Adult_Lifestyle_(50_JPEGS),DSC_3686.jpg,Brett Williams Studios LLC,Brett Williams,100% Chain of Title (Non-Scraped),17 U.S.C. § 106,Mandatory Disclosure Summary,fba4846f8d6543608f4bf82ec75c0d9c,Ai_Samples_Ready/07_Adult_Lifestyle_(50_JPEGS)/DSC_3686.jpg,2026-05-06 12:13:37,Pending_AI_Pass,Pending_AI_Pass,Pending_AI_Pass
07_Adult_Lifestyle_(50_JPEGS),DSC_6265.jpg,Brett Williams Studios LLC,Brett Williams,100% Chain of Title (Non-Scraped),17 U.S.C. § 106,Mandatory Disclosure Summary,b1f5159b7ac0c3bc083393a959fdd13b,Ai_Samples_Ready/07_Adult_Lifestyle_(50_JPEGS)/DSC_6265.jpg,2026-05-06 12:13:37,Pending_AI_Pass,Pending_AI_Pass,Pending_AI_Pass
07_Adult_Lifestyle_(50_JPEGS),DSC_1719.jpg,Brett Williams Studios LLC,Brett Williams,100% Chain of Title (Non-Scraped),17 U.S.C. § 106,Mandatory Disclosure Summary,65928cde65ee2131043adaff28915669,Ai_Samples_Ready/07_Adult_Lifestyle_(50_JPEGS)/DSC_1719.jpg,2026-05-06 12:13:37,Pending_AI_Pass,Pending_AI_Pass,Pending_AI_Pass
07_Adult_Lifestyle_(50_JPEGS),DSC_3495.jpg,Brett Williams Studios LLC,Brett Williams,100% Chain of Title (Non-Scraped),17 U.S.C. § 106,Mandatory Disclosure Summary,44cd47426db4cf78fdb79ecc3ebadc3d,Ai_Samples_Ready/07_Adult_Lifestyle_(50_JPEGS)/DSC_3495.jpg,2026-05-06 12:13:37,Pending_AI_Pass,Pending_AI_Pass,Pending_AI_Pass
07_Adult_Lifestyle_(50_JPEGS),DSC_3293.jpg,Brett Williams Studios LLC,Brett Williams,100% Chain of Title (Non-Scraped),17 U.S.C. § 106,Mandatory Disclosure Summary,d22d9eda54174ebf823b748054f06c9e,Ai_Samples_Ready/07_Adult_Lifestyle_(50_JPEGS)/DSC_3293.jpg,2026-05-06 12:13:37,Pending_AI_Pass,Pending_AI_Pass,Pending_AI_Pass
07_Adult_Lifestyle_(50_JPEGS),Shot_2_293 copy.jpg,Brett Williams Studios LLC,Brett Williams,100% Chain of Title (Non-Scraped),17 U.S.C. § 106,Mandatory Disclosure Summary,3e43416a211a6e0a33680cb91f7c4d30,Ai_Samples_Ready/07_Adult_Lifestyle_(50_JPEGS)/Shot_2_293 copy.jpg,2026-05-06 12:13:37,Pending_AI_Pass,Pending_AI_Pass,Pending_AI_Pass
07_Adult_Lifestyle_(50_JPEGS),DSC_1888.jpg,Brett Williams Studios LLC,Brett Williams,100% Chain of Title (Non-Scraped),17 U.S.C. § 106,Mandatory Disclosure Summary,9dea3f97cec00d5ee230a3b2617a1760,Ai_Samples_Ready/07_Adult_Lifestyle_(50_JPEGS)/DSC_1888.jpg,2026-05-06 12:13:37,Pending_AI_Pass,Pending_AI_Pass,Pending_AI_Pass
07_Adult_Lifestyle_(50_JPEGS),06_capital-691.jpg,Brett Williams Studios LLC,Brett Williams,100% Chain of Title (Non-Scraped),17 U.S.C. § 106,Mandatory Disclosure Summary,ec8c47a1c9bd801f63f542a650e8a63d,Ai_Samples_Ready/07_Adult_Lifestyle_(50_JPEGS)/06_capital-691.jpg,2026-05-06 12:13:37,Pending_AI_Pass,Pending_AI_Pass,Pending_AI_Pass
07_Adult_Lifestyle_(50_JPEGS),Shot_1_250.jpg,Brett Williams Studios LLC,Brett Williams,100% Chain of Title (Non-Scraped),17 U.S.C. § 106,Mandatory Disclosure Summary,426e4c0c1eab17cb1ea4b9404c1a8ed2,Ai_Samples_Ready/07_Adult_Lifestyle_(50_JPEGS)/Shot_1_250.jpg,2026-05-06 12:13:37,Pending_AI_Pass,Pending_AI_Pass,Pending_AI_Pass
07_Adult_Lifestyle_(50_JPEGS),06_capital-283.jpg,Brett Williams Studios LLC,Brett Williams,100% Chain of Title (Non-Scraped),17 U.S.C. § 106,Mandatory Disclosure Summary,f337de1d46912c9a7d2e12163ea3dbaa,Ai_Samples_Ready/07_Adult_Lifestyle_(50_JPEGS)/06_capital-283.jpg,2026-05-06 12:13:37,Pending_AI_Pass,Pending_AI_Pass,Pending_AI_Pass
07_Adult_Lifestyle_(50_JPEGS),DSC_8105.jpg,Brett Williams Studios LLC,Brett Williams,100% Chain of Title (Non-Scraped),17 U.S.C. § 106,Mandatory Disclosure Summary,829d94549e9c5c4b81bd57685217c1bb,Ai_Samples_Ready/07_Adult_Lifestyle_(50_JPEGS)/DSC_8105.jpg,2026-05-06 12:13:37,Pending_AI_Pass,Pending_AI_Pass,Pending_AI_Pass
