Dataset_ID,Filename,Copyright_Holder,Author,Ownership_Type,Legal_Authority,CLEAR_Act_Status,File_Hash,Path,Audit_Date
01_Studio _Fashion_(60_JPEGs):,BWS_RLL_202.jpg,Brett Williams Studios LLC,Brett Williams,100% Chain of Title (Non-Scraped),17 U.S.C. § 106,Mandatory Disclosure Summary,80abf9204fe7fd86d24dfc987bf2a102,Ai_Samples _Ready/01_Studio _Fashion_(60_JPEGs):/BWS_RLL_202.jpg,2026-05-06 10:56:46
01_Studio _Fashion_(60_JPEGs):,BWS_RLL_216.jpg,Brett Williams Studios LLC,Brett Williams,100% Chain of Title (Non-Scraped),17 U.S.C. § 106,Mandatory Disclosure Summary,808fa11ece86c8407f122485b29698eb,Ai_Samples _Ready/01_Studio _Fashion_(60_JPEGs):/BWS_RLL_216.jpg,2026-05-06 10:56:46
01_Studio _Fashion_(60_JPEGs):,BWS_RLL_174.jpg,Brett Williams Studios LLC,Brett Williams,100% Chain of Title (Non-Scraped),17 U.S.C. § 106,Mandatory Disclosure Summary,f73c135bc143996afe6cbf288b8298f7,Ai_Samples _Ready/01_Studio _Fashion_(60_JPEGs):/BWS_RLL_174.jpg,2026-05-06 10:56:46
01_Studio _Fashion_(60_JPEGs):,BWS_RLL_161.jpg,Brett Williams Studios LLC,Brett Williams,100% Chain of Title (Non-Scraped),17 U.S.C. § 106,Mandatory Disclosure Summary,1b8f220db599ba23e471148a5867fe51,Ai_Samples _Ready/01_Studio _Fashion_(60_JPEGs):/BWS_RLL_161.jpg,2026-05-06 10:56:46
01_Studio _Fashion_(60_JPEGs):,BWS_RLL_175.jpg,Brett Williams Studios LLC,Brett Williams,100% Chain of Title (Non-Scraped),17 U.S.C. § 106,Mandatory Disclosure Summary,8c2c02d1feb05347da38e5b760e150cd,Ai_Samples _Ready/01_Studio _Fashion_(60_JPEGs):/BWS_RLL_175.jpg,2026-05-06 10:56:46
01_Studio _Fashion_(60_JPEGs):,BWS_RLL_217.jpg,Brett Williams Studios LLC,Brett Williams,100% Chain of Title (Non-Scraped),17 U.S.C. § 106,Mandatory Disclosure Summary,2e8c67dd2dfe2c4828cff4467ebf39f5,Ai_Samples _Ready/01_Studio _Fashion_(60_JPEGs):/BWS_RLL_217.jpg,2026-05-06 10:56:46
01_Studio _Fashion_(60_JPEGs):,BWS_RLL_203.jpg,Brett Williams Studios LLC,Brett Williams,100% Chain of Title (Non-Scraped),17 U.S.C. § 106,Mandatory Disclosure Summary,91aec7d31ee9a2ac30e8379250a5262c,Ai_Samples _Ready/01_Studio _Fashion_(60_JPEGs):/BWS_RLL_203.jpg,2026-05-06 10:56:46
01_Studio _Fashion_(60_JPEGs):,BWS_RLL_215.jpg,Brett Williams Studios LLC,Brett Williams,100% Chain of Title (Non-Scraped),17 U.S.C. § 106,Mandatory Disclosure Summary,fb7a3057812fba5a2298a44b34870e77,Ai_Samples _Ready/01_Studio _Fashion_(60_JPEGs):/BWS_RLL_215.jpg,2026-05-06 10:56:46
01_Studio _Fashion_(60_JPEGs):,BWS_RLL_201.jpg,Brett Williams Studios LLC,Brett Williams,100% Chain of Title (Non-Scraped),17 U.S.C. § 106,Mandatory Disclosure Summary,aae9aad9f3946b2730454af02078ccc2,Ai_Samples _Ready/01_Studio _Fashion_(60_JPEGs):/BWS_RLL_201.jpg,2026-05-06 10:56:46
01_Studio _Fashion_(60_JPEGs):,BWS_RLL_163.jpg,Brett Williams Studios LLC,Brett Williams,100% Chain of Title (Non-Scraped),17 U.S.C. § 106,Mandatory Disclosure Summary,d449b825d1c1533ec83c28b07fae2693,Ai_Samples _Ready/01_Studio _Fashion_(60_JPEGs):/BWS_RLL_163.jpg,2026-05-06 10:56:46
01_Studio _Fashion_(60_JPEGs):,BWS_RLL_177.jpg,Brett Williams Studios LLC,Brett Williams,100% Chain of Title (Non-Scraped),17 U.S.C. § 106,Mandatory Disclosure Summary,fcef46aab1684512cb9d7d0da0a81c9e,Ai_Samples _Ready/01_Studio _Fashion_(60_JPEGs):/BWS_RLL_177.jpg,2026-05-06 10:56:46
01_Studio _Fashion_(60_JPEGs):,BWS_RLL_188.jpg,Brett Williams Studios LLC,Brett Williams,100% Chain of Title (Non-Scraped),17 U.S.C. § 106,Mandatory Disclosure Summary,c126001c96bf67b58fa82733ca30534d,Ai_Samples _Ready/01_Studio _Fashion_(60_JPEGs):/BWS_RLL_188.jpg,2026-05-06 10:56:46
01_Studio _Fashion_(60_JPEGs):,BWS_RLL_189.jpg,Brett Williams Studios LLC,Brett Williams,100% Chain of Title (Non-Scraped),17 U.S.C. § 106,Mandatory Disclosure Summary,6c5589076745de982be27917de5006e4,Ai_Samples _Ready/01_Studio _Fashion_(60_JPEGs):/BWS_RLL_189.jpg,2026-05-06 10:56:46
01_Studio _Fashion_(60_JPEGs):,BWS_RLL_176.jpg,Brett Williams Studios LLC,Brett Williams,100% Chain of Title (Non-Scraped),17 U.S.C. § 106,Mandatory Disclosure Summary,226306d50595643412fbc3cc7a2d6f07,Ai_Samples _Ready/01_Studio _Fashion_(60_JPEGs):/BWS_RLL_176.jpg,2026-05-06 10:56:46
01_Studio _Fashion_(60_JPEGs):,BWS_RLL_162.jpg,Brett Williams Studios LLC,Brett Williams,100% Chain of Title (Non-Scraped),17 U.S.C. § 106,Mandatory Disclosure Summary,9517675492027a9f9712be7f4d7bcfed,Ai_Samples _Ready/01_Studio _Fashion_(60_JPEGs):/BWS_RLL_162.jpg,2026-05-06 10:56:46
01_Studio _Fashion_(60_JPEGs):,BWS_RLL_200.jpg,Brett Williams Studios LLC,Brett Williams,100% Chain of Title (Non-Scraped),17 U.S.C. § 106,Mandatory Disclosure Summary,1a4b7c38096ccd794991776dcf1d8914,Ai_Samples _Ready/01_Studio _Fashion_(60_JPEGs):/BWS_RLL_200.jpg,2026-05-06 10:56:46
01_Studio _Fashion_(60_JPEGs):,BWS_RLL_214.jpg,Brett Williams Studios LLC,Brett Williams,100% Chain of Title (Non-Scraped),17 U.S.C. § 106,Mandatory Disclosure Summary,15b85c9ad82b82a9b30bc4d76e46b051,Ai_Samples _Ready/01_Studio _Fashion_(60_JPEGs):/BWS_RLL_214.jpg,2026-05-06 10:56:46
01_Studio _Fashion_(60_JPEGs):,BWS_RLL_210.jpg,Brett Williams Studios LLC,Brett Williams,100% Chain of Title (Non-Scraped),17 U.S.C. § 106,Mandatory Disclosure Summary,7809fc5c0c1f3c328b171612f7b9ab1f,Ai_Samples _Ready/01_Studio _Fashion_(60_JPEGs):/BWS_RLL_210.jpg,2026-05-06 10:56:46
01_Studio _Fashion_(60_JPEGs):,BWS_RLL_204.jpg,Brett Williams Studios LLC,Brett Williams,100% Chain of Title (Non-Scraped),17 U.S.C. § 106,Mandatory Disclosure Summary,c1dbd7f565d87d6c35c891473607296d,Ai_Samples _Ready/01_Studio _Fashion_(60_JPEGs):/BWS_RLL_204.jpg,2026-05-06 10:56:46
01_Studio _Fashion_(60_JPEGs):,BWS_RLL_166.jpg,Brett Williams Studios LLC,Brett Williams,100% Chain of Title (Non-Scraped),17 U.S.C. § 106,Mandatory Disclosure Summary,ec5e2135d26fd090ae2f0bcf21e9ea62,Ai_Samples _Ready/01_Studio _Fashion_(60_JPEGs):/BWS_RLL_166.jpg,2026-05-06 10:56:46
01_Studio _Fashion_(60_JPEGs):,BWS_RLL_172.jpg,Brett Williams Studios LLC,Brett Williams,100% Chain of Title (Non-Scraped),17 U.S.C. § 106,Mandatory Disclosure Summary,8c0387fa35bb0951d84de2a07e3fb076,Ai_Samples _Ready/01_Studio _Fashion_(60_JPEGs):/BWS_RLL_172.jpg,2026-05-06 10:56:46
01_Studio _Fashion_(60_JPEGs):,BWS_RLL_199.jpg,Brett Williams Studios LLC,Brett Williams,100% Chain of Title (Non-Scraped),17 U.S.C. § 106,Mandatory Disclosure Summary,ddb8995a333e80abd20fc6618e9e1e5b,Ai_Samples _Ready/01_Studio _Fashion_(60_JPEGs):/BWS_RLL_199.jpg,2026-05-06 10:56:46
01_Studio _Fashion_(60_JPEGs):,BWS_RLL_198.jpg,Brett Williams Studios LLC,Brett Williams,100% Chain of Title (Non-Scraped),17 U.S.C. § 106,Mandatory Disclosure Summary,dbb20023415c62ba93b8a1153c62122e,Ai_Samples _Ready/01_Studio _Fashion_(60_JPEGs):/BWS_RLL_198.jpg,2026-05-06 10:56:46
01_Studio _Fashion_(60_JPEGs):,BWS_RLL_173.jpg,Brett Williams Studios LLC,Brett Williams,100% Chain of Title (Non-Scraped),17 U.S.C. § 106,Mandatory Disclosure Summary,c7503218055c6121d3871efe32160da3,Ai_Samples _Ready/01_Studio _Fashion_(60_JPEGs):/BWS_RLL_173.jpg,2026-05-06 10:56:46
01_Studio _Fashion_(60_JPEGs):,BWS_RLL_167.jpg,Brett Williams Studios LLC,Brett Williams,100% Chain of Title (Non-Scraped),17 U.S.C. § 106,Mandatory Disclosure Summary,dc5255a6e03b1a7d04725fdbcdad2fef,Ai_Samples _Ready/01_Studio _Fashion_(60_JPEGs):/BWS_RLL_167.jpg,2026-05-06 10:56:46
01_Studio _Fashion_(60_JPEGs):,BWS_RLL_205.jpg,Brett Williams Studios LLC,Brett Williams,100% Chain of Title (Non-Scraped),17 U.S.C. § 106,Mandatory Disclosure Summary,be4a915e929f2e367b52d47861e94a23,Ai_Samples _Ready/01_Studio _Fashion_(60_JPEGs):/BWS_RLL_205.jpg,2026-05-06 10:56:46
01_Studio _Fashion_(60_JPEGs):,BWS_RLL_211.jpg,Brett Williams Studios LLC,Brett Williams,100% Chain of Title (Non-Scraped),17 U.S.C. § 106,Mandatory Disclosure Summary,e6fc92b1adf42661c3cc71090ba6b002,Ai_Samples _Ready/01_Studio _Fashion_(60_JPEGs):/BWS_RLL_211.jpg,2026-05-06 10:56:46
01_Studio _Fashion_(60_JPEGs):,BWS_RLL_207.jpg,Brett Williams Studios LLC,Brett Williams,100% Chain of Title (Non-Scraped),17 U.S.C. § 106,Mandatory Disclosure Summary,d154c59e2431e5ab2fab1c15bd1212bd,Ai_Samples _Ready/01_Studio _Fashion_(60_JPEGs):/BWS_RLL_207.jpg,2026-05-06 10:56:46
01_Studio _Fashion_(60_JPEGs):,BWS_RLL_213.jpg,Brett Williams Studios LLC,Brett Williams,100% Chain of Title (Non-Scraped),17 U.S.C. § 106,Mandatory Disclosure Summary,77216fa47e0fe52807154ed6acac9bc3,Ai_Samples _Ready/01_Studio _Fashion_(60_JPEGs):/BWS_RLL_213.jpg,2026-05-06 10:56:46
01_Studio _Fashion_(60_JPEGs):,BWS_RLL_171.jpg,Brett Williams Studios LLC,Brett Williams,100% Chain of Title (Non-Scraped),17 U.S.C. § 106,Mandatory Disclosure Summary,3614123005ad46c723c076d081bd2243,Ai_Samples _Ready/01_Studio _Fashion_(60_JPEGs):/BWS_RLL_171.jpg,2026-05-06 10:56:46
01_Studio _Fashion_(60_JPEGs):,BWS_RLL_165.jpg,Brett Williams Studios LLC,Brett Williams,100% Chain of Title (Non-Scraped),17 U.S.C. § 106,Mandatory Disclosure Summary,39139a2b65b303993e6717a33bd80e27,Ai_Samples _Ready/01_Studio _Fashion_(60_JPEGs):/BWS_RLL_165.jpg,2026-05-06 10:56:46
01_Studio _Fashion_(60_JPEGs):,BWS_RLL_164.jpg,Brett Williams Studios LLC,Brett Williams,100% Chain of Title (Non-Scraped),17 U.S.C. § 106,Mandatory Disclosure Summary,35c72be8da02315c9f7841a26c93b007,Ai_Samples _Ready/01_Studio _Fashion_(60_JPEGs):/BWS_RLL_164.jpg,2026-05-06 10:56:46
01_Studio _Fashion_(60_JPEGs):,BWS_RLL_170.jpg,Brett Williams Studios LLC,Brett Williams,100% Chain of Title (Non-Scraped),17 U.S.C. § 106,Mandatory Disclosure Summary,148a10db8f43363ab2ed3611b2aadde8,Ai_Samples _Ready/01_Studio _Fashion_(60_JPEGs):/BWS_RLL_170.jpg,2026-05-06 10:56:46
01_Studio _Fashion_(60_JPEGs):,BWS_RLL_212.jpg,Brett Williams Studios LLC,Brett Williams,100% Chain of Title (Non-Scraped),17 U.S.C. § 106,Mandatory Disclosure Summary,b68ca0c9935888f29365daf04eec8aac,Ai_Samples _Ready/01_Studio _Fashion_(60_JPEGs):/BWS_RLL_212.jpg,2026-05-06 10:56:46
01_Studio _Fashion_(60_JPEGs):,BWS_RLL_206.jpg,Brett Williams Studios LLC,Brett Williams,100% Chain of Title (Non-Scraped),17 U.S.C. § 106,Mandatory Disclosure Summary,4f8a8846c4fad69a5f679422ea66637b,Ai_Samples _Ready/01_Studio _Fashion_(60_JPEGs):/BWS_RLL_206.jpg,2026-05-06 10:56:46
01_Studio _Fashion_(60_JPEGs):,BWS_RLL_169.jpg,Brett Williams Studios LLC,Brett Williams,100% Chain of Title (Non-Scraped),17 U.S.C. § 106,Mandatory Disclosure Summary,45fa94f59baddb3914e3ac3ead6444f2,Ai_Samples _Ready/01_Studio _Fashion_(60_JPEGs):/BWS_RLL_169.jpg,2026-05-06 10:56:46
01_Studio _Fashion_(60_JPEGs):,BWS_RLL_196.jpg,Brett Williams Studios LLC,Brett Williams,100% Chain of Title (Non-Scraped),17 U.S.C. § 106,Mandatory Disclosure Summary,95efa8614ff1fe590563b0fbca385655,Ai_Samples _Ready/01_Studio _Fashion_(60_JPEGs):/BWS_RLL_196.jpg,2026-05-06 10:56:46
01_Studio _Fashion_(60_JPEGs):,BWS_RLL_182.jpg,Brett Williams Studios LLC,Brett Williams,100% Chain of Title (Non-Scraped),17 U.S.C. § 106,Mandatory Disclosure Summary,05600435a35e724bcb1592e4a27bd10b,Ai_Samples _Ready/01_Studio _Fashion_(60_JPEGs):/BWS_RLL_182.jpg,2026-05-06 10:56:46
01_Studio _Fashion_(60_JPEGs):,BWS_RLL_183.jpg,Brett Williams Studios LLC,Brett Williams,100% Chain of Title (Non-Scraped),17 U.S.C. § 106,Mandatory Disclosure Summary,739528a8d4a0ec6757e2eea66e04b7dd,Ai_Samples _Ready/01_Studio _Fashion_(60_JPEGs):/BWS_RLL_183.jpg,2026-05-06 10:56:46
01_Studio _Fashion_(60_JPEGs):,BWS_RLL_197.jpg,Brett Williams Studios LLC,Brett Williams,100% Chain of Title (Non-Scraped),17 U.S.C. § 106,Mandatory Disclosure Summary,aa90fa9e531ca3ddd011040466f771d4,Ai_Samples _Ready/01_Studio _Fashion_(60_JPEGs):/BWS_RLL_197.jpg,2026-05-06 10:56:46
01_Studio _Fashion_(60_JPEGs):,BWS_RLL_168.jpg,Brett Williams Studios LLC,Brett Williams,100% Chain of Title (Non-Scraped),17 U.S.C. § 106,Mandatory Disclosure Summary,be2c8fd9f4335c6de179dfbde3f6e6ab,Ai_Samples _Ready/01_Studio _Fashion_(60_JPEGs):/BWS_RLL_168.jpg,2026-05-06 10:56:46
01_Studio _Fashion_(60_JPEGs):,BWS_RLL_208.jpg,Brett Williams Studios LLC,Brett Williams,100% Chain of Title (Non-Scraped),17 U.S.C. § 106,Mandatory Disclosure Summary,68d5be3dc08f82f3f5dfdd191f78a15e,Ai_Samples _Ready/01_Studio _Fashion_(60_JPEGs):/BWS_RLL_208.jpg,2026-05-06 10:56:46
01_Studio _Fashion_(60_JPEGs):,BWS_RLL_220.jpg,Brett Williams Studios LLC,Brett Williams,100% Chain of Title (Non-Scraped),17 U.S.C. § 106,Mandatory Disclosure Summary,eeafb0632b69f8a6e3750fb19fee72f2,Ai_Samples _Ready/01_Studio _Fashion_(60_JPEGs):/BWS_RLL_220.jpg,2026-05-06 10:56:46
01_Studio _Fashion_(60_JPEGs):,BWS_RLL_181.jpg,Brett Williams Studios LLC,Brett Williams,100% Chain of Title (Non-Scraped),17 U.S.C. § 106,Mandatory Disclosure Summary,d490e580ad1c061060cfecdefc828d7e,Ai_Samples _Ready/01_Studio _Fashion_(60_JPEGs):/BWS_RLL_181.jpg,2026-05-06 10:56:46
01_Studio _Fashion_(60_JPEGs):,BWS_RLL_195.jpg,Brett Williams Studios LLC,Brett Williams,100% Chain of Title (Non-Scraped),17 U.S.C. § 106,Mandatory Disclosure Summary,3a064118d67408b700af3bbcc5b9883b,Ai_Samples _Ready/01_Studio _Fashion_(60_JPEGs):/BWS_RLL_195.jpg,2026-05-06 10:56:46
01_Studio _Fashion_(60_JPEGs):,BWS_RLL_194.jpg,Brett Williams Studios LLC,Brett Williams,100% Chain of Title (Non-Scraped),17 U.S.C. § 106,Mandatory Disclosure Summary,3e80b4dec357d35ab63af340ec496456,Ai_Samples _Ready/01_Studio _Fashion_(60_JPEGs):/BWS_RLL_194.jpg,2026-05-06 10:56:46
01_Studio _Fashion_(60_JPEGs):,BWS_RLL_180.jpg,Brett Williams Studios LLC,Brett Williams,100% Chain of Title (Non-Scraped),17 U.S.C. § 106,Mandatory Disclosure Summary,c707db7ff5d611e0e7d42451ada00109,Ai_Samples _Ready/01_Studio _Fashion_(60_JPEGs):/BWS_RLL_180.jpg,2026-05-06 10:56:46
01_Studio _Fashion_(60_JPEGs):,BWS_RLL_209.jpg,Brett Williams Studios LLC,Brett Williams,100% Chain of Title (Non-Scraped),17 U.S.C. § 106,Mandatory Disclosure Summary,75d9186fb0e9ace78f8bc192c1e62a8c,Ai_Samples _Ready/01_Studio _Fashion_(60_JPEGs):/BWS_RLL_209.jpg,2026-05-06 10:56:46
01_Studio _Fashion_(60_JPEGs):,BWS_RLL_219.jpg,Brett Williams Studios LLC,Brett Williams,100% Chain of Title (Non-Scraped),17 U.S.C. § 106,Mandatory Disclosure Summary,1d4eced4c2636ea791c0ea174d23bc95,Ai_Samples _Ready/01_Studio _Fashion_(60_JPEGs):/BWS_RLL_219.jpg,2026-05-06 10:56:46
01_Studio _Fashion_(60_JPEGs):,BWS_RLL_184.jpg,Brett Williams Studios LLC,Brett Williams,100% Chain of Title (Non-Scraped),17 U.S.C. § 106,Mandatory Disclosure Summary,06cc8182b13f1258e70e00b51f078bfa,Ai_Samples _Ready/01_Studio _Fashion_(60_JPEGs):/BWS_RLL_184.jpg,2026-05-06 10:56:46
01_Studio _Fashion_(60_JPEGs):,BWS_RLL_190.jpg,Brett Williams Studios LLC,Brett Williams,100% Chain of Title (Non-Scraped),17 U.S.C. § 106,Mandatory Disclosure Summary,2054e9f30f224aeddc3faa9094ac02d7,Ai_Samples _Ready/01_Studio _Fashion_(60_JPEGs):/BWS_RLL_190.jpg,2026-05-06 10:56:46
01_Studio _Fashion_(60_JPEGs):,BWS_RLL_191.jpg,Brett Williams Studios LLC,Brett Williams,100% Chain of Title (Non-Scraped),17 U.S.C. § 106,Mandatory Disclosure Summary,36fe6a8fa64de09b668d0be0846a0420,Ai_Samples _Ready/01_Studio _Fashion_(60_JPEGs):/BWS_RLL_191.jpg,2026-05-06 10:56:46
01_Studio _Fashion_(60_JPEGs):,BWS_RLL_185.jpg,Brett Williams Studios LLC,Brett Williams,100% Chain of Title (Non-Scraped),17 U.S.C. § 106,Mandatory Disclosure Summary,cac8293c5815a59b48e23c4adafbd0b5,Ai_Samples _Ready/01_Studio _Fashion_(60_JPEGs):/BWS_RLL_185.jpg,2026-05-06 10:56:46
01_Studio _Fashion_(60_JPEGs):,BWS_RLL_218.jpg,Brett Williams Studios LLC,Brett Williams,100% Chain of Title (Non-Scraped),17 U.S.C. § 106,Mandatory Disclosure Summary,0bf2b9cc3cbbd186b0392113dedaab82,Ai_Samples _Ready/01_Studio _Fashion_(60_JPEGs):/BWS_RLL_218.jpg,2026-05-06 10:56:46
01_Studio _Fashion_(60_JPEGs):,BWS_RLL_178.jpg,Brett Williams Studios LLC,Brett Williams,100% Chain of Title (Non-Scraped),17 U.S.C. § 106,Mandatory Disclosure Summary,495440248d08e6e15d408d48b4be2696,Ai_Samples _Ready/01_Studio _Fashion_(60_JPEGs):/BWS_RLL_178.jpg,2026-05-06 10:56:46
01_Studio _Fashion_(60_JPEGs):,BWS_RLL_193.jpg,Brett Williams Studios LLC,Brett Williams,100% Chain of Title (Non-Scraped),17 U.S.C. § 106,Mandatory Disclosure Summary,cb9b63e06de02b906525fa8802e34b49,Ai_Samples _Ready/01_Studio _Fashion_(60_JPEGs):/BWS_RLL_193.jpg,2026-05-06 10:56:46
01_Studio _Fashion_(60_JPEGs):,BWS_RLL_187.jpg,Brett Williams Studios LLC,Brett Williams,100% Chain of Title (Non-Scraped),17 U.S.C. § 106,Mandatory Disclosure Summary,595a0867707e5bec2ed0d3b9fe56add5,Ai_Samples _Ready/01_Studio _Fashion_(60_JPEGs):/BWS_RLL_187.jpg,2026-05-06 10:56:46
01_Studio _Fashion_(60_JPEGs):,BWS_RLL_186.jpg,Brett Williams Studios LLC,Brett Williams,100% Chain of Title (Non-Scraped),17 U.S.C. § 106,Mandatory Disclosure Summary,29f9766181226cdc2ba313618e808937,Ai_Samples _Ready/01_Studio _Fashion_(60_JPEGs):/BWS_RLL_186.jpg,2026-05-06 10:56:46
01_Studio _Fashion_(60_JPEGs):,BWS_RLL_192.jpg,Brett Williams Studios LLC,Brett Williams,100% Chain of Title (Non-Scraped),17 U.S.C. § 106,Mandatory Disclosure Summary,8252f86fb3d52ef12d63ac056737e64c,Ai_Samples _Ready/01_Studio _Fashion_(60_JPEGs):/BWS_RLL_192.jpg,2026-05-06 10:56:46
01_Studio _Fashion_(60_JPEGs):,BWS_RLL_179.jpg,Brett Williams Studios LLC,Brett Williams,100% Chain of Title (Non-Scraped),17 U.S.C. § 106,Mandatory Disclosure Summary,fdd5e1b5f2e8a3b077ea6435ea53d54a,Ai_Samples _Ready/01_Studio _Fashion_(60_JPEGs):/BWS_RLL_179.jpg,2026-05-06 10:56:46
05_Executive_portraits (25_JPEGS):,43_JohnSears-0741.jpg,Brett Williams Studios LLC,Brett Williams,100% Chain of Title (Non-Scraped),17 U.S.C. § 106,Mandatory Disclosure Summary,150f519df0d4614cad7ad430c7a8c19b,Ai_Samples _Ready/05_Executive_portraits (25_JPEGS):/43_JohnSears-0741.jpg,2026-05-06 10:56:46
05_Executive_portraits (25_JPEGS):,32_ChristinaWarner-0574.jpg,Brett Williams Studios LLC,Brett Williams,100% Chain of Title (Non-Scraped),17 U.S.C. § 106,Mandatory Disclosure Summary,92c38169a8d5bc644e75f75c4482fe50,Ai_Samples _Ready/05_Executive_portraits (25_JPEGS):/32_ChristinaWarner-0574.jpg,2026-05-06 10:56:46
05_Executive_portraits (25_JPEGS):,51_MattHurst-0878.jpg,Brett Williams Studios LLC,Brett Williams,100% Chain of Title (Non-Scraped),17 U.S.C. § 106,Mandatory Disclosure Summary,befefd79334bed26d9d717e66c50a6b3,Ai_Samples _Ready/05_Executive_portraits (25_JPEGS):/51_MattHurst-0878.jpg,2026-05-06 10:56:46
05_Executive_portraits (25_JPEGS):,45_ShannonRevolinski-0763.jpg,Brett Williams Studios LLC,Brett Williams,100% Chain of Title (Non-Scraped),17 U.S.C. § 106,Mandatory Disclosure Summary,3509db062cd95a368d518abd5709c77a,Ai_Samples _Ready/05_Executive_portraits (25_JPEGS):/45_ShannonRevolinski-0763.jpg,2026-05-06 10:56:46
05_Executive_portraits (25_JPEGS):,24_OrlandoRamirez-0447.jpg,Brett Williams Studios LLC,Brett Williams,100% Chain of Title (Non-Scraped),17 U.S.C. § 106,Mandatory Disclosure Summary,5e0b1a2d2ad273098fffedd5a2cf3802,Ai_Samples _Ready/05_Executive_portraits (25_JPEGS):/24_OrlandoRamirez-0447.jpg,2026-05-06 10:56:46
05_Executive_portraits (25_JPEGS):,17_LanaFoladare-0268.jpg,Brett Williams Studios LLC,Brett Williams,100% Chain of Title (Non-Scraped),17 U.S.C. § 106,Mandatory Disclosure Summary,ed7caf09b8d52fa0f00323b2676a52d6,Ai_Samples _Ready/05_Executive_portraits (25_JPEGS):/17_LanaFoladare-0268.jpg,2026-05-06 10:56:46
05_Executive_portraits (25_JPEGS):,36_ParkerGeorge-0633.jpg,Brett Williams Studios LLC,Brett Williams,100% Chain of Title (Non-Scraped),17 U.S.C. § 106,Mandatory Disclosure Summary,6bdb49b25b1d9725157483829143c492,Ai_Samples _Ready/05_Executive_portraits (25_JPEGS):/36_ParkerGeorge-0633.jpg,2026-05-06 10:56:46
05_Executive_portraits (25_JPEGS):,40_LeoRota-0679.jpg,Brett Williams Studios LLC,Brett Williams,100% Chain of Title (Non-Scraped),17 U.S.C. § 106,Mandatory Disclosure Summary,f0af55cac6935567e9d8f2787454f47f,Ai_Samples _Ready/05_Executive_portraits (25_JPEGS):/40_LeoRota-0679.jpg,2026-05-06 10:56:46
05_Executive_portraits (25_JPEGS):,09_DavidWeinstein-0138.jpg,Brett Williams Studios LLC,Brett Williams,100% Chain of Title (Non-Scraped),17 U.S.C. § 106,Mandatory Disclosure Summary,28fcb96f7c9ecc0e5e4c6f6dc49d5bd3,Ai_Samples _Ready/05_Executive_portraits (25_JPEGS):/09_DavidWeinstein-0138.jpg,2026-05-06 10:56:46
05_Executive_portraits (25_JPEGS):,31_HeatherWhite-0547.jpg,Brett Williams Studios LLC,Brett Williams,100% Chain of Title (Non-Scraped),17 U.S.C. § 106,Mandatory Disclosure Summary,9a69415e2434de916eb21972cc1fd414,Ai_Samples _Ready/05_Executive_portraits (25_JPEGS):/31_HeatherWhite-0547.jpg,2026-05-06 10:56:46
05_Executive_portraits (25_JPEGS):,27_SteveSevick-0482.jpg,Brett Williams Studios LLC,Brett Williams,100% Chain of Title (Non-Scraped),17 U.S.C. § 106,Mandatory Disclosure Summary,58aa816e8f4a626830ded40d4218a2d2,Ai_Samples _Ready/05_Executive_portraits (25_JPEGS):/27_SteveSevick-0482.jpg,2026-05-06 10:56:46
05_Executive_portraits (25_JPEGS):,14_GillianComito-0219 1.jpg,Brett Williams Studios LLC,Brett Williams,100% Chain of Title (Non-Scraped),17 U.S.C. § 106,Mandatory Disclosure Summary,8198dde829b581b16f12dc960bfad3a3,Ai_Samples _Ready/05_Executive_portraits (25_JPEGS):/14_GillianComito-0219 1.jpg,2026-05-06 10:56:46
05_Executive_portraits (25_JPEGS):,47_JeremyFrank-0813.jpg,Brett Williams Studios LLC,Brett Williams,100% Chain of Title (Non-Scraped),17 U.S.C. § 106,Mandatory Disclosure Summary,3e683115692d5f056bf48d78e3098f75,Ai_Samples _Ready/05_Executive_portraits (25_JPEGS):/47_JeremyFrank-0813.jpg,2026-05-06 10:56:46
05_Executive_portraits (25_JPEGS):,15_SteveNava-0246.jpg,Brett Williams Studios LLC,Brett Williams,100% Chain of Title (Non-Scraped),17 U.S.C. § 106,Mandatory Disclosure Summary,c8742835116ad7d525c544ba3f810e6d,Ai_Samples _Ready/05_Executive_portraits (25_JPEGS):/15_SteveNava-0246.jpg,2026-05-06 10:56:46
05_Executive_portraits (25_JPEGS):,55_AnthonyPicardi-0943.jpg,Brett Williams Studios LLC,Brett Williams,100% Chain of Title (Non-Scraped),17 U.S.C. § 106,Mandatory Disclosure Summary,ba84a60cea8d4af0ec8616cb98a46436,Ai_Samples _Ready/05_Executive_portraits (25_JPEGS):/55_AnthonyPicardi-0943.jpg,2026-05-06 10:56:46
05_Executive_portraits (25_JPEGS):,23_AmberLogan-0412.jpg,Brett Williams Studios LLC,Brett Williams,100% Chain of Title (Non-Scraped),17 U.S.C. § 106,Mandatory Disclosure Summary,56e5f07a13d1937a135a277d2edea98a,Ai_Samples _Ready/05_Executive_portraits (25_JPEGS):/23_AmberLogan-0412.jpg,2026-05-06 10:56:46
05_Executive_portraits (25_JPEGS):,53_AndreaGiometti-0905.jpg,Brett Williams Studios LLC,Brett Williams,100% Chain of Title (Non-Scraped),17 U.S.C. § 106,Mandatory Disclosure Summary,777e0870197f2d7e1e901baddf1ccb1f,Ai_Samples _Ready/05_Executive_portraits (25_JPEGS):/53_AndreaGiometti-0905.jpg,2026-05-06 10:56:46
05_Executive_portraits (25_JPEGS):,39_ChrisHarrell-0671.jpg,Brett Williams Studios LLC,Brett Williams,100% Chain of Title (Non-Scraped),17 U.S.C. § 106,Mandatory Disclosure Summary,85b2f7035eb1fd3e607a6970d9579bde,Ai_Samples _Ready/05_Executive_portraits (25_JPEGS):/39_ChrisHarrell-0671.jpg,2026-05-06 10:56:46
05_Executive_portraits (25_JPEGS):,46_TomHarvell-0810.jpg,Brett Williams Studios LLC,Brett Williams,100% Chain of Title (Non-Scraped),17 U.S.C. § 106,Mandatory Disclosure Summary,4c3140249a684f9125bbf67ba672d6c2,Ai_Samples _Ready/05_Executive_portraits (25_JPEGS):/46_TomHarvell-0810.jpg,2026-05-06 10:56:46
05_Executive_portraits (25_JPEGS):,66_MunMunMalik-1138.jpg,Brett Williams Studios LLC,Brett Williams,100% Chain of Title (Non-Scraped),17 U.S.C. § 106,Mandatory Disclosure Summary,f2ea826473a50c1632d303dff148a068,Ai_Samples _Ready/05_Executive_portraits (25_JPEGS):/66_MunMunMalik-1138.jpg,2026-05-06 10:56:46
05_Executive_portraits (25_JPEGS):,05_SONYA-0104.jpg,Brett Williams Studios LLC,Brett Williams,100% Chain of Title (Non-Scraped),17 U.S.C. § 106,Mandatory Disclosure Summary,e10aa464f8660bf1a624980d1fa1b225,Ai_Samples _Ready/05_Executive_portraits (25_JPEGS):/05_SONYA-0104.jpg,2026-05-06 10:56:46
05_Executive_portraits (25_JPEGS):,50_EricParrott-0871.jpg,Brett Williams Studios LLC,Brett Williams,100% Chain of Title (Non-Scraped),17 U.S.C. § 106,Mandatory Disclosure Summary,9dffe4b62b57c467bab1252766ee2be7,Ai_Samples _Ready/05_Executive_portraits (25_JPEGS):/50_EricParrott-0871.jpg,2026-05-06 10:56:46
05_Executive_portraits (25_JPEGS):,08_BritniWillborn-0133.jpg,Brett Williams Studios LLC,Brett Williams,100% Chain of Title (Non-Scraped),17 U.S.C. § 106,Mandatory Disclosure Summary,8ee079702d4de77ab85d17234395e51b,Ai_Samples _Ready/05_Executive_portraits (25_JPEGS):/08_BritniWillborn-0133.jpg,2026-05-06 10:56:46
05_Executive_portraits (25_JPEGS):,41_JeffNoble-0704.jpg,Brett Williams Studios LLC,Brett Williams,100% Chain of Title (Non-Scraped),17 U.S.C. § 106,Mandatory Disclosure Summary,140743bc259ab035ea74e71a02542520,Ai_Samples _Ready/05_Executive_portraits (25_JPEGS):/41_JeffNoble-0704.jpg,2026-05-06 10:56:46
05_Executive_portraits (25_JPEGS):,04_MATTHEWBREWER-0075.jpg,Brett Williams Studios LLC,Brett Williams,100% Chain of Title (Non-Scraped),17 U.S.C. § 106,Mandatory Disclosure Summary,b6a7555e2437df3cad9367164d987680,Ai_Samples _Ready/05_Executive_portraits (25_JPEGS):/04_MATTHEWBREWER-0075.jpg,2026-05-06 10:56:46
11_Maid_Service_(30_JPEGS):,._mp_04_21486.jpg,Brett Williams Studios LLC,Brett Williams,100% Chain of Title (Non-Scraped),17 U.S.C. § 106,Mandatory Disclosure Summary,af193f057ab8ed0b6f5927625fd486b7,Ai_Samples _Ready/11_Maid_Service_(30_JPEGS):/._mp_04_21486.jpg,2026-05-06 10:56:46
11_Maid_Service_(30_JPEGS):,._mp_04_21256.jpg,Brett Williams Studios LLC,Brett Williams,100% Chain of Title (Non-Scraped),17 U.S.C. § 106,Mandatory Disclosure Summary,af193f057ab8ed0b6f5927625fd486b7,Ai_Samples _Ready/11_Maid_Service_(30_JPEGS):/._mp_04_21256.jpg,2026-05-06 10:56:46
11_Maid_Service_(30_JPEGS):,mp_05_20645 (1).jpg,Brett Williams Studios LLC,Brett Williams,100% Chain of Title (Non-Scraped),17 U.S.C. § 106,Mandatory Disclosure Summary,97b193151b9b41aaa95ed94ef988e980,Ai_Samples _Ready/11_Maid_Service_(30_JPEGS):/mp_05_20645 (1).jpg,2026-05-06 10:56:46
11_Maid_Service_(30_JPEGS):,mp_05_20751.jpg,Brett Williams Studios LLC,Brett Williams,100% Chain of Title (Non-Scraped),17 U.S.C. § 106,Mandatory Disclosure Summary,b3ea1b7759e32b0fd7ce4f1bbf0fcd09,Ai_Samples _Ready/11_Maid_Service_(30_JPEGS):/mp_05_20751.jpg,2026-05-06 10:56:46
11_Maid_Service_(30_JPEGS):,mp_05_20619.jpg,Brett Williams Studios LLC,Brett Williams,100% Chain of Title (Non-Scraped),17 U.S.C. § 106,Mandatory Disclosure Summary,e37a219de665d03217ce393fff237f07,Ai_Samples _Ready/11_Maid_Service_(30_JPEGS):/mp_05_20619.jpg,2026-05-06 10:56:46
11_Maid_Service_(30_JPEGS):,mp_04_22394 (1).jpg,Brett Williams Studios LLC,Brett Williams,100% Chain of Title (Non-Scraped),17 U.S.C. § 106,Mandatory Disclosure Summary,c4e4ec1f04b8731be09bce712c3ab826,Ai_Samples _Ready/11_Maid_Service_(30_JPEGS):/mp_04_22394 (1).jpg,2026-05-06 10:56:46
11_Maid_Service_(30_JPEGS):,._mp_05_21023.jpg,Brett Williams Studios LLC,Brett Williams,100% Chain of Title (Non-Scraped),17 U.S.C. § 106,Mandatory Disclosure Summary,af193f057ab8ed0b6f5927625fd486b7,Ai_Samples _Ready/11_Maid_Service_(30_JPEGS):/._mp_05_21023.jpg,2026-05-06 10:56:46
11_Maid_Service_(30_JPEGS):,mp_05_20567 (1).jpg,Brett Williams Studios LLC,Brett Williams,100% Chain of Title (Non-Scraped),17 U.S.C. § 106,Mandatory Disclosure Summary,4d15c70e8c59f4f2391c66587ca9e3e3,Ai_Samples _Ready/11_Maid_Service_(30_JPEGS):/mp_05_20567 (1).jpg,2026-05-06 10:56:46
11_Maid_Service_(30_JPEGS):,._mp_05_20673.jpg,Brett Williams Studios LLC,Brett Williams,100% Chain of Title (Non-Scraped),17 U.S.C. § 106,Mandatory Disclosure Summary,af193f057ab8ed0b6f5927625fd486b7,Ai_Samples _Ready/11_Maid_Service_(30_JPEGS):/._mp_05_20673.jpg,2026-05-06 10:56:46
11_Maid_Service_(30_JPEGS):,mp_05_20673 (1).jpg,Brett Williams Studios LLC,Brett Williams,100% Chain of Title (Non-Scraped),17 U.S.C. § 106,Mandatory Disclosure Summary,97475c74ec0ec93f505a0c78fcbcb431,Ai_Samples _Ready/11_Maid_Service_(30_JPEGS):/mp_05_20673 (1).jpg,2026-05-06 10:56:46
11_Maid_Service_(30_JPEGS):,mp_04_21828 (1).jpg,Brett Williams Studios LLC,Brett Williams,100% Chain of Title (Non-Scraped),17 U.S.C. § 106,Mandatory Disclosure Summary,414150548aca25b2e20b4562681b85ab,Ai_Samples _Ready/11_Maid_Service_(30_JPEGS):/mp_04_21828 (1).jpg,2026-05-06 10:56:46
11_Maid_Service_(30_JPEGS):,._mp_04_21279.jpg,Brett Williams Studios LLC,Brett Williams,100% Chain of Title (Non-Scraped),17 U.S.C. § 106,Mandatory Disclosure Summary,af193f057ab8ed0b6f5927625fd486b7,Ai_Samples _Ready/11_Maid_Service_(30_JPEGS):/._mp_04_21279.jpg,2026-05-06 10:56:46
11_Maid_Service_(30_JPEGS):,mp_05_20757 (1).jpg,Brett Williams Studios LLC,Brett Williams,100% Chain of Title (Non-Scraped),17 U.S.C. § 106,Mandatory Disclosure Summary,bd0200df0ef92dbda742639c68ded0f1,Ai_Samples _Ready/11_Maid_Service_(30_JPEGS):/mp_05_20757 (1).jpg,2026-05-06 10:56:46
11_Maid_Service_(30_JPEGS):,mp_05_20582.jpg,Brett Williams Studios LLC,Brett Williams,100% Chain of Title (Non-Scraped),17 U.S.C. § 106,Mandatory Disclosure Summary,1d8998e8be318c8128357dfa86b54ffb,Ai_Samples _Ready/11_Maid_Service_(30_JPEGS):/mp_05_20582.jpg,2026-05-06 10:56:46
11_Maid_Service_(30_JPEGS):,mp_05_20757.jpg,Brett Williams Studios LLC,Brett Williams,100% Chain of Title (Non-Scraped),17 U.S.C. § 106,Mandatory Disclosure Summary,bd0200df0ef92dbda742639c68ded0f1,Ai_Samples _Ready/11_Maid_Service_(30_JPEGS):/mp_05_20757.jpg,2026-05-06 10:56:46
11_Maid_Service_(30_JPEGS):,mp_05_20928 (1).jpg,Brett Williams Studios LLC,Brett Williams,100% Chain of Title (Non-Scraped),17 U.S.C. § 106,Mandatory Disclosure Summary,4bfa9f0d877467c856cf636f2156fdbc,Ai_Samples _Ready/11_Maid_Service_(30_JPEGS):/mp_05_20928 (1).jpg,2026-05-06 10:56:46
11_Maid_Service_(30_JPEGS):,mp_05_20582 (1).jpg,Brett Williams Studios LLC,Brett Williams,100% Chain of Title (Non-Scraped),17 U.S.C. § 106,Mandatory Disclosure Summary,1d8998e8be318c8128357dfa86b54ffb,Ai_Samples _Ready/11_Maid_Service_(30_JPEGS):/mp_05_20582 (1).jpg,2026-05-06 10:56:46
11_Maid_Service_(30_JPEGS):,mp_04_21358.jpg,Brett Williams Studios LLC,Brett Williams,100% Chain of Title (Non-Scraped),17 U.S.C. § 106,Mandatory Disclosure Summary,f214c6de7b825ca8074acdfacfd9026b,Ai_Samples _Ready/11_Maid_Service_(30_JPEGS):/mp_04_21358.jpg,2026-05-06 10:56:46
11_Maid_Service_(30_JPEGS):,._mp_04_21326.jpg,Brett Williams Studios LLC,Brett Williams,100% Chain of Title (Non-Scraped),17 U.S.C. § 106,Mandatory Disclosure Summary,af193f057ab8ed0b6f5927625fd486b7,Ai_Samples _Ready/11_Maid_Service_(30_JPEGS):/._mp_04_21326.jpg,2026-05-06 10:56:46
11_Maid_Service_(30_JPEGS):,mp_04_21736 (1).jpg,Brett Williams Studios LLC,Brett Williams,100% Chain of Title (Non-Scraped),17 U.S.C. § 106,Mandatory Disclosure Summary,6a89bb171bd6b8248a5875bff4a92443,Ai_Samples _Ready/11_Maid_Service_(30_JPEGS):/mp_04_21736 (1).jpg,2026-05-06 10:56:46
11_Maid_Service_(30_JPEGS):,._mp_04_21736.jpg,Brett Williams Studios LLC,Brett Williams,100% Chain of Title (Non-Scraped),17 U.S.C. § 106,Mandatory Disclosure Summary,af193f057ab8ed0b6f5927625fd486b7,Ai_Samples _Ready/11_Maid_Service_(30_JPEGS):/._mp_04_21736.jpg,2026-05-06 10:56:46
11_Maid_Service_(30_JPEGS):,mp_05_20966.jpg,Brett Williams Studios LLC,Brett Williams,100% Chain of Title (Non-Scraped),17 U.S.C. § 106,Mandatory Disclosure Summary,4568d5b93fe6d44b8ec66b2deb8f5a57,Ai_Samples _Ready/11_Maid_Service_(30_JPEGS):/mp_05_20966.jpg,2026-05-06 10:56:46
11_Maid_Service_(30_JPEGS):,mp_05_20619 (1).jpg,Brett Williams Studios LLC,Brett Williams,100% Chain of Title (Non-Scraped),17 U.S.C. § 106,Mandatory Disclosure Summary,e37a219de665d03217ce393fff237f07,Ai_Samples _Ready/11_Maid_Service_(30_JPEGS):/mp_05_20619 (1).jpg,2026-05-06 10:56:46
11_Maid_Service_(30_JPEGS):,._mp_05_20773.jpg,Brett Williams Studios LLC,Brett Williams,100% Chain of Title (Non-Scraped),17 U.S.C. § 106,Mandatory Disclosure Summary,af193f057ab8ed0b6f5927625fd486b7,Ai_Samples _Ready/11_Maid_Service_(30_JPEGS):/._mp_05_20773.jpg,2026-05-06 10:56:46
11_Maid_Service_(30_JPEGS):,mp_05_20928.jpg,Brett Williams Studios LLC,Brett Williams,100% Chain of Title (Non-Scraped),17 U.S.C. § 106,Mandatory Disclosure Summary,4bfa9f0d877467c856cf636f2156fdbc,Ai_Samples _Ready/11_Maid_Service_(30_JPEGS):/mp_05_20928.jpg,2026-05-06 10:56:46
11_Maid_Service_(30_JPEGS):,._mp_04_21547.jpg,Brett Williams Studios LLC,Brett Williams,100% Chain of Title (Non-Scraped),17 U.S.C. § 106,Mandatory Disclosure Summary,af193f057ab8ed0b6f5927625fd486b7,Ai_Samples _Ready/11_Maid_Service_(30_JPEGS):/._mp_04_21547.jpg,2026-05-06 10:56:46
11_Maid_Service_(30_JPEGS):,mp_05_21023 (1).jpg,Brett Williams Studios LLC,Brett Williams,100% Chain of Title (Non-Scraped),17 U.S.C. § 106,Mandatory Disclosure Summary,c3c182ce53cdf4cde7892b686843e110,Ai_Samples _Ready/11_Maid_Service_(30_JPEGS):/mp_05_21023 (1).jpg,2026-05-06 10:56:46
11_Maid_Service_(30_JPEGS):,._mp_04_22264.jpg,Brett Williams Studios LLC,Brett Williams,100% Chain of Title (Non-Scraped),17 U.S.C. § 106,Mandatory Disclosure Summary,af193f057ab8ed0b6f5927625fd486b7,Ai_Samples _Ready/11_Maid_Service_(30_JPEGS):/._mp_04_22264.jpg,2026-05-06 10:56:46
11_Maid_Service_(30_JPEGS):,mp_05_20773 (1).jpg,Brett Williams Studios LLC,Brett Williams,100% Chain of Title (Non-Scraped),17 U.S.C. § 106,Mandatory Disclosure Summary,6f2f5d0e11209441d04991d480e4624c,Ai_Samples _Ready/11_Maid_Service_(30_JPEGS):/mp_05_20773 (1).jpg,2026-05-06 10:56:46
11_Maid_Service_(30_JPEGS):,._mp_04_21828.jpg,Brett Williams Studios LLC,Brett Williams,100% Chain of Title (Non-Scraped),17 U.S.C. § 106,Mandatory Disclosure Summary,af193f057ab8ed0b6f5927625fd486b7,Ai_Samples _Ready/11_Maid_Service_(30_JPEGS):/._mp_04_21828.jpg,2026-05-06 10:56:46
11_Maid_Service_(30_JPEGS):,mp_04_21505.jpg,Brett Williams Studios LLC,Brett Williams,100% Chain of Title (Non-Scraped),17 U.S.C. § 106,Mandatory Disclosure Summary,88093a7f8be0fd709eaab645ea55290b,Ai_Samples _Ready/11_Maid_Service_(30_JPEGS):/mp_04_21505.jpg,2026-05-06 10:56:46
11_Maid_Service_(30_JPEGS):,mp_04_21511.jpg,Brett Williams Studios LLC,Brett Williams,100% Chain of Title (Non-Scraped),17 U.S.C. § 106,Mandatory Disclosure Summary,95149f692ffe07ca5810a38d75d1efd0,Ai_Samples _Ready/11_Maid_Service_(30_JPEGS):/mp_04_21511.jpg,2026-05-06 10:56:46
11_Maid_Service_(30_JPEGS):,._mp_05_20567.jpg,Brett Williams Studios LLC,Brett Williams,100% Chain of Title (Non-Scraped),17 U.S.C. § 106,Mandatory Disclosure Summary,af193f057ab8ed0b6f5927625fd486b7,Ai_Samples _Ready/11_Maid_Service_(30_JPEGS):/._mp_05_20567.jpg,2026-05-06 10:56:46
11_Maid_Service_(30_JPEGS):,mp_05_20645.jpg,Brett Williams Studios LLC,Brett Williams,100% Chain of Title (Non-Scraped),17 U.S.C. § 106,Mandatory Disclosure Summary,97b193151b9b41aaa95ed94ef988e980,Ai_Samples _Ready/11_Maid_Service_(30_JPEGS):/mp_05_20645.jpg,2026-05-06 10:56:46
11_Maid_Service_(30_JPEGS):,mp_04_21505 (1).jpg,Brett Williams Studios LLC,Brett Williams,100% Chain of Title (Non-Scraped),17 U.S.C. § 106,Mandatory Disclosure Summary,88093a7f8be0fd709eaab645ea55290b,Ai_Samples _Ready/11_Maid_Service_(30_JPEGS):/mp_04_21505 (1).jpg,2026-05-06 10:56:46
11_Maid_Service_(30_JPEGS):,mp_04_21689.jpg,Brett Williams Studios LLC,Brett Williams,100% Chain of Title (Non-Scraped),17 U.S.C. § 106,Mandatory Disclosure Summary,b50facc8678078bc633c79ea3fa3dd2a,Ai_Samples _Ready/11_Maid_Service_(30_JPEGS):/mp_04_21689.jpg,2026-05-06 10:56:46
11_Maid_Service_(30_JPEGS):,mp_04_22394.jpg,Brett Williams Studios LLC,Brett Williams,100% Chain of Title (Non-Scraped),17 U.S.C. § 106,Mandatory Disclosure Summary,c4e4ec1f04b8731be09bce712c3ab826,Ai_Samples _Ready/11_Maid_Service_(30_JPEGS):/mp_04_22394.jpg,2026-05-06 10:56:46
11_Maid_Service_(30_JPEGS):,._mp_05_20616.jpg,Brett Williams Studios LLC,Brett Williams,100% Chain of Title (Non-Scraped),17 U.S.C. § 106,Mandatory Disclosure Summary,af193f057ab8ed0b6f5927625fd486b7,Ai_Samples _Ready/11_Maid_Service_(30_JPEGS):/._mp_05_20616.jpg,2026-05-06 10:56:46
11_Maid_Service_(30_JPEGS):,mp_04_22383.jpg,Brett Williams Studios LLC,Brett Williams,100% Chain of Title (Non-Scraped),17 U.S.C. § 106,Mandatory Disclosure Summary,6c07185c5ea467520cccc2f421f9c18e,Ai_Samples _Ready/11_Maid_Service_(30_JPEGS):/mp_04_22383.jpg,2026-05-06 10:56:46
11_Maid_Service_(30_JPEGS):,._mp_04_21782.jpg,Brett Williams Studios LLC,Brett Williams,100% Chain of Title (Non-Scraped),17 U.S.C. § 106,Mandatory Disclosure Summary,af193f057ab8ed0b6f5927625fd486b7,Ai_Samples _Ready/11_Maid_Service_(30_JPEGS):/._mp_04_21782.jpg,2026-05-06 10:56:46
11_Maid_Service_(30_JPEGS):,mp_04_21729.jpg,Brett Williams Studios LLC,Brett Williams,100% Chain of Title (Non-Scraped),17 U.S.C. § 106,Mandatory Disclosure Summary,b1173aac3cb270c63e240f277d148184,Ai_Samples _Ready/11_Maid_Service_(30_JPEGS):/mp_04_21729.jpg,2026-05-06 10:56:46
11_Maid_Service_(30_JPEGS):,mp_05_20966 (1).jpg,Brett Williams Studios LLC,Brett Williams,100% Chain of Title (Non-Scraped),17 U.S.C. § 106,Mandatory Disclosure Summary,4568d5b93fe6d44b8ec66b2deb8f5a57,Ai_Samples _Ready/11_Maid_Service_(30_JPEGS):/mp_05_20966 (1).jpg,2026-05-06 10:56:46
11_Maid_Service_(30_JPEGS):,._mp_05_20788.jpg,Brett Williams Studios LLC,Brett Williams,100% Chain of Title (Non-Scraped),17 U.S.C. § 106,Mandatory Disclosure Summary,af193f057ab8ed0b6f5927625fd486b7,Ai_Samples _Ready/11_Maid_Service_(30_JPEGS):/._mp_05_20788.jpg,2026-05-06 10:56:46
11_Maid_Service_(30_JPEGS):,mp_04_21358 (1).jpg,Brett Williams Studios LLC,Brett Williams,100% Chain of Title (Non-Scraped),17 U.S.C. § 106,Mandatory Disclosure Summary,f214c6de7b825ca8074acdfacfd9026b,Ai_Samples _Ready/11_Maid_Service_(30_JPEGS):/mp_04_21358 (1).jpg,2026-05-06 10:56:46
11_Maid_Service_(30_JPEGS):,mp_04_21310.jpg,Brett Williams Studios LLC,Brett Williams,100% Chain of Title (Non-Scraped),17 U.S.C. § 106,Mandatory Disclosure Summary,727dce1b33dec587b5e8509c4dd7af29,Ai_Samples _Ready/11_Maid_Service_(30_JPEGS):/mp_04_21310.jpg,2026-05-06 10:56:46
11_Maid_Service_(30_JPEGS):,mp_05_20751 (1).jpg,Brett Williams Studios LLC,Brett Williams,100% Chain of Title (Non-Scraped),17 U.S.C. § 106,Mandatory Disclosure Summary,b3ea1b7759e32b0fd7ce4f1bbf0fcd09,Ai_Samples _Ready/11_Maid_Service_(30_JPEGS):/mp_05_20751 (1).jpg,2026-05-06 10:56:46
11_Maid_Service_(30_JPEGS):,mp_04_21729 (1).jpg,Brett Williams Studios LLC,Brett Williams,100% Chain of Title (Non-Scraped),17 U.S.C. § 106,Mandatory Disclosure Summary,b1173aac3cb270c63e240f277d148184,Ai_Samples _Ready/11_Maid_Service_(30_JPEGS):/mp_04_21729 (1).jpg,2026-05-06 10:56:46
11_Maid_Service_(30_JPEGS):,mp_05_20673.jpg,Brett Williams Studios LLC,Brett Williams,100% Chain of Title (Non-Scraped),17 U.S.C. § 106,Mandatory Disclosure Summary,97475c74ec0ec93f505a0c78fcbcb431,Ai_Samples _Ready/11_Maid_Service_(30_JPEGS):/mp_05_20673.jpg,2026-05-06 10:56:46
11_Maid_Service_(30_JPEGS):,mp_05_20616 (1).jpg,Brett Williams Studios LLC,Brett Williams,100% Chain of Title (Non-Scraped),17 U.S.C. § 106,Mandatory Disclosure Summary,167981b6cf28398da0a01bb07c8b3588,Ai_Samples _Ready/11_Maid_Service_(30_JPEGS):/mp_05_20616 (1).jpg,2026-05-06 10:56:46
11_Maid_Service_(30_JPEGS):,mp_04_21310 (1).jpg,Brett Williams Studios LLC,Brett Williams,100% Chain of Title (Non-Scraped),17 U.S.C. § 106,Mandatory Disclosure Summary,727dce1b33dec587b5e8509c4dd7af29,Ai_Samples _Ready/11_Maid_Service_(30_JPEGS):/mp_04_21310 (1).jpg,2026-05-06 10:56:46
11_Maid_Service_(30_JPEGS):,mp_04_22264 (1).jpg,Brett Williams Studios LLC,Brett Williams,100% Chain of Title (Non-Scraped),17 U.S.C. § 106,Mandatory Disclosure Summary,09ff9dd3a34efbf372914664ace2331f,Ai_Samples _Ready/11_Maid_Service_(30_JPEGS):/mp_04_22264 (1).jpg,2026-05-06 10:56:46
11_Maid_Service_(30_JPEGS):,mp_04_21326 (1).jpg,Brett Williams Studios LLC,Brett Williams,100% Chain of Title (Non-Scraped),17 U.S.C. § 106,Mandatory Disclosure Summary,b7f7be01f028bf59352c2793b7a86a9f,Ai_Samples _Ready/11_Maid_Service_(30_JPEGS):/mp_04_21326 (1).jpg,2026-05-06 10:56:46
11_Maid_Service_(30_JPEGS):,mp_05_21023.jpg,Brett Williams Studios LLC,Brett Williams,100% Chain of Title (Non-Scraped),17 U.S.C. § 106,Mandatory Disclosure Summary,c3c182ce53cdf4cde7892b686843e110,Ai_Samples _Ready/11_Maid_Service_(30_JPEGS):/mp_05_21023.jpg,2026-05-06 10:56:46
11_Maid_Service_(30_JPEGS):,._mp_05_20619.jpg,Brett Williams Studios LLC,Brett Williams,100% Chain of Title (Non-Scraped),17 U.S.C. § 106,Mandatory Disclosure Summary,af193f057ab8ed0b6f5927625fd486b7,Ai_Samples _Ready/11_Maid_Service_(30_JPEGS):/._mp_05_20619.jpg,2026-05-06 10:56:46
11_Maid_Service_(30_JPEGS):,mp_04_22383 (1).jpg,Brett Williams Studios LLC,Brett Williams,100% Chain of Title (Non-Scraped),17 U.S.C. § 106,Mandatory Disclosure Summary,6c07185c5ea467520cccc2f421f9c18e,Ai_Samples _Ready/11_Maid_Service_(30_JPEGS):/mp_04_22383 (1).jpg,2026-05-06 10:56:46
11_Maid_Service_(30_JPEGS):,._mp_05_20751.jpg,Brett Williams Studios LLC,Brett Williams,100% Chain of Title (Non-Scraped),17 U.S.C. § 106,Mandatory Disclosure Summary,af193f057ab8ed0b6f5927625fd486b7,Ai_Samples _Ready/11_Maid_Service_(30_JPEGS):/._mp_05_20751.jpg,2026-05-06 10:56:46
11_Maid_Service_(30_JPEGS):,mp_04_21511 (1).jpg,Brett Williams Studios LLC,Brett Williams,100% Chain of Title (Non-Scraped),17 U.S.C. § 106,Mandatory Disclosure Summary,95149f692ffe07ca5810a38d75d1efd0,Ai_Samples _Ready/11_Maid_Service_(30_JPEGS):/mp_04_21511 (1).jpg,2026-05-06 10:56:46
11_Maid_Service_(30_JPEGS):,mp_04_21256.jpg,Brett Williams Studios LLC,Brett Williams,100% Chain of Title (Non-Scraped),17 U.S.C. § 106,Mandatory Disclosure Summary,1ae7160497a100768cc990d56e4c1b5c,Ai_Samples _Ready/11_Maid_Service_(30_JPEGS):/mp_04_21256.jpg,2026-05-06 10:56:46
11_Maid_Service_(30_JPEGS):,mp_04_21486.jpg,Brett Williams Studios LLC,Brett Williams,100% Chain of Title (Non-Scraped),17 U.S.C. § 106,Mandatory Disclosure Summary,646458c551ee1ddf239bab6f900b3b6e,Ai_Samples _Ready/11_Maid_Service_(30_JPEGS):/mp_04_21486.jpg,2026-05-06 10:56:46
11_Maid_Service_(30_JPEGS):,._mp_05_20966.jpg,Brett Williams Studios LLC,Brett Williams,100% Chain of Title (Non-Scraped),17 U.S.C. § 106,Mandatory Disclosure Summary,af193f057ab8ed0b6f5927625fd486b7,Ai_Samples _Ready/11_Maid_Service_(30_JPEGS):/._mp_05_20966.jpg,2026-05-06 10:56:46
11_Maid_Service_(30_JPEGS):,mp_04_21736.jpg,Brett Williams Studios LLC,Brett Williams,100% Chain of Title (Non-Scraped),17 U.S.C. § 106,Mandatory Disclosure Summary,6a89bb171bd6b8248a5875bff4a92443,Ai_Samples _Ready/11_Maid_Service_(30_JPEGS):/mp_04_21736.jpg,2026-05-06 10:56:46
11_Maid_Service_(30_JPEGS):,mp_04_21326.jpg,Brett Williams Studios LLC,Brett Williams,100% Chain of Title (Non-Scraped),17 U.S.C. § 106,Mandatory Disclosure Summary,b7f7be01f028bf59352c2793b7a86a9f,Ai_Samples _Ready/11_Maid_Service_(30_JPEGS):/mp_04_21326.jpg,2026-05-06 10:56:46
11_Maid_Service_(30_JPEGS):,._mp_04_21358.jpg,Brett Williams Studios LLC,Brett Williams,100% Chain of Title (Non-Scraped),17 U.S.C. § 106,Mandatory Disclosure Summary,af193f057ab8ed0b6f5927625fd486b7,Ai_Samples _Ready/11_Maid_Service_(30_JPEGS):/._mp_04_21358.jpg,2026-05-06 10:56:46
11_Maid_Service_(30_JPEGS):,._mp_05_20757.jpg,Brett Williams Studios LLC,Brett Williams,100% Chain of Title (Non-Scraped),17 U.S.C. § 106,Mandatory Disclosure Summary,af193f057ab8ed0b6f5927625fd486b7,Ai_Samples _Ready/11_Maid_Service_(30_JPEGS):/._mp_05_20757.jpg,2026-05-06 10:56:46
11_Maid_Service_(30_JPEGS):,._mp_05_20582.jpg,Brett Williams Studios LLC,Brett Williams,100% Chain of Title (Non-Scraped),17 U.S.C. § 106,Mandatory Disclosure Summary,af193f057ab8ed0b6f5927625fd486b7,Ai_Samples _Ready/11_Maid_Service_(30_JPEGS):/._mp_05_20582.jpg,2026-05-06 10:56:46
11_Maid_Service_(30_JPEGS):,mp_04_21256 (1).jpg,Brett Williams Studios LLC,Brett Williams,100% Chain of Title (Non-Scraped),17 U.S.C. § 106,Mandatory Disclosure Summary,1ae7160497a100768cc990d56e4c1b5c,Ai_Samples _Ready/11_Maid_Service_(30_JPEGS):/mp_04_21256 (1).jpg,2026-05-06 10:56:46
11_Maid_Service_(30_JPEGS):,mp_04_21279.jpg,Brett Williams Studios LLC,Brett Williams,100% Chain of Title (Non-Scraped),17 U.S.C. § 106,Mandatory Disclosure Summary,dc3c60a0e0f6dc2aaffe74d8038dab3f,Ai_Samples _Ready/11_Maid_Service_(30_JPEGS):/mp_04_21279.jpg,2026-05-06 10:56:46
11_Maid_Service_(30_JPEGS):,mp_04_21279 (1).jpg,Brett Williams Studios LLC,Brett Williams,100% Chain of Title (Non-Scraped),17 U.S.C. § 106,Mandatory Disclosure Summary,dc3c60a0e0f6dc2aaffe74d8038dab3f,Ai_Samples _Ready/11_Maid_Service_(30_JPEGS):/mp_04_21279 (1).jpg,2026-05-06 10:56:46
11_Maid_Service_(30_JPEGS):,._mp_05_20645.jpg,Brett Williams Studios LLC,Brett Williams,100% Chain of Title (Non-Scraped),17 U.S.C. § 106,Mandatory Disclosure Summary,af193f057ab8ed0b6f5927625fd486b7,Ai_Samples _Ready/11_Maid_Service_(30_JPEGS):/._mp_05_20645.jpg,2026-05-06 10:56:46
11_Maid_Service_(30_JPEGS):,mp_05_20567.jpg,Brett Williams Studios LLC,Brett Williams,100% Chain of Title (Non-Scraped),17 U.S.C. § 106,Mandatory Disclosure Summary,4d15c70e8c59f4f2391c66587ca9e3e3,Ai_Samples _Ready/11_Maid_Service_(30_JPEGS):/mp_05_20567.jpg,2026-05-06 10:56:46
11_Maid_Service_(30_JPEGS):,._mp_04_21511.jpg,Brett Williams Studios LLC,Brett Williams,100% Chain of Title (Non-Scraped),17 U.S.C. § 106,Mandatory Disclosure Summary,af193f057ab8ed0b6f5927625fd486b7,Ai_Samples _Ready/11_Maid_Service_(30_JPEGS):/._mp_04_21511.jpg,2026-05-06 10:56:46
11_Maid_Service_(30_JPEGS):,._mp_04_21505.jpg,Brett Williams Studios LLC,Brett Williams,100% Chain of Title (Non-Scraped),17 U.S.C. § 106,Mandatory Disclosure Summary,af193f057ab8ed0b6f5927625fd486b7,Ai_Samples _Ready/11_Maid_Service_(30_JPEGS):/._mp_04_21505.jpg,2026-05-06 10:56:46
11_Maid_Service_(30_JPEGS):,mp_04_21828.jpg,Brett Williams Studios LLC,Brett Williams,100% Chain of Title (Non-Scraped),17 U.S.C. § 106,Mandatory Disclosure Summary,414150548aca25b2e20b4562681b85ab,Ai_Samples _Ready/11_Maid_Service_(30_JPEGS):/mp_04_21828.jpg,2026-05-06 10:56:46
11_Maid_Service_(30_JPEGS):,mp_04_22264.jpg,Brett Williams Studios LLC,Brett Williams,100% Chain of Title (Non-Scraped),17 U.S.C. § 106,Mandatory Disclosure Summary,09ff9dd3a34efbf372914664ace2331f,Ai_Samples _Ready/11_Maid_Service_(30_JPEGS):/mp_04_22264.jpg,2026-05-06 10:56:46
11_Maid_Service_(30_JPEGS):,mp_04_21547.jpg,Brett Williams Studios LLC,Brett Williams,100% Chain of Title (Non-Scraped),17 U.S.C. § 106,Mandatory Disclosure Summary,445c1b52da2043a12b7d6daaba155e88,Ai_Samples _Ready/11_Maid_Service_(30_JPEGS):/mp_04_21547.jpg,2026-05-06 10:56:46
11_Maid_Service_(30_JPEGS):,._mp_05_20928.jpg,Brett Williams Studios LLC,Brett Williams,100% Chain of Title (Non-Scraped),17 U.S.C. § 106,Mandatory Disclosure Summary,af193f057ab8ed0b6f5927625fd486b7,Ai_Samples _Ready/11_Maid_Service_(30_JPEGS):/._mp_05_20928.jpg,2026-05-06 10:56:46
11_Maid_Service_(30_JPEGS):,mp_05_20773.jpg,Brett Williams Studios LLC,Brett Williams,100% Chain of Title (Non-Scraped),17 U.S.C. § 106,Mandatory Disclosure Summary,6f2f5d0e11209441d04991d480e4624c,Ai_Samples _Ready/11_Maid_Service_(30_JPEGS):/mp_05_20773.jpg,2026-05-06 10:56:46
11_Maid_Service_(30_JPEGS):,mp_04_21689 (1).jpg,Brett Williams Studios LLC,Brett Williams,100% Chain of Title (Non-Scraped),17 U.S.C. § 106,Mandatory Disclosure Summary,b50facc8678078bc633c79ea3fa3dd2a,Ai_Samples _Ready/11_Maid_Service_(30_JPEGS):/mp_04_21689 (1).jpg,2026-05-06 10:56:46
11_Maid_Service_(30_JPEGS):,._mp_04_21310.jpg,Brett Williams Studios LLC,Brett Williams,100% Chain of Title (Non-Scraped),17 U.S.C. § 106,Mandatory Disclosure Summary,af193f057ab8ed0b6f5927625fd486b7,Ai_Samples _Ready/11_Maid_Service_(30_JPEGS):/._mp_04_21310.jpg,2026-05-06 10:56:46
11_Maid_Service_(30_JPEGS):,mp_05_20788.jpg,Brett Williams Studios LLC,Brett Williams,100% Chain of Title (Non-Scraped),17 U.S.C. § 106,Mandatory Disclosure Summary,1e29d7bebeac731395f2853d872ea48a,Ai_Samples _Ready/11_Maid_Service_(30_JPEGS):/mp_05_20788.jpg,2026-05-06 10:56:46
11_Maid_Service_(30_JPEGS):,mp_05_20788 (1).jpg,Brett Williams Studios LLC,Brett Williams,100% Chain of Title (Non-Scraped),17 U.S.C. § 106,Mandatory Disclosure Summary,1e29d7bebeac731395f2853d872ea48a,Ai_Samples _Ready/11_Maid_Service_(30_JPEGS):/mp_05_20788 (1).jpg,2026-05-06 10:56:46
11_Maid_Service_(30_JPEGS):,mp_04_21486 (1).jpg,Brett Williams Studios LLC,Brett Williams,100% Chain of Title (Non-Scraped),17 U.S.C. § 106,Mandatory Disclosure Summary,646458c551ee1ddf239bab6f900b3b6e,Ai_Samples _Ready/11_Maid_Service_(30_JPEGS):/mp_04_21486 (1).jpg,2026-05-06 10:56:46
11_Maid_Service_(30_JPEGS):,mp_04_21547 (1).jpg,Brett Williams Studios LLC,Brett Williams,100% Chain of Title (Non-Scraped),17 U.S.C. § 106,Mandatory Disclosure Summary,445c1b52da2043a12b7d6daaba155e88,Ai_Samples _Ready/11_Maid_Service_(30_JPEGS):/mp_04_21547 (1).jpg,2026-05-06 10:56:46
11_Maid_Service_(30_JPEGS):,._mp_04_21729.jpg,Brett Williams Studios LLC,Brett Williams,100% Chain of Title (Non-Scraped),17 U.S.C. § 106,Mandatory Disclosure Summary,af193f057ab8ed0b6f5927625fd486b7,Ai_Samples _Ready/11_Maid_Service_(30_JPEGS):/._mp_04_21729.jpg,2026-05-06 10:56:46
11_Maid_Service_(30_JPEGS):,mp_04_21782.jpg,Brett Williams Studios LLC,Brett Williams,100% Chain of Title (Non-Scraped),17 U.S.C. § 106,Mandatory Disclosure Summary,dd4b32d26ecd6a43d336ee0556de97b2,Ai_Samples _Ready/11_Maid_Service_(30_JPEGS):/mp_04_21782.jpg,2026-05-06 10:56:46
11_Maid_Service_(30_JPEGS):,._mp_04_22383.jpg,Brett Williams Studios LLC,Brett Williams,100% Chain of Title (Non-Scraped),17 U.S.C. § 106,Mandatory Disclosure Summary,af193f057ab8ed0b6f5927625fd486b7,Ai_Samples _Ready/11_Maid_Service_(30_JPEGS):/._mp_04_22383.jpg,2026-05-06 10:56:46
11_Maid_Service_(30_JPEGS):,mp_05_20616.jpg,Brett Williams Studios LLC,Brett Williams,100% Chain of Title (Non-Scraped),17 U.S.C. § 106,Mandatory Disclosure Summary,167981b6cf28398da0a01bb07c8b3588,Ai_Samples _Ready/11_Maid_Service_(30_JPEGS):/mp_05_20616.jpg,2026-05-06 10:56:46
11_Maid_Service_(30_JPEGS):,mp_04_21782 (1).jpg,Brett Williams Studios LLC,Brett Williams,100% Chain of Title (Non-Scraped),17 U.S.C. § 106,Mandatory Disclosure Summary,dd4b32d26ecd6a43d336ee0556de97b2,Ai_Samples _Ready/11_Maid_Service_(30_JPEGS):/mp_04_21782 (1).jpg,2026-05-06 10:56:46
11_Maid_Service_(30_JPEGS):,._mp_04_22394.jpg,Brett Williams Studios LLC,Brett Williams,100% Chain of Title (Non-Scraped),17 U.S.C. § 106,Mandatory Disclosure Summary,af193f057ab8ed0b6f5927625fd486b7,Ai_Samples _Ready/11_Maid_Service_(30_JPEGS):/._mp_04_22394.jpg,2026-05-06 10:56:46
11_Maid_Service_(30_JPEGS):,._mp_04_21689.jpg,Brett Williams Studios LLC,Brett Williams,100% Chain of Title (Non-Scraped),17 U.S.C. § 106,Mandatory Disclosure Summary,af193f057ab8ed0b6f5927625fd486b7,Ai_Samples _Ready/11_Maid_Service_(30_JPEGS):/._mp_04_21689.jpg,2026-05-06 10:56:46
02_Photo_Booth _Series_(100_JPEGs):,BWS_PS_061.jpg,Brett Williams Studios LLC,Brett Williams,100% Chain of Title (Non-Scraped),17 U.S.C. § 106,Mandatory Disclosure Summary,639c435ef087e89ac2f0a1b9e424450a,Ai_Samples _Ready/02_Photo_Booth _Series_(100_JPEGs):/BWS_PS_061.jpg,2026-05-06 10:56:46
02_Photo_Booth _Series_(100_JPEGs):,BWS_PS_075.jpg,Brett Williams Studios LLC,Brett Williams,100% Chain of Title (Non-Scraped),17 U.S.C. § 106,Mandatory Disclosure Summary,5ad5c262abe0935cb4415fb9c46bd42f,Ai_Samples _Ready/02_Photo_Booth _Series_(100_JPEGs):/BWS_PS_075.jpg,2026-05-06 10:56:46
02_Photo_Booth _Series_(100_JPEGs):,BWS_PS_115.jpg,Brett Williams Studios LLC,Brett Williams,100% Chain of Title (Non-Scraped),17 U.S.C. § 106,Mandatory Disclosure Summary,fd651bde55d35a1c0bb86ae0e7baa2ce,Ai_Samples _Ready/02_Photo_Booth _Series_(100_JPEGs):/BWS_PS_115.jpg,2026-05-06 10:56:46
02_Photo_Booth _Series_(100_JPEGs):,BWS_PS_101.jpg,Brett Williams Studios LLC,Brett Williams,100% Chain of Title (Non-Scraped),17 U.S.C. § 106,Mandatory Disclosure Summary,cdd29767e41a2530b0dc571995357c9b,Ai_Samples _Ready/02_Photo_Booth _Series_(100_JPEGs):/BWS_PS_101.jpg,2026-05-06 10:56:46
02_Photo_Booth _Series_(100_JPEGs):,BWS_PS_129.jpg,Brett Williams Studios LLC,Brett Williams,100% Chain of Title (Non-Scraped),17 U.S.C. § 106,Mandatory Disclosure Summary,c0cb07c676f37768eabaa018aebfc7d8,Ai_Samples _Ready/02_Photo_Booth _Series_(100_JPEGs):/BWS_PS_129.jpg,2026-05-06 10:56:46
02_Photo_Booth _Series_(100_JPEGs):,BWS_PS_128.jpg,Brett Williams Studios LLC,Brett Williams,100% Chain of Title (Non-Scraped),17 U.S.C. § 106,Mandatory Disclosure Summary,2b8b3f667412590a2dd99e5234105d01,Ai_Samples _Ready/02_Photo_Booth _Series_(100_JPEGs):/BWS_PS_128.jpg,2026-05-06 10:56:46
02_Photo_Booth _Series_(100_JPEGs):,BWS_PS_100.jpg,Brett Williams Studios LLC,Brett Williams,100% Chain of Title (Non-Scraped),17 U.S.C. § 106,Mandatory Disclosure Summary,216d96358b04e8c3ec41580bc1ea971b,Ai_Samples _Ready/02_Photo_Booth _Series_(100_JPEGs):/BWS_PS_100.jpg,2026-05-06 10:56:46
02_Photo_Booth _Series_(100_JPEGs):,BWS_PS_114.jpg,Brett Williams Studios LLC,Brett Williams,100% Chain of Title (Non-Scraped),17 U.S.C. § 106,Mandatory Disclosure Summary,531c0c8607e1d4f70520c0e9f3a54d55,Ai_Samples _Ready/02_Photo_Booth _Series_(100_JPEGs):/BWS_PS_114.jpg,2026-05-06 10:56:46
02_Photo_Booth _Series_(100_JPEGs):,BWS_PS_074.jpg,Brett Williams Studios LLC,Brett Williams,100% Chain of Title (Non-Scraped),17 U.S.C. § 106,Mandatory Disclosure Summary,911e6dbe3e4cb58e678d8c338bd2bd30,Ai_Samples _Ready/02_Photo_Booth _Series_(100_JPEGs):/BWS_PS_074.jpg,2026-05-06 10:56:46
02_Photo_Booth _Series_(100_JPEGs):,BWS_PS_089.jpg,Brett Williams Studios LLC,Brett Williams,100% Chain of Title (Non-Scraped),17 U.S.C. § 106,Mandatory Disclosure Summary,ee24d410979c5b03a997de4502f14f0d,Ai_Samples _Ready/02_Photo_Booth _Series_(100_JPEGs):/BWS_PS_089.jpg,2026-05-06 10:56:46
02_Photo_Booth _Series_(100_JPEGs):,BWS_PS_076.jpg,Brett Williams Studios LLC,Brett Williams,100% Chain of Title (Non-Scraped),17 U.S.C. § 106,Mandatory Disclosure Summary,b65408692eee06f29078ee2455f28613,Ai_Samples _Ready/02_Photo_Booth _Series_(100_JPEGs):/BWS_PS_076.jpg,2026-05-06 10:56:46
02_Photo_Booth _Series_(100_JPEGs):,BWS_PS_062.jpg,Brett Williams Studios LLC,Brett Williams,100% Chain of Title (Non-Scraped),17 U.S.C. § 106,Mandatory Disclosure Summary,3b5b8edc4984459bbde4426345720dfb,Ai_Samples _Ready/02_Photo_Booth _Series_(100_JPEGs):/BWS_PS_062.jpg,2026-05-06 10:56:46
02_Photo_Booth _Series_(100_JPEGs):,BWS_PS_102.jpg,Brett Williams Studios LLC,Brett Williams,100% Chain of Title (Non-Scraped),17 U.S.C. § 106,Mandatory Disclosure Summary,e84c2025add697e46348baee50f79728,Ai_Samples _Ready/02_Photo_Booth _Series_(100_JPEGs):/BWS_PS_102.jpg,2026-05-06 10:56:46
02_Photo_Booth _Series_(100_JPEGs):,BWS_PS_116.jpg,Brett Williams Studios LLC,Brett Williams,100% Chain of Title (Non-Scraped),17 U.S.C. § 106,Mandatory Disclosure Summary,151d63d59c3930e848df5b6b35fc9825,Ai_Samples _Ready/02_Photo_Booth _Series_(100_JPEGs):/BWS_PS_116.jpg,2026-05-06 10:56:46
02_Photo_Booth _Series_(100_JPEGs):,BWS_PS_117.jpg,Brett Williams Studios LLC,Brett Williams,100% Chain of Title (Non-Scraped),17 U.S.C. § 106,Mandatory Disclosure Summary,9668055d20bd762efe45dba4d6cd1e1e,Ai_Samples _Ready/02_Photo_Booth _Series_(100_JPEGs):/BWS_PS_117.jpg,2026-05-06 10:56:46
02_Photo_Booth _Series_(100_JPEGs):,BWS_PS_103.jpg,Brett Williams Studios LLC,Brett Williams,100% Chain of Title (Non-Scraped),17 U.S.C. § 106,Mandatory Disclosure Summary,4ae3a56e9a22b01ea8c4bca4a3a4357f,Ai_Samples _Ready/02_Photo_Booth _Series_(100_JPEGs):/BWS_PS_103.jpg,2026-05-06 10:56:46
02_Photo_Booth _Series_(100_JPEGs):,BWS_PS_063.jpg,Brett Williams Studios LLC,Brett Williams,100% Chain of Title (Non-Scraped),17 U.S.C. § 106,Mandatory Disclosure Summary,6472ca7fecb14f0aee3a8f98b45e027a,Ai_Samples _Ready/02_Photo_Booth _Series_(100_JPEGs):/BWS_PS_063.jpg,2026-05-06 10:56:46
02_Photo_Booth _Series_(100_JPEGs):,BWS_PS_077.jpg,Brett Williams Studios LLC,Brett Williams,100% Chain of Title (Non-Scraped),17 U.S.C. § 106,Mandatory Disclosure Summary,63fe01113a70a8bbc19ad19d2a0cd695,Ai_Samples _Ready/02_Photo_Booth _Series_(100_JPEGs):/BWS_PS_077.jpg,2026-05-06 10:56:46
02_Photo_Booth _Series_(100_JPEGs):,BWS_PS_088.jpg,Brett Williams Studios LLC,Brett Williams,100% Chain of Title (Non-Scraped),17 U.S.C. § 106,Mandatory Disclosure Summary,5de6abb24dab2cd78fb84ee0152e9fd3,Ai_Samples _Ready/02_Photo_Booth _Series_(100_JPEGs):/BWS_PS_088.jpg,2026-05-06 10:56:46
02_Photo_Booth _Series_(100_JPEGs):,BWS_PS_098.jpg,Brett Williams Studios LLC,Brett Williams,100% Chain of Title (Non-Scraped),17 U.S.C. § 106,Mandatory Disclosure Summary,838eaf7d368f22e4139d261a654414f1,Ai_Samples _Ready/02_Photo_Booth _Series_(100_JPEGs):/BWS_PS_098.jpg,2026-05-06 10:56:46
02_Photo_Booth _Series_(100_JPEGs):,BWS_PS_073.jpg,Brett Williams Studios LLC,Brett Williams,100% Chain of Title (Non-Scraped),17 U.S.C. § 106,Mandatory Disclosure Summary,311ffdd9e4feaca739087b95345be72a,Ai_Samples _Ready/02_Photo_Booth _Series_(100_JPEGs):/BWS_PS_073.jpg,2026-05-06 10:56:46
02_Photo_Booth _Series_(100_JPEGs):,BWS_PS_067.jpg,Brett Williams Studios LLC,Brett Williams,100% Chain of Title (Non-Scraped),17 U.S.C. § 106,Mandatory Disclosure Summary,b2f63836873f8fc0a0698e8cd95287b3,Ai_Samples _Ready/02_Photo_Booth _Series_(100_JPEGs):/BWS_PS_067.jpg,2026-05-06 10:56:46
02_Photo_Booth _Series_(100_JPEGs):,BWS_PS_107.jpg,Brett Williams Studios LLC,Brett Williams,100% Chain of Title (Non-Scraped),17 U.S.C. § 106,Mandatory Disclosure Summary,688c5070ec4eff0752dc2fd33e801fcb,Ai_Samples _Ready/02_Photo_Booth _Series_(100_JPEGs):/BWS_PS_107.jpg,2026-05-06 10:56:46
02_Photo_Booth _Series_(100_JPEGs):,BWS_PS_113.jpg,Brett Williams Studios LLC,Brett Williams,100% Chain of Title (Non-Scraped),17 U.S.C. § 106,Mandatory Disclosure Summary,21917490d55481200ad088cd70371768,Ai_Samples _Ready/02_Photo_Booth _Series_(100_JPEGs):/BWS_PS_113.jpg,2026-05-06 10:56:46
02_Photo_Booth _Series_(100_JPEGs):,BWS_PS_112.jpg,Brett Williams Studios LLC,Brett Williams,100% Chain of Title (Non-Scraped),17 U.S.C. § 106,Mandatory Disclosure Summary,1353adb9b0da04d0ba6983d2607ed96a,Ai_Samples _Ready/02_Photo_Booth _Series_(100_JPEGs):/BWS_PS_112.jpg,2026-05-06 10:56:46
02_Photo_Booth _Series_(100_JPEGs):,BWS_PS_106.jpg,Brett Williams Studios LLC,Brett Williams,100% Chain of Title (Non-Scraped),17 U.S.C. § 106,Mandatory Disclosure Summary,ff9c959ec90609de040e3b397b4611b5,Ai_Samples _Ready/02_Photo_Booth _Series_(100_JPEGs):/BWS_PS_106.jpg,2026-05-06 10:56:46
02_Photo_Booth _Series_(100_JPEGs):,BWS_PS_066.jpg,Brett Williams Studios LLC,Brett Williams,100% Chain of Title (Non-Scraped),17 U.S.C. § 106,Mandatory Disclosure Summary,badcf87f4c3bbe372a949bd91852cdd2,Ai_Samples _Ready/02_Photo_Booth _Series_(100_JPEGs):/BWS_PS_066.jpg,2026-05-06 10:56:46
02_Photo_Booth _Series_(100_JPEGs):,BWS_PS_072.jpg,Brett Williams Studios LLC,Brett Williams,100% Chain of Title (Non-Scraped),17 U.S.C. § 106,Mandatory Disclosure Summary,cb1a49f184422d7a492a33666aae32c1,Ai_Samples _Ready/02_Photo_Booth _Series_(100_JPEGs):/BWS_PS_072.jpg,2026-05-06 10:56:46
02_Photo_Booth _Series_(100_JPEGs):,BWS_PS_099.jpg,Brett Williams Studios LLC,Brett Williams,100% Chain of Title (Non-Scraped),17 U.S.C. § 106,Mandatory Disclosure Summary,3f6f2ad227c2a75be1ffc5a0097490f7,Ai_Samples _Ready/02_Photo_Booth _Series_(100_JPEGs):/BWS_PS_099.jpg,2026-05-06 10:56:46
02_Photo_Booth _Series_(100_JPEGs):,BWS_PS_064.jpg,Brett Williams Studios LLC,Brett Williams,100% Chain of Title (Non-Scraped),17 U.S.C. § 106,Mandatory Disclosure Summary,8855a0987989d005ae195bed431fef3c,Ai_Samples _Ready/02_Photo_Booth _Series_(100_JPEGs):/BWS_PS_064.jpg,2026-05-06 10:56:46
02_Photo_Booth _Series_(100_JPEGs):,BWS_PS_070.jpg,Brett Williams Studios LLC,Brett Williams,100% Chain of Title (Non-Scraped),17 U.S.C. § 106,Mandatory Disclosure Summary,7de2ca117441a5b6beec15cfadfb6340,Ai_Samples _Ready/02_Photo_Booth _Series_(100_JPEGs):/BWS_PS_070.jpg,2026-05-06 10:56:46
02_Photo_Booth _Series_(100_JPEGs):,BWS_PS_138.jpg,Brett Williams Studios LLC,Brett Williams,100% Chain of Title (Non-Scraped),17 U.S.C. § 106,Mandatory Disclosure Summary,49ebce9ff6a27997bed25f3fae73ce5e,Ai_Samples _Ready/02_Photo_Booth _Series_(100_JPEGs):/BWS_PS_138.jpg,2026-05-06 10:56:46
02_Photo_Booth _Series_(100_JPEGs):,BWS_PS_110.jpg,Brett Williams Studios LLC,Brett Williams,100% Chain of Title (Non-Scraped),17 U.S.C. § 106,Mandatory Disclosure Summary,d0987c66f37fc23978d64a602eea24dc,Ai_Samples _Ready/02_Photo_Booth _Series_(100_JPEGs):/BWS_PS_110.jpg,2026-05-06 10:56:46
02_Photo_Booth _Series_(100_JPEGs):,BWS_PS_104.jpg,Brett Williams Studios LLC,Brett Williams,100% Chain of Title (Non-Scraped),17 U.S.C. § 106,Mandatory Disclosure Summary,043dc167a7a360372e7e352311ac4586,Ai_Samples _Ready/02_Photo_Booth _Series_(100_JPEGs):/BWS_PS_104.jpg,2026-05-06 10:56:46
02_Photo_Booth _Series_(100_JPEGs):,BWS_PS_105.jpg,Brett Williams Studios LLC,Brett Williams,100% Chain of Title (Non-Scraped),17 U.S.C. § 106,Mandatory Disclosure Summary,93b335dd82e5c640730db41dce0d15c4,Ai_Samples _Ready/02_Photo_Booth _Series_(100_JPEGs):/BWS_PS_105.jpg,2026-05-06 10:56:46
02_Photo_Booth _Series_(100_JPEGs):,BWS_PS_111.jpg,Brett Williams Studios LLC,Brett Williams,100% Chain of Title (Non-Scraped),17 U.S.C. § 106,Mandatory Disclosure Summary,46d382682a8704c9bf1b0c188ca8b97e,Ai_Samples _Ready/02_Photo_Booth _Series_(100_JPEGs):/BWS_PS_111.jpg,2026-05-06 10:56:46
02_Photo_Booth _Series_(100_JPEGs):,BWS_PS_139.jpg,Brett Williams Studios LLC,Brett Williams,100% Chain of Title (Non-Scraped),17 U.S.C. § 106,Mandatory Disclosure Summary,d6e0f9e768c4fac310658160e33036d9,Ai_Samples _Ready/02_Photo_Booth _Series_(100_JPEGs):/BWS_PS_139.jpg,2026-05-06 10:56:46
02_Photo_Booth _Series_(100_JPEGs):,BWS_PS_071.jpg,Brett Williams Studios LLC,Brett Williams,100% Chain of Title (Non-Scraped),17 U.S.C. § 106,Mandatory Disclosure Summary,de0c438f44cb293656461f74ed401435,Ai_Samples _Ready/02_Photo_Booth _Series_(100_JPEGs):/BWS_PS_071.jpg,2026-05-06 10:56:46
02_Photo_Booth _Series_(100_JPEGs):,BWS_PS_065.jpg,Brett Williams Studios LLC,Brett Williams,100% Chain of Title (Non-Scraped),17 U.S.C. § 106,Mandatory Disclosure Summary,fb8abd31463cad1b0e3130f8ac3b7528,Ai_Samples _Ready/02_Photo_Booth _Series_(100_JPEGs):/BWS_PS_065.jpg,2026-05-06 10:56:46
02_Photo_Booth _Series_(100_JPEGs):,BWS_PS_149.jpg,Brett Williams Studios LLC,Brett Williams,100% Chain of Title (Non-Scraped),17 U.S.C. § 106,Mandatory Disclosure Summary,b153665a31db04e134fa5e9e530189b3,Ai_Samples _Ready/02_Photo_Booth _Series_(100_JPEGs):/BWS_PS_149.jpg,2026-05-06 10:56:46
02_Photo_Booth _Series_(100_JPEGs):,BWS_PS_148.jpg,Brett Williams Studios LLC,Brett Williams,100% Chain of Title (Non-Scraped),17 U.S.C. § 106,Mandatory Disclosure Summary,868b41af3a9a59cdfd2dcf26c838b389,Ai_Samples _Ready/02_Photo_Booth _Series_(100_JPEGs):/BWS_PS_148.jpg,2026-05-06 10:56:46
02_Photo_Booth _Series_(100_JPEGs):,BWS_PS_160.jpg,Brett Williams Studios LLC,Brett Williams,100% Chain of Title (Non-Scraped),17 U.S.C. § 106,Mandatory Disclosure Summary,bec0cf102c847e4d5be02fe68d800f2a,Ai_Samples _Ready/02_Photo_Booth _Series_(100_JPEGs):/BWS_PS_160.jpg,2026-05-06 10:56:46
02_Photo_Booth _Series_(100_JPEGs):,BWS_PS_158.jpg,Brett Williams Studios LLC,Brett Williams,100% Chain of Title (Non-Scraped),17 U.S.C. § 106,Mandatory Disclosure Summary,e278453a286e2e01131c258b716e17d4,Ai_Samples _Ready/02_Photo_Booth _Series_(100_JPEGs):/BWS_PS_158.jpg,2026-05-06 10:56:46
02_Photo_Booth _Series_(100_JPEGs):,BWS_PS_159.jpg,Brett Williams Studios LLC,Brett Williams,100% Chain of Title (Non-Scraped),17 U.S.C. § 106,Mandatory Disclosure Summary,b0999843569967cc6a187a6660381d16,Ai_Samples _Ready/02_Photo_Booth _Series_(100_JPEGs):/BWS_PS_159.jpg,2026-05-06 10:56:46
02_Photo_Booth _Series_(100_JPEGs):,BWS_PS_157.jpg,Brett Williams Studios LLC,Brett Williams,100% Chain of Title (Non-Scraped),17 U.S.C. § 106,Mandatory Disclosure Summary,bd7ec16da8b9a3f4f2352df754fd600c,Ai_Samples _Ready/02_Photo_Booth _Series_(100_JPEGs):/BWS_PS_157.jpg,2026-05-06 10:56:46
02_Photo_Booth _Series_(100_JPEGs):,BWS_PS_143.jpg,Brett Williams Studios LLC,Brett Williams,100% Chain of Title (Non-Scraped),17 U.S.C. § 106,Mandatory Disclosure Summary,a1b4cde85466b23fc5608f7fccb2091c,Ai_Samples _Ready/02_Photo_Booth _Series_(100_JPEGs):/BWS_PS_143.jpg,2026-05-06 10:56:46
02_Photo_Booth _Series_(100_JPEGs):,BWS_PS_142.jpg,Brett Williams Studios LLC,Brett Williams,100% Chain of Title (Non-Scraped),17 U.S.C. § 106,Mandatory Disclosure Summary,6cc3c154a5001342313dfe5e9d55ae8e,Ai_Samples _Ready/02_Photo_Booth _Series_(100_JPEGs):/BWS_PS_142.jpg,2026-05-06 10:56:46
02_Photo_Booth _Series_(100_JPEGs):,BWS_PS_156.jpg,Brett Williams Studios LLC,Brett Williams,100% Chain of Title (Non-Scraped),17 U.S.C. § 106,Mandatory Disclosure Summary,395e4fa8ac1a0d4516eaed156169419a,Ai_Samples _Ready/02_Photo_Booth _Series_(100_JPEGs):/BWS_PS_156.jpg,2026-05-06 10:56:46
02_Photo_Booth _Series_(100_JPEGs):,BWS_PS_140.jpg,Brett Williams Studios LLC,Brett Williams,100% Chain of Title (Non-Scraped),17 U.S.C. § 106,Mandatory Disclosure Summary,a52ec7b1f40ca978e653ff7c30658cb3,Ai_Samples _Ready/02_Photo_Booth _Series_(100_JPEGs):/BWS_PS_140.jpg,2026-05-06 10:56:46
02_Photo_Booth _Series_(100_JPEGs):,BWS_PS_154.jpg,Brett Williams Studios LLC,Brett Williams,100% Chain of Title (Non-Scraped),17 U.S.C. § 106,Mandatory Disclosure Summary,1e73bf027ace10bd8ccf001972b8430d,Ai_Samples _Ready/02_Photo_Booth _Series_(100_JPEGs):/BWS_PS_154.jpg,2026-05-06 10:56:46
02_Photo_Booth _Series_(100_JPEGs):,BWS_PS_155.jpg,Brett Williams Studios LLC,Brett Williams,100% Chain of Title (Non-Scraped),17 U.S.C. § 106,Mandatory Disclosure Summary,0e8b2600a081b49627fcac0c8aada8de,Ai_Samples _Ready/02_Photo_Booth _Series_(100_JPEGs):/BWS_PS_155.jpg,2026-05-06 10:56:46
02_Photo_Booth _Series_(100_JPEGs):,BWS_PS_141.jpg,Brett Williams Studios LLC,Brett Williams,100% Chain of Title (Non-Scraped),17 U.S.C. § 106,Mandatory Disclosure Summary,7342ededc01818d8f7b458d9bad7a1ae,Ai_Samples _Ready/02_Photo_Booth _Series_(100_JPEGs):/BWS_PS_141.jpg,2026-05-06 10:56:46
02_Photo_Booth _Series_(100_JPEGs):,BWS_PS_145.jpg,Brett Williams Studios LLC,Brett Williams,100% Chain of Title (Non-Scraped),17 U.S.C. § 106,Mandatory Disclosure Summary,c8cfd0b7ca782d45d8bbf4a346970376,Ai_Samples _Ready/02_Photo_Booth _Series_(100_JPEGs):/BWS_PS_145.jpg,2026-05-06 10:56:46
02_Photo_Booth _Series_(100_JPEGs):,BWS_PS_151.jpg,Brett Williams Studios LLC,Brett Williams,100% Chain of Title (Non-Scraped),17 U.S.C. § 106,Mandatory Disclosure Summary,f17f79cbb12d23395a930fee1700de79,Ai_Samples _Ready/02_Photo_Booth _Series_(100_JPEGs):/BWS_PS_151.jpg,2026-05-06 10:56:46
02_Photo_Booth _Series_(100_JPEGs):,BWS_PS_150.jpg,Brett Williams Studios LLC,Brett Williams,100% Chain of Title (Non-Scraped),17 U.S.C. § 106,Mandatory Disclosure Summary,244004481ee69285c784eb4362e017ea,Ai_Samples _Ready/02_Photo_Booth _Series_(100_JPEGs):/BWS_PS_150.jpg,2026-05-06 10:56:46
02_Photo_Booth _Series_(100_JPEGs):,BWS_PS_144.jpg,Brett Williams Studios LLC,Brett Williams,100% Chain of Title (Non-Scraped),17 U.S.C. § 106,Mandatory Disclosure Summary,d4cda3218afdc17b39bc37d1f078d4c1,Ai_Samples _Ready/02_Photo_Booth _Series_(100_JPEGs):/BWS_PS_144.jpg,2026-05-06 10:56:46
02_Photo_Booth _Series_(100_JPEGs):,BWS_PS_152.jpg,Brett Williams Studios LLC,Brett Williams,100% Chain of Title (Non-Scraped),17 U.S.C. § 106,Mandatory Disclosure Summary,3e647e757ceb3d593b05566ff7e04174,Ai_Samples _Ready/02_Photo_Booth _Series_(100_JPEGs):/BWS_PS_152.jpg,2026-05-06 10:56:46
02_Photo_Booth _Series_(100_JPEGs):,BWS_PS_146.jpg,Brett Williams Studios LLC,Brett Williams,100% Chain of Title (Non-Scraped),17 U.S.C. § 106,Mandatory Disclosure Summary,0724a1a9f8837133c2d7bf52fd9f4495,Ai_Samples _Ready/02_Photo_Booth _Series_(100_JPEGs):/BWS_PS_146.jpg,2026-05-06 10:56:46
02_Photo_Booth _Series_(100_JPEGs):,BWS_PS_147.jpg,Brett Williams Studios LLC,Brett Williams,100% Chain of Title (Non-Scraped),17 U.S.C. § 106,Mandatory Disclosure Summary,4ca81cbbb2a2e785fbfe6591ebcb5065,Ai_Samples _Ready/02_Photo_Booth _Series_(100_JPEGs):/BWS_PS_147.jpg,2026-05-06 10:56:46
02_Photo_Booth _Series_(100_JPEGs):,BWS_PS_153.jpg,Brett Williams Studios LLC,Brett Williams,100% Chain of Title (Non-Scraped),17 U.S.C. § 106,Mandatory Disclosure Summary,af1703932abfa8a6ac9c29f49d88dec8,Ai_Samples _Ready/02_Photo_Booth _Series_(100_JPEGs):/BWS_PS_153.jpg,2026-05-06 10:56:46
02_Photo_Booth _Series_(100_JPEGs):,BWS_PS_083.jpg,Brett Williams Studios LLC,Brett Williams,100% Chain of Title (Non-Scraped),17 U.S.C. § 106,Mandatory Disclosure Summary,c158775779c30097e0f664e65aa68a69,Ai_Samples _Ready/02_Photo_Booth _Series_(100_JPEGs):/BWS_PS_083.jpg,2026-05-06 10:56:46
02_Photo_Booth _Series_(100_JPEGs):,BWS_PS_097.jpg,Brett Williams Studios LLC,Brett Williams,100% Chain of Title (Non-Scraped),17 U.S.C. § 106,Mandatory Disclosure Summary,bb565bb6c04d73cb142944e749d55832,Ai_Samples _Ready/02_Photo_Booth _Series_(100_JPEGs):/BWS_PS_097.jpg,2026-05-06 10:56:46
02_Photo_Booth _Series_(100_JPEGs):,BWS_PS_068.jpg,Brett Williams Studios LLC,Brett Williams,100% Chain of Title (Non-Scraped),17 U.S.C. § 106,Mandatory Disclosure Summary,fbe992911ea5b59c92b4be8de50b5f63,Ai_Samples _Ready/02_Photo_Booth _Series_(100_JPEGs):/BWS_PS_068.jpg,2026-05-06 10:56:46
02_Photo_Booth _Series_(100_JPEGs):,BWS_PS_134.jpg,Brett Williams Studios LLC,Brett Williams,100% Chain of Title (Non-Scraped),17 U.S.C. § 106,Mandatory Disclosure Summary,702ec93fc918fb28d5935e325e4efe5f,Ai_Samples _Ready/02_Photo_Booth _Series_(100_JPEGs):/BWS_PS_134.jpg,2026-05-06 10:56:46
02_Photo_Booth _Series_(100_JPEGs):,BWS_PS_120.jpg,Brett Williams Studios LLC,Brett Williams,100% Chain of Title (Non-Scraped),17 U.S.C. § 106,Mandatory Disclosure Summary,25e6560f8a5a453f494248773a7fad2b,Ai_Samples _Ready/02_Photo_Booth _Series_(100_JPEGs):/BWS_PS_120.jpg,2026-05-06 10:56:46
02_Photo_Booth _Series_(100_JPEGs):,BWS_PS_108.jpg,Brett Williams Studios LLC,Brett Williams,100% Chain of Title (Non-Scraped),17 U.S.C. § 106,Mandatory Disclosure Summary,99df4f32fbd9ee4340d094476db06a58,Ai_Samples _Ready/02_Photo_Booth _Series_(100_JPEGs):/BWS_PS_108.jpg,2026-05-06 10:56:46
02_Photo_Booth _Series_(100_JPEGs):,BWS_PS_109.jpg,Brett Williams Studios LLC,Brett Williams,100% Chain of Title (Non-Scraped),17 U.S.C. § 106,Mandatory Disclosure Summary,1b00e1fe8bede1fda9eacce45c56eba2,Ai_Samples _Ready/02_Photo_Booth _Series_(100_JPEGs):/BWS_PS_109.jpg,2026-05-06 10:56:46
02_Photo_Booth _Series_(100_JPEGs):,BWS_PS_121.jpg,Brett Williams Studios LLC,Brett Williams,100% Chain of Title (Non-Scraped),17 U.S.C. § 106,Mandatory Disclosure Summary,29992cbff12128d1b08d566e2b8e9fb8,Ai_Samples _Ready/02_Photo_Booth _Series_(100_JPEGs):/BWS_PS_121.jpg,2026-05-06 10:56:46
02_Photo_Booth _Series_(100_JPEGs):,BWS_PS_135.jpg,Brett Williams Studios LLC,Brett Williams,100% Chain of Title (Non-Scraped),17 U.S.C. § 106,Mandatory Disclosure Summary,6cd7fa1f4dbed2963e12be7b816be1e7,Ai_Samples _Ready/02_Photo_Booth _Series_(100_JPEGs):/BWS_PS_135.jpg,2026-05-06 10:56:46
02_Photo_Booth _Series_(100_JPEGs):,BWS_PS_069.jpg,Brett Williams Studios LLC,Brett Williams,100% Chain of Title (Non-Scraped),17 U.S.C. § 106,Mandatory Disclosure Summary,b542462bcacd9272672cbdcc327c9f12,Ai_Samples _Ready/02_Photo_Booth _Series_(100_JPEGs):/BWS_PS_069.jpg,2026-05-06 10:56:46
02_Photo_Booth _Series_(100_JPEGs):,BWS_PS_096.jpg,Brett Williams Studios LLC,Brett Williams,100% Chain of Title (Non-Scraped),17 U.S.C. § 106,Mandatory Disclosure Summary,7dbfba58ad2cf526e34c622fd304ccae,Ai_Samples _Ready/02_Photo_Booth _Series_(100_JPEGs):/BWS_PS_096.jpg,2026-05-06 10:56:46
02_Photo_Booth _Series_(100_JPEGs):,BWS_PS_082.jpg,Brett Williams Studios LLC,Brett Williams,100% Chain of Title (Non-Scraped),17 U.S.C. § 106,Mandatory Disclosure Summary,d515a318e30a8eb73700ec0c81415109,Ai_Samples _Ready/02_Photo_Booth _Series_(100_JPEGs):/BWS_PS_082.jpg,2026-05-06 10:56:46
02_Photo_Booth _Series_(100_JPEGs):,BWS_PS_094.jpg,Brett Williams Studios LLC,Brett Williams,100% Chain of Title (Non-Scraped),17 U.S.C. § 106,Mandatory Disclosure Summary,27a54eb648d0c7c31fe099861bc2c7fc,Ai_Samples _Ready/02_Photo_Booth _Series_(100_JPEGs):/BWS_PS_094.jpg,2026-05-06 10:56:46
02_Photo_Booth _Series_(100_JPEGs):,BWS_PS_080.jpg,Brett Williams Studios LLC,Brett Williams,100% Chain of Title (Non-Scraped),17 U.S.C. § 106,Mandatory Disclosure Summary,9e6fb9282af4badc50ecc3e18de05d8b,Ai_Samples _Ready/02_Photo_Booth _Series_(100_JPEGs):/BWS_PS_080.jpg,2026-05-06 10:56:46
02_Photo_Booth _Series_(100_JPEGs):,BWS_PS_123.jpg,Brett Williams Studios LLC,Brett Williams,100% Chain of Title (Non-Scraped),17 U.S.C. § 106,Mandatory Disclosure Summary,4bf4a188cd5836eef8662b274059ef8b,Ai_Samples _Ready/02_Photo_Booth _Series_(100_JPEGs):/BWS_PS_123.jpg,2026-05-06 10:56:46
02_Photo_Booth _Series_(100_JPEGs):,BWS_PS_137.jpg,Brett Williams Studios LLC,Brett Williams,100% Chain of Title (Non-Scraped),17 U.S.C. § 106,Mandatory Disclosure Summary,8a1c9d898d7a30ac9c413db373fb7dbd,Ai_Samples _Ready/02_Photo_Booth _Series_(100_JPEGs):/BWS_PS_137.jpg,2026-05-06 10:56:46
02_Photo_Booth _Series_(100_JPEGs):,BWS_PS_136.jpg,Brett Williams Studios LLC,Brett Williams,100% Chain of Title (Non-Scraped),17 U.S.C. § 106,Mandatory Disclosure Summary,0f0721aa0c0439ff8fe7df3262b3122a,Ai_Samples _Ready/02_Photo_Booth _Series_(100_JPEGs):/BWS_PS_136.jpg,2026-05-06 10:56:46
02_Photo_Booth _Series_(100_JPEGs):,BWS_PS_122.jpg,Brett Williams Studios LLC,Brett Williams,100% Chain of Title (Non-Scraped),17 U.S.C. § 106,Mandatory Disclosure Summary,68bb9a4a17393d84e31e73336140917b,Ai_Samples _Ready/02_Photo_Booth _Series_(100_JPEGs):/BWS_PS_122.jpg,2026-05-06 10:56:46
02_Photo_Booth _Series_(100_JPEGs):,BWS_PS_081.jpg,Brett Williams Studios LLC,Brett Williams,100% Chain of Title (Non-Scraped),17 U.S.C. § 106,Mandatory Disclosure Summary,515c6b8e430e2bd9ab02995b2435dc8c,Ai_Samples _Ready/02_Photo_Booth _Series_(100_JPEGs):/BWS_PS_081.jpg,2026-05-06 10:56:46
02_Photo_Booth _Series_(100_JPEGs):,BWS_PS_095.jpg,Brett Williams Studios LLC,Brett Williams,100% Chain of Title (Non-Scraped),17 U.S.C. § 106,Mandatory Disclosure Summary,050f82d8482fb4b38a46085c641c81e6,Ai_Samples _Ready/02_Photo_Booth _Series_(100_JPEGs):/BWS_PS_095.jpg,2026-05-06 10:56:46
02_Photo_Booth _Series_(100_JPEGs):,BWS_PS_091.jpg,Brett Williams Studios LLC,Brett Williams,100% Chain of Title (Non-Scraped),17 U.S.C. § 106,Mandatory Disclosure Summary,8aa81f891b08b5a274aca76edc134021,Ai_Samples _Ready/02_Photo_Booth _Series_(100_JPEGs):/BWS_PS_091.jpg,2026-05-06 10:56:46
02_Photo_Booth _Series_(100_JPEGs):,BWS_PS_085.jpg,Brett Williams Studios LLC,Brett Williams,100% Chain of Title (Non-Scraped),17 U.S.C. § 106,Mandatory Disclosure Summary,1f8c5b434d616392cc6c37dec0244ca9,Ai_Samples _Ready/02_Photo_Booth _Series_(100_JPEGs):/BWS_PS_085.jpg,2026-05-06 10:56:46
02_Photo_Booth _Series_(100_JPEGs):,BWS_PS_126.jpg,Brett Williams Studios LLC,Brett Williams,100% Chain of Title (Non-Scraped),17 U.S.C. § 106,Mandatory Disclosure Summary,95d10aa5a4fbe2f9e67ab398a58392da,Ai_Samples _Ready/02_Photo_Booth _Series_(100_JPEGs):/BWS_PS_126.jpg,2026-05-06 10:56:46
02_Photo_Booth _Series_(100_JPEGs):,BWS_PS_132.jpg,Brett Williams Studios LLC,Brett Williams,100% Chain of Title (Non-Scraped),17 U.S.C. § 106,Mandatory Disclosure Summary,8fe1d81b4901454d733e88da9a2d6ff7,Ai_Samples _Ready/02_Photo_Booth _Series_(100_JPEGs):/BWS_PS_132.jpg,2026-05-06 10:56:46
02_Photo_Booth _Series_(100_JPEGs):,BWS_PS_133.jpg,Brett Williams Studios LLC,Brett Williams,100% Chain of Title (Non-Scraped),17 U.S.C. § 106,Mandatory Disclosure Summary,f7d41d9250db0a2e8f2696aae44557e7,Ai_Samples _Ready/02_Photo_Booth _Series_(100_JPEGs):/BWS_PS_133.jpg,2026-05-06 10:56:46
02_Photo_Booth _Series_(100_JPEGs):,BWS_PS_127.jpg,Brett Williams Studios LLC,Brett Williams,100% Chain of Title (Non-Scraped),17 U.S.C. § 106,Mandatory Disclosure Summary,1e9deaad502d15e1f4bfbc89f9894e64,Ai_Samples _Ready/02_Photo_Booth _Series_(100_JPEGs):/BWS_PS_127.jpg,2026-05-06 10:56:46
02_Photo_Booth _Series_(100_JPEGs):,BWS_PS_084.jpg,Brett Williams Studios LLC,Brett Williams,100% Chain of Title (Non-Scraped),17 U.S.C. § 106,Mandatory Disclosure Summary,38354f0cad698899b9cef558a532d83b,Ai_Samples _Ready/02_Photo_Booth _Series_(100_JPEGs):/BWS_PS_084.jpg,2026-05-06 10:56:46
02_Photo_Booth _Series_(100_JPEGs):,BWS_PS_090.jpg,Brett Williams Studios LLC,Brett Williams,100% Chain of Title (Non-Scraped),17 U.S.C. § 106,Mandatory Disclosure Summary,99c87ee7c9f22ad6ea2e352f7b7734eb,Ai_Samples _Ready/02_Photo_Booth _Series_(100_JPEGs):/BWS_PS_090.jpg,2026-05-06 10:56:46
02_Photo_Booth _Series_(100_JPEGs):,BWS_PS_086.jpg,Brett Williams Studios LLC,Brett Williams,100% Chain of Title (Non-Scraped),17 U.S.C. § 106,Mandatory Disclosure Summary,5b78042941113d6b908a3ec669fdf45c,Ai_Samples _Ready/02_Photo_Booth _Series_(100_JPEGs):/BWS_PS_086.jpg,2026-05-06 10:56:46
02_Photo_Booth _Series_(100_JPEGs):,BWS_PS_092.jpg,Brett Williams Studios LLC,Brett Williams,100% Chain of Title (Non-Scraped),17 U.S.C. § 106,Mandatory Disclosure Summary,01f9b84fd848ab424d8c8cb1c266bfd3,Ai_Samples _Ready/02_Photo_Booth _Series_(100_JPEGs):/BWS_PS_092.jpg,2026-05-06 10:56:46
02_Photo_Booth _Series_(100_JPEGs):,BWS_PS_079.jpg,Brett Williams Studios LLC,Brett Williams,100% Chain of Title (Non-Scraped),17 U.S.C. § 106,Mandatory Disclosure Summary,5e24e1df5c44d69b6c4e1399b43d0f46,Ai_Samples _Ready/02_Photo_Booth _Series_(100_JPEGs):/BWS_PS_079.jpg,2026-05-06 10:56:46
02_Photo_Booth _Series_(100_JPEGs):,BWS_PS_119.jpg,Brett Williams Studios LLC,Brett Williams,100% Chain of Title (Non-Scraped),17 U.S.C. § 106,Mandatory Disclosure Summary,5d6881559c9825e57cfca123755a8c8d,Ai_Samples _Ready/02_Photo_Booth _Series_(100_JPEGs):/BWS_PS_119.jpg,2026-05-06 10:56:46
02_Photo_Booth _Series_(100_JPEGs):,BWS_PS_131.jpg,Brett Williams Studios LLC,Brett Williams,100% Chain of Title (Non-Scraped),17 U.S.C. § 106,Mandatory Disclosure Summary,e3c98c77d95b39983889490cfd6de535,Ai_Samples _Ready/02_Photo_Booth _Series_(100_JPEGs):/BWS_PS_131.jpg,2026-05-06 10:56:46
02_Photo_Booth _Series_(100_JPEGs):,BWS_PS_125.jpg,Brett Williams Studios LLC,Brett Williams,100% Chain of Title (Non-Scraped),17 U.S.C. § 106,Mandatory Disclosure Summary,1e0cd124aee03f5b1dd37492aefc136f,Ai_Samples _Ready/02_Photo_Booth _Series_(100_JPEGs):/BWS_PS_125.jpg,2026-05-06 10:56:46
02_Photo_Booth _Series_(100_JPEGs):,BWS_PS_124.jpg,Brett Williams Studios LLC,Brett Williams,100% Chain of Title (Non-Scraped),17 U.S.C. § 106,Mandatory Disclosure Summary,f2eb45403858774a01825c090ca72cf2,Ai_Samples _Ready/02_Photo_Booth _Series_(100_JPEGs):/BWS_PS_124.jpg,2026-05-06 10:56:46
02_Photo_Booth _Series_(100_JPEGs):,BWS_PS_130.jpg,Brett Williams Studios LLC,Brett Williams,100% Chain of Title (Non-Scraped),17 U.S.C. § 106,Mandatory Disclosure Summary,1ea42c4d95e8d3e9d05375c6277ef6cc,Ai_Samples _Ready/02_Photo_Booth _Series_(100_JPEGs):/BWS_PS_130.jpg,2026-05-06 10:56:46
02_Photo_Booth _Series_(100_JPEGs):,BWS_PS_118.jpg,Brett Williams Studios LLC,Brett Williams,100% Chain of Title (Non-Scraped),17 U.S.C. § 106,Mandatory Disclosure Summary,406fbe4dba56c36fd0bc04911e63716b,Ai_Samples _Ready/02_Photo_Booth _Series_(100_JPEGs):/BWS_PS_118.jpg,2026-05-06 10:56:46
02_Photo_Booth _Series_(100_JPEGs):,BWS_PS_078.jpg,Brett Williams Studios LLC,Brett Williams,100% Chain of Title (Non-Scraped),17 U.S.C. § 106,Mandatory Disclosure Summary,a66a260f3aaf1712c190779b0620a67e,Ai_Samples _Ready/02_Photo_Booth _Series_(100_JPEGs):/BWS_PS_078.jpg,2026-05-06 10:56:46
02_Photo_Booth _Series_(100_JPEGs):,BWS_PS_093.jpg,Brett Williams Studios LLC,Brett Williams,100% Chain of Title (Non-Scraped),17 U.S.C. § 106,Mandatory Disclosure Summary,f8fca1e72bcee36f2381521933a8fee4,Ai_Samples _Ready/02_Photo_Booth _Series_(100_JPEGs):/BWS_PS_093.jpg,2026-05-06 10:56:46
02_Photo_Booth _Series_(100_JPEGs):,BWS_PS_087.jpg,Brett Williams Studios LLC,Brett Williams,100% Chain of Title (Non-Scraped),17 U.S.C. § 106,Mandatory Disclosure Summary,b68e8ac669e3c1399699dbf4a26ab915,Ai_Samples _Ready/02_Photo_Booth _Series_(100_JPEGs):/BWS_PS_087.jpg,2026-05-06 10:56:46
08_Executive_Portraits,06_BrianMajor-0111.jpg,Brett Williams Studios LLC,Brett Williams,100% Chain of Title (Non-Scraped),17 U.S.C. § 106,Mandatory Disclosure Summary,59c376644595e98f0815da51c38dfbd7,Ai_Samples _Ready/08_Executive_Portraits/06_BrianMajor-0111.jpg,2026-05-06 10:56:46
08_Executive_Portraits,16_JohnRobles-0259.jpg,Brett Williams Studios LLC,Brett Williams,100% Chain of Title (Non-Scraped),17 U.S.C. § 106,Mandatory Disclosure Summary,7be8c18cbb9484e0059bf9a962100e6d,Ai_Samples _Ready/08_Executive_Portraits/16_JohnRobles-0259.jpg,2026-05-06 10:56:46
08_Executive_Portraits,29_NateZaleski-0510.jpg,Brett Williams Studios LLC,Brett Williams,100% Chain of Title (Non-Scraped),17 U.S.C. § 106,Mandatory Disclosure Summary,532ca8b3317696085b04021a0f1cf4e1,Ai_Samples _Ready/08_Executive_Portraits/29_NateZaleski-0510.jpg,2026-05-06 10:56:46
08_Executive_Portraits,32_ChristinaWarner-0560.jpg,Brett Williams Studios LLC,Brett Williams,100% Chain of Title (Non-Scraped),17 U.S.C. § 106,Mandatory Disclosure Summary,3d1b98396122420d122c0fc7fc60141c,Ai_Samples _Ready/08_Executive_Portraits/32_ChristinaWarner-0560.jpg,2026-05-06 10:56:46
08_Executive_Portraits,32_ChristinaWarner-0574.jpg,Brett Williams Studios LLC,Brett Williams,100% Chain of Title (Non-Scraped),17 U.S.C. § 106,Mandatory Disclosure Summary,c4879400e65515749614e912c37f4caf,Ai_Samples _Ready/08_Executive_Portraits/32_ChristinaWarner-0574.jpg,2026-05-06 10:56:46
08_Executive_Portraits,04_MATTHEWBREWER-0079.jpg,Brett Williams Studios LLC,Brett Williams,100% Chain of Title (Non-Scraped),17 U.S.C. § 106,Mandatory Disclosure Summary,5f16f126193b4c37e3986461a5acf4df,Ai_Samples _Ready/08_Executive_Portraits/04_MATTHEWBREWER-0079.jpg,2026-05-06 10:56:46
08_Executive_Portraits,20_KarieDeGraffenreid-0346.jpg,Brett Williams Studios LLC,Brett Williams,100% Chain of Title (Non-Scraped),17 U.S.C. § 106,Mandatory Disclosure Summary,823adea3aa00b3c07da9c4f657c9b3aa,Ai_Samples _Ready/08_Executive_Portraits/20_KarieDeGraffenreid-0346.jpg,2026-05-06 10:56:46
08_Executive_Portraits,20_KarieDeGraffenreid-0352.jpg,Brett Williams Studios LLC,Brett Williams,100% Chain of Title (Non-Scraped),17 U.S.C. § 106,Mandatory Disclosure Summary,ba2b18182338bc3cc647b3eb9538b878,Ai_Samples _Ready/08_Executive_Portraits/20_KarieDeGraffenreid-0352.jpg,2026-05-06 10:56:46
08_Executive_Portraits,31_HeatherWhite-0543.jpg,Brett Williams Studios LLC,Brett Williams,100% Chain of Title (Non-Scraped),17 U.S.C. § 106,Mandatory Disclosure Summary,6813e3e8c20ffe71496a46cf59fcc53b,Ai_Samples _Ready/08_Executive_Portraits/31_HeatherWhite-0543.jpg,2026-05-06 10:56:46
08_Executive_Portraits,03_JennifferYellin-0068.jpg,Brett Williams Studios LLC,Brett Williams,100% Chain of Title (Non-Scraped),17 U.S.C. § 106,Mandatory Disclosure Summary,c704b0c594c4b11fb8675b3db80684b8,Ai_Samples _Ready/08_Executive_Portraits/03_JennifferYellin-0068.jpg,2026-05-06 10:56:46
08_Executive_Portraits,49_GaryRinedollar-0859.jpg,Brett Williams Studios LLC,Brett Williams,100% Chain of Title (Non-Scraped),17 U.S.C. § 106,Mandatory Disclosure Summary,2542829013b37eb3817a84faf94fd448,Ai_Samples _Ready/08_Executive_Portraits/49_GaryRinedollar-0859.jpg,2026-05-06 10:56:46
08_Executive_Portraits,64_StaceyEpstein-1088.jpg,Brett Williams Studios LLC,Brett Williams,100% Chain of Title (Non-Scraped),17 U.S.C. § 106,Mandatory Disclosure Summary,4d145fd2c4a174162c35e51bb20c3674,Ai_Samples _Ready/08_Executive_Portraits/64_StaceyEpstein-1088.jpg,2026-05-06 10:56:46
08_Executive_Portraits,57_ThomasIlic-0988.jpg,Brett Williams Studios LLC,Brett Williams,100% Chain of Title (Non-Scraped),17 U.S.C. § 106,Mandatory Disclosure Summary,70bcc04347b311a091f52e3f8e26c57a,Ai_Samples _Ready/08_Executive_Portraits/57_ThomasIlic-0988.jpg,2026-05-06 10:56:46
08_Executive_Portraits,64_StaceyEpstein-1103.jpg,Brett Williams Studios LLC,Brett Williams,100% Chain of Title (Non-Scraped),17 U.S.C. § 106,Mandatory Disclosure Summary,f7a808469b01e28557d4fd372073548f,Ai_Samples _Ready/08_Executive_Portraits/64_StaceyEpstein-1103.jpg,2026-05-06 10:56:46
08_Executive_Portraits,19_PaigeKarno-0397.jpg,Brett Williams Studios LLC,Brett Williams,100% Chain of Title (Non-Scraped),17 U.S.C. § 106,Mandatory Disclosure Summary,cc59efdba489d2936171c32b2c41857f,Ai_Samples _Ready/08_Executive_Portraits/19_PaigeKarno-0397.jpg,2026-05-06 10:56:46
08_Executive_Portraits,33_JoeSimoni-0597.jpg,Brett Williams Studios LLC,Brett Williams,100% Chain of Title (Non-Scraped),17 U.S.C. § 106,Mandatory Disclosure Summary,f33d54c1e63d462ae7a84557a85cae3a,Ai_Samples _Ready/08_Executive_Portraits/33_JoeSimoni-0597.jpg,2026-05-06 10:56:46
08_Executive_Portraits,34_SteveTripp-0606.jpg,Brett Williams Studios LLC,Brett Williams,100% Chain of Title (Non-Scraped),17 U.S.C. § 106,Mandatory Disclosure Summary,65efb47ec178c6025500af66589b268e,Ai_Samples _Ready/08_Executive_Portraits/34_SteveTripp-0606.jpg,2026-05-06 10:56:46
08_Executive_Portraits,45_ShannonRevolinski-0762.jpg,Brett Williams Studios LLC,Brett Williams,100% Chain of Title (Non-Scraped),17 U.S.C. § 106,Mandatory Disclosure Summary,097206fe4a1be52a2caa5a13621fc602,Ai_Samples _Ready/08_Executive_Portraits/45_ShannonRevolinski-0762.jpg,2026-05-06 10:56:46
08_Executive_Portraits,12_TimothyBowen-0194.jpg,Brett Williams Studios LLC,Brett Williams,100% Chain of Title (Non-Scraped),17 U.S.C. § 106,Mandatory Disclosure Summary,cc966e934e468f148c6576a27c629f30,Ai_Samples _Ready/08_Executive_Portraits/12_TimothyBowen-0194.jpg,2026-05-06 10:56:46
08_Executive_Portraits,21_TomStille-0375.jpg,Brett Williams Studios LLC,Brett Williams,100% Chain of Title (Non-Scraped),17 U.S.C. § 106,Mandatory Disclosure Summary,a4f2d385b33d451dc2ce4352e3e30c96,Ai_Samples _Ready/08_Executive_Portraits/21_TomStille-0375.jpg,2026-05-06 10:56:46
08_Executive_Portraits,37_RayMorley-0643.jpg,Brett Williams Studios LLC,Brett Williams,100% Chain of Title (Non-Scraped),17 U.S.C. § 106,Mandatory Disclosure Summary,5265fa362f004323e66eff4dd7269e9d,Ai_Samples _Ready/08_Executive_Portraits/37_RayMorley-0643.jpg,2026-05-06 10:56:46
08_Executive_Portraits,25_AllanAlexopulos-0463.jpg,Brett Williams Studios LLC,Brett Williams,100% Chain of Title (Non-Scraped),17 U.S.C. § 106,Mandatory Disclosure Summary,e05f7f13ebd921c5460ccdd48bac1e52,Ai_Samples _Ready/08_Executive_Portraits/25_AllanAlexopulos-0463.jpg,2026-05-06 10:56:46
08_Executive_Portraits,36_ParkerGeorge-0631.jpg,Brett Williams Studios LLC,Brett Williams,100% Chain of Title (Non-Scraped),17 U.S.C. § 106,Mandatory Disclosure Summary,4b60aecbea6eca1365f4f1d7009f82c4,Ai_Samples _Ready/08_Executive_Portraits/36_ParkerGeorge-0631.jpg,2026-05-06 10:56:46
08_Executive_Portraits,25_AllanAlexopulos-0462.jpg,Brett Williams Studios LLC,Brett Williams,100% Chain of Title (Non-Scraped),17 U.S.C. § 106,Mandatory Disclosure Summary,9d94546e264275bd15cf034d74a68678,Ai_Samples _Ready/08_Executive_Portraits/25_AllanAlexopulos-0462.jpg,2026-05-06 10:56:46
08_Executive_Portraits,00_Test-0157.jpg,Brett Williams Studios LLC,Brett Williams,100% Chain of Title (Non-Scraped),17 U.S.C. § 106,Mandatory Disclosure Summary,963d9c1db508b5d6fc8290a7a3e6bad9,Ai_Samples _Ready/08_Executive_Portraits/00_Test-0157.jpg,2026-05-06 10:56:46
08_Executive_Portraits,12_TimothyBowen-0195.jpg,Brett Williams Studios LLC,Brett Williams,100% Chain of Title (Non-Scraped),17 U.S.C. § 106,Mandatory Disclosure Summary,31fdbef6abcff4e29e15f793467caa15,Ai_Samples _Ready/08_Executive_Portraits/12_TimothyBowen-0195.jpg,2026-05-06 10:56:46
08_Executive_Portraits,37_RayMorley-0642.jpg,Brett Williams Studios LLC,Brett Williams,100% Chain of Title (Non-Scraped),17 U.S.C. § 106,Mandatory Disclosure Summary,45aadc924b2c9f55f79e4ef75f480bf7,Ai_Samples _Ready/08_Executive_Portraits/37_RayMorley-0642.jpg,2026-05-06 10:56:46
08_Executive_Portraits,21_TomStille-0374.jpg,Brett Williams Studios LLC,Brett Williams,100% Chain of Title (Non-Scraped),17 U.S.C. § 106,Mandatory Disclosure Summary,ced3927895e957ff0a71e13c3362e463,Ai_Samples _Ready/08_Executive_Portraits/21_TomStille-0374.jpg,2026-05-06 10:56:46
08_Executive_Portraits,45_ShannonRevolinski-0777.jpg,Brett Williams Studios LLC,Brett Williams,100% Chain of Title (Non-Scraped),17 U.S.C. § 106,Mandatory Disclosure Summary,9ffd524acbf3b4614fab1427bdd9b72a,Ai_Samples _Ready/08_Executive_Portraits/45_ShannonRevolinski-0777.jpg,2026-05-06 10:56:46
08_Executive_Portraits,45_ShannonRevolinski-0763.jpg,Brett Williams Studios LLC,Brett Williams,100% Chain of Title (Non-Scraped),17 U.S.C. § 106,Mandatory Disclosure Summary,bb0732c331decf543384ab19f233db19,Ai_Samples _Ready/08_Executive_Portraits/45_ShannonRevolinski-0763.jpg,2026-05-06 10:56:46
08_Executive_Portraits,34_SteveTripp-0607.jpg,Brett Williams Studios LLC,Brett Williams,100% Chain of Title (Non-Scraped),17 U.S.C. § 106,Mandatory Disclosure Summary,b3495beadf31ac2162f2bbfef024db70,Ai_Samples _Ready/08_Executive_Portraits/34_SteveTripp-0607.jpg,2026-05-06 10:56:46
08_Executive_Portraits,34_SteveTripp-0613.jpg,Brett Williams Studios LLC,Brett Williams,100% Chain of Title (Non-Scraped),17 U.S.C. § 106,Mandatory Disclosure Summary,55e1926751f119ae5fef3aeb1c0110b0,Ai_Samples _Ready/08_Executive_Portraits/34_SteveTripp-0613.jpg,2026-05-06 10:56:46
08_Executive_Portraits,40_LeoRota-0685.jpg,Brett Williams Studios LLC,Brett Williams,100% Chain of Title (Non-Scraped),17 U.S.C. § 106,Mandatory Disclosure Summary,c0d0edd4443aa4bb0992b2812f2f0978,Ai_Samples _Ready/08_Executive_Portraits/40_LeoRota-0685.jpg,2026-05-06 10:56:46
08_Executive_Portraits,33_JoeSimoni-0596.jpg,Brett Williams Studios LLC,Brett Williams,100% Chain of Title (Non-Scraped),17 U.S.C. § 106,Mandatory Disclosure Summary,4298592f76ea2dc6848dbb49082b6b48,Ai_Samples _Ready/08_Executive_Portraits/33_JoeSimoni-0596.jpg,2026-05-06 10:56:46
08_Executive_Portraits,62_VasuprakashJinka-1068.jpg,Brett Williams Studios LLC,Brett Williams,100% Chain of Title (Non-Scraped),17 U.S.C. § 106,Mandatory Disclosure Summary,7c9556c087433c9a9d330ff4e38c0acf,Ai_Samples _Ready/08_Executive_Portraits/62_VasuprakashJinka-1068.jpg,2026-05-06 10:56:46
08_Executive_Portraits,40_LeoRota-0691.jpg,Brett Williams Studios LLC,Brett Williams,100% Chain of Title (Non-Scraped),17 U.S.C. § 106,Mandatory Disclosure Summary,24e7907141c8bdbbc09b7dd02aae6ec0,Ai_Samples _Ready/08_Executive_Portraits/40_LeoRota-0691.jpg,2026-05-06 10:56:46
08_Executive_Portraits,51_MattHurst-0879.jpg,Brett Williams Studios LLC,Brett Williams,100% Chain of Title (Non-Scraped),17 U.S.C. § 106,Mandatory Disclosure Summary,bf65ac84afc5d0ed825e325fee2c5c15,Ai_Samples _Ready/08_Executive_Portraits/51_MattHurst-0879.jpg,2026-05-06 10:56:46
08_Executive_Portraits,57_ThomasIlic-0989.jpg,Brett Williams Studios LLC,Brett Williams,100% Chain of Title (Non-Scraped),17 U.S.C. § 106,Mandatory Disclosure Summary,4873036b7dcd988a1bbed4932ba53ce6,Ai_Samples _Ready/08_Executive_Portraits/57_ThomasIlic-0989.jpg,2026-05-06 10:56:46
08_Executive_Portraits,64_StaceyEpstein-1089.jpg,Brett Williams Studios LLC,Brett Williams,100% Chain of Title (Non-Scraped),17 U.S.C. § 106,Mandatory Disclosure Summary,dd6ca996068c2fdbfb87a52b208bfc07,Ai_Samples _Ready/08_Executive_Portraits/64_StaceyEpstein-1089.jpg,2026-05-06 10:56:46
08_Executive_Portraits,49_GaryRinedollar-0858.jpg,Brett Williams Studios LLC,Brett Williams,100% Chain of Title (Non-Scraped),17 U.S.C. § 106,Mandatory Disclosure Summary,311703974b32428ff4f0cf3a9c4ffc2c,Ai_Samples _Ready/08_Executive_Portraits/49_GaryRinedollar-0858.jpg,2026-05-06 10:56:46
08_Executive_Portraits,03_JennifferYellin-0069.jpg,Brett Williams Studios LLC,Brett Williams,100% Chain of Title (Non-Scraped),17 U.S.C. § 106,Mandatory Disclosure Summary,084c709c495a04b17e7bcae779691a8e,Ai_Samples _Ready/08_Executive_Portraits/03_JennifferYellin-0069.jpg,2026-05-06 10:56:46
08_Executive_Portraits,20_KarieDeGraffenreid-0353.jpg,Brett Williams Studios LLC,Brett Williams,100% Chain of Title (Non-Scraped),17 U.S.C. § 106,Mandatory Disclosure Summary,52eeb9e747cbf7b0ff66b4f09dda5ab7,Ai_Samples _Ready/08_Executive_Portraits/20_KarieDeGraffenreid-0353.jpg,2026-05-06 10:56:46
08_Executive_Portraits,20_KarieDeGraffenreid-0347.jpg,Brett Williams Studios LLC,Brett Williams,100% Chain of Title (Non-Scraped),17 U.S.C. § 106,Mandatory Disclosure Summary,8a64ad3bda94f73f1129cb5252018607,Ai_Samples _Ready/08_Executive_Portraits/20_KarieDeGraffenreid-0347.jpg,2026-05-06 10:56:46
08_Executive_Portraits,04_MATTHEWBREWER-0078.jpg,Brett Williams Studios LLC,Brett Williams,100% Chain of Title (Non-Scraped),17 U.S.C. § 106,Mandatory Disclosure Summary,9b349ce2b1f2c6e5defc09544422ac06,Ai_Samples _Ready/08_Executive_Portraits/04_MATTHEWBREWER-0078.jpg,2026-05-06 10:56:46
08_Executive_Portraits,32_ChristinaWarner-0575.jpg,Brett Williams Studios LLC,Brett Williams,100% Chain of Title (Non-Scraped),17 U.S.C. § 106,Mandatory Disclosure Summary,58a9427bda3359816c8ef01ecd6c098c,Ai_Samples _Ready/08_Executive_Portraits/32_ChristinaWarner-0575.jpg,2026-05-06 10:56:46
08_Executive_Portraits,29_NateZaleski-0505.jpg,Brett Williams Studios LLC,Brett Williams,100% Chain of Title (Non-Scraped),17 U.S.C. § 106,Mandatory Disclosure Summary,f07e0453327c7d97eff9cc205d84d2e9,Ai_Samples _Ready/08_Executive_Portraits/29_NateZaleski-0505.jpg,2026-05-06 10:56:46
08_Executive_Portraits,29_NateZaleski-0511.jpg,Brett Williams Studios LLC,Brett Williams,100% Chain of Title (Non-Scraped),17 U.S.C. § 106,Mandatory Disclosure Summary,d4f823290a0c89abd3d7c5b46828e933,Ai_Samples _Ready/08_Executive_Portraits/29_NateZaleski-0511.jpg,2026-05-06 10:56:46
08_Executive_Portraits,32_ChristinaWarner-0561.jpg,Brett Williams Studios LLC,Brett Williams,100% Chain of Title (Non-Scraped),17 U.S.C. § 106,Mandatory Disclosure Summary,4ff8bee1aed16f9fe779da54fbf204ff,Ai_Samples _Ready/08_Executive_Portraits/32_ChristinaWarner-0561.jpg,2026-05-06 10:56:46
08_Executive_Portraits,16_JohnRobles-0264.jpg,Brett Williams Studios LLC,Brett Williams,100% Chain of Title (Non-Scraped),17 U.S.C. § 106,Mandatory Disclosure Summary,b46f24076f0b4970262939bfbe1a1d2d,Ai_Samples _Ready/08_Executive_Portraits/16_JohnRobles-0264.jpg,2026-05-06 10:56:46
08_Executive_Portraits,32_ChristinaWarner-0588.jpg,Brett Williams Studios LLC,Brett Williams,100% Chain of Title (Non-Scraped),17 U.S.C. § 106,Mandatory Disclosure Summary,ae92f3d85e882a67fa41deae661294dd,Ai_Samples _Ready/08_Executive_Portraits/32_ChristinaWarner-0588.jpg,2026-05-06 10:56:46
08_Executive_Portraits,06_BrianMajor-0112.jpg,Brett Williams Studios LLC,Brett Williams,100% Chain of Title (Non-Scraped),17 U.S.C. § 106,Mandatory Disclosure Summary,04b3e82c5a811d2177ab28415b15dd78,Ai_Samples _Ready/08_Executive_Portraits/06_BrianMajor-0112.jpg,2026-05-06 10:56:46
08_Executive_Portraits,24_OrlandoRamirez-0445.jpg,Brett Williams Studios LLC,Brett Williams,100% Chain of Title (Non-Scraped),17 U.S.C. § 106,Mandatory Disclosure Summary,501b1a2b607ed0c01dc3cccf60b08df6,Ai_Samples _Ready/08_Executive_Portraits/24_OrlandoRamirez-0445.jpg,2026-05-06 10:56:46
08_Executive_Portraits,43_JohnSears-0742.jpg,Brett Williams Studios LLC,Brett Williams,100% Chain of Title (Non-Scraped),17 U.S.C. § 106,Mandatory Disclosure Summary,cf9b7fe2dc04e9d136f99504d2093b75,Ai_Samples _Ready/08_Executive_Portraits/43_JohnSears-0742.jpg,2026-05-06 10:56:46
08_Executive_Portraits,29_NateZaleski-0507.jpg,Brett Williams Studios LLC,Brett Williams,100% Chain of Title (Non-Scraped),17 U.S.C. § 106,Mandatory Disclosure Summary,c1783f4d913926dbd83a91102bec90b7,Ai_Samples _Ready/08_Executive_Portraits/29_NateZaleski-0507.jpg,2026-05-06 10:56:46
08_Executive_Portraits,32_ChristinaWarner-0577.jpg,Brett Williams Studios LLC,Brett Williams,100% Chain of Title (Non-Scraped),17 U.S.C. § 106,Mandatory Disclosure Summary,c1778225fc879e8989e3c041216bb150,Ai_Samples _Ready/08_Executive_Portraits/32_ChristinaWarner-0577.jpg,2026-05-06 10:56:46
08_Executive_Portraits,32_ChristinaWarner-0563.jpg,Brett Williams Studios LLC,Brett Williams,100% Chain of Title (Non-Scraped),17 U.S.C. § 106,Mandatory Disclosure Summary,77daf490f349f27355a80ad9abda04c4,Ai_Samples _Ready/08_Executive_Portraits/32_ChristinaWarner-0563.jpg,2026-05-06 10:56:46
08_Executive_Portraits,20_KarieDeGraffenreid-0345.jpg,Brett Williams Studios LLC,Brett Williams,100% Chain of Title (Non-Scraped),17 U.S.C. § 106,Mandatory Disclosure Summary,6ec0b882797fa6bb5f039045bed938bc,Ai_Samples _Ready/08_Executive_Portraits/20_KarieDeGraffenreid-0345.jpg,2026-05-06 10:56:46
08_Executive_Portraits,31_HeatherWhite-0540.jpg,Brett Williams Studios LLC,Brett Williams,100% Chain of Title (Non-Scraped),17 U.S.C. § 106,Mandatory Disclosure Summary,cb582c778af3b9c2d8f3838f6c1ea17a,Ai_Samples _Ready/08_Executive_Portraits/31_HeatherWhite-0540.jpg,2026-05-06 10:56:46
08_Executive_Portraits,15_SteveNava-0236.jpg,Brett Williams Studios LLC,Brett Williams,100% Chain of Title (Non-Scraped),17 U.S.C. § 106,Mandatory Disclosure Summary,156075ffe6b3b2227344bdc19340bdb0,Ai_Samples _Ready/08_Executive_Portraits/15_SteveNava-0236.jpg,2026-05-06 10:56:46
08_Executive_Portraits,64_StaceyEpstein-1100.jpg,Brett Williams Studios LLC,Brett Williams,100% Chain of Title (Non-Scraped),17 U.S.C. § 106,Mandatory Disclosure Summary,d639b69d15a25c2391ace3651a2a3a43,Ai_Samples _Ready/08_Executive_Portraits/64_StaceyEpstein-1100.jpg,2026-05-06 10:56:46
08_Executive_Portraits,40_LeoRota-0687.jpg,Brett Williams Studios LLC,Brett Williams,100% Chain of Title (Non-Scraped),17 U.S.C. § 106,Mandatory Disclosure Summary,1dea9a33cc57abb9a98b490ed3fee931,Ai_Samples _Ready/08_Executive_Portraits/40_LeoRota-0687.jpg,2026-05-06 10:56:46
08_Executive_Portraits,40_LeoRota-0693.jpg,Brett Williams Studios LLC,Brett Williams,100% Chain of Title (Non-Scraped),17 U.S.C. § 106,Mandatory Disclosure Summary,0928339f3f51377d82b3ee345941f117,Ai_Samples _Ready/08_Executive_Portraits/40_LeoRota-0693.jpg,2026-05-06 10:56:46
08_Executive_Portraits,33_JoeSimoni-0594.jpg,Brett Williams Studios LLC,Brett Williams,100% Chain of Title (Non-Scraped),17 U.S.C. § 106,Mandatory Disclosure Summary,88c0ae381407cefddc1e1cf2aa75048d,Ai_Samples _Ready/08_Executive_Portraits/33_JoeSimoni-0594.jpg,2026-05-06 10:56:46
08_Executive_Portraits,19_PaigeKarno-0394.jpg,Brett Williams Studios LLC,Brett Williams,100% Chain of Title (Non-Scraped),17 U.S.C. § 106,Mandatory Disclosure Summary,924ce2c0e9dcb444bd14009533ce7bff,Ai_Samples _Ready/08_Executive_Portraits/19_PaigeKarno-0394.jpg,2026-05-06 10:56:46
08_Executive_Portraits,62_VasuprakashJinka-1056.jpg,Brett Williams Studios LLC,Brett Williams,100% Chain of Title (Non-Scraped),17 U.S.C. § 106,Mandatory Disclosure Summary,be4e69c1aca26b36973d80d16e377487,Ai_Samples _Ready/08_Executive_Portraits/62_VasuprakashJinka-1056.jpg,2026-05-06 10:56:46
08_Executive_Portraits,51_MattHurst-0884.jpg,Brett Williams Studios LLC,Brett Williams,100% Chain of Title (Non-Scraped),17 U.S.C. § 106,Mandatory Disclosure Summary,781466bf7211803bf0e1350d37b1be61,Ai_Samples _Ready/08_Executive_Portraits/51_MattHurst-0884.jpg,2026-05-06 10:56:46
08_Executive_Portraits,34_SteveTripp-0605.jpg,Brett Williams Studios LLC,Brett Williams,100% Chain of Title (Non-Scraped),17 U.S.C. § 106,Mandatory Disclosure Summary,d7d7548fd42d6000ba8f1398c78eda7d,Ai_Samples _Ready/08_Executive_Portraits/34_SteveTripp-0605.jpg,2026-05-06 10:56:46
08_Executive_Portraits,45_ShannonRevolinski-0775.jpg,Brett Williams Studios LLC,Brett Williams,100% Chain of Title (Non-Scraped),17 U.S.C. § 106,Mandatory Disclosure Summary,043c23aea7cf1461e2ed8e751ec5502f,Ai_Samples _Ready/08_Executive_Portraits/45_ShannonRevolinski-0775.jpg,2026-05-06 10:56:46
08_Executive_Portraits,45_ShannonRevolinski-0761.jpg,Brett Williams Studios LLC,Brett Williams,100% Chain of Title (Non-Scraped),17 U.S.C. § 106,Mandatory Disclosure Summary,1afb39c834b7b2411fa662fd524b4517,Ai_Samples _Ready/08_Executive_Portraits/45_ShannonRevolinski-0761.jpg,2026-05-06 10:56:46
08_Executive_Portraits,21_TomStille-0376.jpg,Brett Williams Studios LLC,Brett Williams,100% Chain of Title (Non-Scraped),17 U.S.C. § 106,Mandatory Disclosure Summary,2cd1fe12383dac5f191d7c8163e06c8d,Ai_Samples _Ready/08_Executive_Portraits/21_TomStille-0376.jpg,2026-05-06 10:56:46
08_Executive_Portraits,12_TimothyBowen-0183.jpg,Brett Williams Studios LLC,Brett Williams,100% Chain of Title (Non-Scraped),17 U.S.C. § 106,Mandatory Disclosure Summary,ba07d568048ae780c9bba256b5f2e23b,Ai_Samples _Ready/08_Executive_Portraits/12_TimothyBowen-0183.jpg,2026-05-06 10:56:46
08_Executive_Portraits,36_ParkerGeorge-0632.jpg,Brett Williams Studios LLC,Brett Williams,100% Chain of Title (Non-Scraped),17 U.S.C. § 106,Mandatory Disclosure Summary,587b5709800e4a345e93b9660912d95a,Ai_Samples _Ready/08_Executive_Portraits/36_ParkerGeorge-0632.jpg,2026-05-06 10:56:46
08_Executive_Portraits,25_AllanAlexopulos-0460.jpg,Brett Williams Studios LLC,Brett Williams,100% Chain of Title (Non-Scraped),17 U.S.C. § 106,Mandatory Disclosure Summary,92bd22f01fe54061e3697fe84c43a7da,Ai_Samples _Ready/08_Executive_Portraits/25_AllanAlexopulos-0460.jpg,2026-05-06 10:56:46
08_Executive_Portraits,07_LaddLaird-0119.jpg,Brett Williams Studios LLC,Brett Williams,100% Chain of Title (Non-Scraped),17 U.S.C. § 106,Mandatory Disclosure Summary,a584e5cbd063c199cf5c9fcb063d33c1,Ai_Samples _Ready/08_Executive_Portraits/07_LaddLaird-0119.jpg,2026-05-06 10:56:46
08_Executive_Portraits,07_LaddLaird-0118.jpg,Brett Williams Studios LLC,Brett Williams,100% Chain of Title (Non-Scraped),17 U.S.C. § 106,Mandatory Disclosure Summary,6443d67e7bbf8d1f42dac35b46ee4545,Ai_Samples _Ready/08_Executive_Portraits/07_LaddLaird-0118.jpg,2026-05-06 10:56:46
08_Executive_Portraits,37_RayMorley-0641.jpg,Brett Williams Studios LLC,Brett Williams,100% Chain of Title (Non-Scraped),17 U.S.C. § 106,Mandatory Disclosure Summary,f90926d891d37ed5deff16b849c2d296,Ai_Samples _Ready/08_Executive_Portraits/37_RayMorley-0641.jpg,2026-05-06 10:56:46
08_Executive_Portraits,12_TimothyBowen-0196.jpg,Brett Williams Studios LLC,Brett Williams,100% Chain of Title (Non-Scraped),17 U.S.C. § 106,Mandatory Disclosure Summary,067d59c64cecd5774f5c3f65b431f661,Ai_Samples _Ready/08_Executive_Portraits/12_TimothyBowen-0196.jpg,2026-05-06 10:56:46
08_Executive_Portraits,34_SteveTripp-0604.jpg,Brett Williams Studios LLC,Brett Williams,100% Chain of Title (Non-Scraped),17 U.S.C. § 106,Mandatory Disclosure Summary,c3e950988739c0df7cdf974f9512ef3b,Ai_Samples _Ready/08_Executive_Portraits/34_SteveTripp-0604.jpg,2026-05-06 10:56:46
08_Executive_Portraits,62_VasuprakashJinka-1057.jpg,Brett Williams Studios LLC,Brett Williams,100% Chain of Title (Non-Scraped),17 U.S.C. § 106,Mandatory Disclosure Summary,da9347cace1d6d70b04bcb58ef5d62ac,Ai_Samples _Ready/08_Executive_Portraits/62_VasuprakashJinka-1057.jpg,2026-05-06 10:56:46
08_Executive_Portraits,33_JoeSimoni-0595.jpg,Brett Williams Studios LLC,Brett Williams,100% Chain of Title (Non-Scraped),17 U.S.C. § 106,Mandatory Disclosure Summary,c8fe476b62308f2570561d7e4a10ff9c,Ai_Samples _Ready/08_Executive_Portraits/33_JoeSimoni-0595.jpg,2026-05-06 10:56:46
08_Executive_Portraits,19_PaigeKarno-0395.jpg,Brett Williams Studios LLC,Brett Williams,100% Chain of Title (Non-Scraped),17 U.S.C. § 106,Mandatory Disclosure Summary,9cd5c8215a5d83e70af0d6aa8a1f3586,Ai_Samples _Ready/08_Executive_Portraits/19_PaigeKarno-0395.jpg,2026-05-06 10:56:46
08_Executive_Portraits,40_LeoRota-0686.jpg,Brett Williams Studios LLC,Brett Williams,100% Chain of Title (Non-Scraped),17 U.S.C. § 106,Mandatory Disclosure Summary,c6f79bed233fd3fb3f293780a8e8844a,Ai_Samples _Ready/08_Executive_Portraits/40_LeoRota-0686.jpg,2026-05-06 10:56:46
08_Executive_Portraits,64_StaceyEpstein-1101.jpg,Brett Williams Studios LLC,Brett Williams,100% Chain of Title (Non-Scraped),17 U.S.C. § 106,Mandatory Disclosure Summary,3367aaa7d54998f1e1479d5250b83efb,Ai_Samples _Ready/08_Executive_Portraits/64_StaceyEpstein-1101.jpg,2026-05-06 10:56:46
08_Executive_Portraits,15_SteveNava-0237.jpg,Brett Williams Studios LLC,Brett Williams,100% Chain of Title (Non-Scraped),17 U.S.C. § 106,Mandatory Disclosure Summary,53a7d43c67faa429e136921aa8b39610,Ai_Samples _Ready/08_Executive_Portraits/15_SteveNava-0237.jpg,2026-05-06 10:56:46
08_Executive_Portraits,31_HeatherWhite-0541.jpg,Brett Williams Studios LLC,Brett Williams,100% Chain of Title (Non-Scraped),17 U.S.C. § 106,Mandatory Disclosure Summary,54f391d4f224668b7db7670ab5fe9aa2,Ai_Samples _Ready/08_Executive_Portraits/31_HeatherWhite-0541.jpg,2026-05-06 10:56:46
08_Executive_Portraits,17_LanaFoladare-0269.jpg,Brett Williams Studios LLC,Brett Williams,100% Chain of Title (Non-Scraped),17 U.S.C. § 106,Mandatory Disclosure Summary,52af17a4d28e09c7681948a513a8f27e,Ai_Samples _Ready/08_Executive_Portraits/17_LanaFoladare-0269.jpg,2026-05-06 10:56:46
08_Executive_Portraits,20_KarieDeGraffenreid-0344.jpg,Brett Williams Studios LLC,Brett Williams,100% Chain of Title (Non-Scraped),17 U.S.C. § 106,Mandatory Disclosure Summary,83e799554290d0fce6da515b02895587,Ai_Samples _Ready/08_Executive_Portraits/20_KarieDeGraffenreid-0344.jpg,2026-05-06 10:56:46
08_Executive_Portraits,20_KarieDeGraffenreid-0350.jpg,Brett Williams Studios LLC,Brett Williams,100% Chain of Title (Non-Scraped),17 U.S.C. § 106,Mandatory Disclosure Summary,047834b34f31489bb24a44dd866ea287,Ai_Samples _Ready/08_Executive_Portraits/20_KarieDeGraffenreid-0350.jpg,2026-05-06 10:56:46
08_Executive_Portraits,03_JennifferYellin-0056.jpg,Brett Williams Studios LLC,Brett Williams,100% Chain of Title (Non-Scraped),17 U.S.C. § 106,Mandatory Disclosure Summary,3d9c50b8e76d84955a7623b6e54cfe02,Ai_Samples _Ready/08_Executive_Portraits/03_JennifferYellin-0056.jpg,2026-05-06 10:56:46
08_Executive_Portraits,32_ChristinaWarner-0562.jpg,Brett Williams Studios LLC,Brett Williams,100% Chain of Title (Non-Scraped),17 U.S.C. § 106,Mandatory Disclosure Summary,ea9d4579386f2e664796d5a98271053b,Ai_Samples _Ready/08_Executive_Portraits/32_ChristinaWarner-0562.jpg,2026-05-06 10:56:46
08_Executive_Portraits,06_BrianMajor-0113.jpg,Brett Williams Studios LLC,Brett Williams,100% Chain of Title (Non-Scraped),17 U.S.C. § 106,Mandatory Disclosure Summary,cc13c4910fa7061f2f83d41798a288c7,Ai_Samples _Ready/08_Executive_Portraits/06_BrianMajor-0113.jpg,2026-05-06 10:56:46
08_Executive_Portraits,24_OrlandoRamirez-0450.jpg,Brett Williams Studios LLC,Brett Williams,100% Chain of Title (Non-Scraped),17 U.S.C. § 106,Mandatory Disclosure Summary,333ecbcf61206a63fa11c2d75e28fb40,Ai_Samples _Ready/08_Executive_Portraits/24_OrlandoRamirez-0450.jpg,2026-05-06 10:56:46
08_Executive_Portraits,58_JoshTrujilo-0998.jpg,Brett Williams Studios LLC,Brett Williams,100% Chain of Title (Non-Scraped),17 U.S.C. § 106,Mandatory Disclosure Summary,7ecce02fe3a300b73a91b9d7f601ae6b,Ai_Samples _Ready/08_Executive_Portraits/58_JoshTrujilo-0998.jpg,2026-05-06 10:56:46
08_Executive_Portraits,16_JohnRobles-0263.jpg,Brett Williams Studios LLC,Brett Williams,100% Chain of Title (Non-Scraped),17 U.S.C. § 106,Mandatory Disclosure Summary,33b573c80f5af71abdbefa6c70bd4e53,Ai_Samples _Ready/08_Executive_Portraits/16_JohnRobles-0263.jpg,2026-05-06 10:56:46
08_Executive_Portraits,32_ChristinaWarner-0572.jpg,Brett Williams Studios LLC,Brett Williams,100% Chain of Title (Non-Scraped),17 U.S.C. § 106,Mandatory Disclosure Summary,389afd6d500c481b94e92f0a50d39b5a,Ai_Samples _Ready/08_Executive_Portraits/32_ChristinaWarner-0572.jpg,2026-05-06 10:56:46
08_Executive_Portraits,29_NateZaleski-0502.jpg,Brett Williams Studios LLC,Brett Williams,100% Chain of Title (Non-Scraped),17 U.S.C. § 106,Mandatory Disclosure Summary,03b8abf14b1eb731753976f49717226b,Ai_Samples _Ready/08_Executive_Portraits/29_NateZaleski-0502.jpg,2026-05-06 10:56:46
08_Executive_Portraits,32_ChristinaWarner-0566.jpg,Brett Williams Studios LLC,Brett Williams,100% Chain of Title (Non-Scraped),17 U.S.C. § 106,Mandatory Disclosure Summary,c2f09c8c08bb749110128f3541054297,Ai_Samples _Ready/08_Executive_Portraits/32_ChristinaWarner-0566.jpg,2026-05-06 10:56:46
08_Executive_Portraits,31_HeatherWhite-0551.jpg,Brett Williams Studios LLC,Brett Williams,100% Chain of Title (Non-Scraped),17 U.S.C. § 106,Mandatory Disclosure Summary,27a4b0311293cf5fff03685e017119f1,Ai_Samples _Ready/08_Executive_Portraits/31_HeatherWhite-0551.jpg,2026-05-06 10:56:46
08_Executive_Portraits,31_HeatherWhite-0545.jpg,Brett Williams Studios LLC,Brett Williams,100% Chain of Title (Non-Scraped),17 U.S.C. § 106,Mandatory Disclosure Summary,772696c204f97ee8af9e1d554368f8b3,Ai_Samples _Ready/08_Executive_Portraits/31_HeatherWhite-0545.jpg,2026-05-06 10:56:46
08_Executive_Portraits,17_LanaFoladare-0279.jpg,Brett Williams Studios LLC,Brett Williams,100% Chain of Title (Non-Scraped),17 U.S.C. § 106,Mandatory Disclosure Summary,872fd2681a0eabb0e051f854036e5ed8,Ai_Samples _Ready/08_Executive_Portraits/17_LanaFoladare-0279.jpg,2026-05-06 10:56:46
08_Executive_Portraits,20_KarieDeGraffenreid-0354.jpg,Brett Williams Studios LLC,Brett Williams,100% Chain of Title (Non-Scraped),17 U.S.C. § 106,Mandatory Disclosure Summary,2aabb449ecd0ccb4dd8053a4c9c04811,Ai_Samples _Ready/08_Executive_Portraits/20_KarieDeGraffenreid-0354.jpg,2026-05-06 10:56:46
08_Executive_Portraits,20_KarieDeGraffenreid-0340.jpg,Brett Williams Studios LLC,Brett Williams,100% Chain of Title (Non-Scraped),17 U.S.C. § 106,Mandatory Disclosure Summary,c0f1f6adbb09ea6056f9f27827704b6a,Ai_Samples _Ready/08_Executive_Portraits/20_KarieDeGraffenreid-0340.jpg,2026-05-06 10:56:46
08_Executive_Portraits,04_MATTHEWBREWER-0080.jpg,Brett Williams Studios LLC,Brett Williams,100% Chain of Title (Non-Scraped),17 U.S.C. § 106,Mandatory Disclosure Summary,e0da85c79fe18dffed71a48c107b73de,Ai_Samples _Ready/08_Executive_Portraits/04_MATTHEWBREWER-0080.jpg,2026-05-06 10:56:46
08_Executive_Portraits,64_StaceyEpstein-1105.jpg,Brett Williams Studios LLC,Brett Williams,100% Chain of Title (Non-Scraped),17 U.S.C. § 106,Mandatory Disclosure Summary,c365a829aa40c6d9e1e709b4ad459d44,Ai_Samples _Ready/08_Executive_Portraits/64_StaceyEpstein-1105.jpg,2026-05-06 10:56:46
08_Executive_Portraits,52_DuaneFisher-0887.jpg,Brett Williams Studios LLC,Brett Williams,100% Chain of Title (Non-Scraped),17 U.S.C. § 106,Mandatory Disclosure Summary,5cc86d152e6251d03c8adabac58ae03a,Ai_Samples _Ready/08_Executive_Portraits/52_DuaneFisher-0887.jpg,2026-05-06 10:56:46
08_Executive_Portraits,51_MattHurst-0881.jpg,Brett Williams Studios LLC,Brett Williams,100% Chain of Title (Non-Scraped),17 U.S.C. § 106,Mandatory Disclosure Summary,7558071f9ea66d8a9d5b6820e34e946e,Ai_Samples _Ready/08_Executive_Portraits/51_MattHurst-0881.jpg,2026-05-06 10:56:46
08_Executive_Portraits,40_LeoRota-0682.jpg,Brett Williams Studios LLC,Brett Williams,100% Chain of Title (Non-Scraped),17 U.S.C. § 106,Mandatory Disclosure Summary,3811627991f697ef75b742eb99fc53c6,Ai_Samples _Ready/08_Executive_Portraits/40_LeoRota-0682.jpg,2026-05-06 10:56:46
08_Executive_Portraits,19_PaigeKarno-0391.jpg,Brett Williams Studios LLC,Brett Williams,100% Chain of Title (Non-Scraped),17 U.S.C. § 106,Mandatory Disclosure Summary,e4210b34f2090cf0d9015b8e290246bf,Ai_Samples _Ready/08_Executive_Portraits/19_PaigeKarno-0391.jpg,2026-05-06 10:56:46
08_Executive_Portraits,40_LeoRota-0696.jpg,Brett Williams Studios LLC,Brett Williams,100% Chain of Title (Non-Scraped),17 U.S.C. § 106,Mandatory Disclosure Summary,c5e2fd5697664be3b78744e55446080a,Ai_Samples _Ready/08_Executive_Portraits/40_LeoRota-0696.jpg,2026-05-06 10:56:46
08_Executive_Portraits,33_JoeSimoni-0591.jpg,Brett Williams Studios LLC,Brett Williams,100% Chain of Title (Non-Scraped),17 U.S.C. § 106,Mandatory Disclosure Summary,b86f2dbe210e768ce9f04880ac6f369c,Ai_Samples _Ready/08_Executive_Portraits/33_JoeSimoni-0591.jpg,2026-05-06 10:56:46
08_Executive_Portraits,14_GillianComito-0217.jpg,Brett Williams Studios LLC,Brett Williams,100% Chain of Title (Non-Scraped),17 U.S.C. § 106,Mandatory Disclosure Summary,445deccd9466f14aa9fbae5efa992040,Ai_Samples _Ready/08_Executive_Portraits/14_GillianComito-0217.jpg,2026-05-06 10:56:46
08_Executive_Portraits,45_ShannonRevolinski-0770.jpg,Brett Williams Studios LLC,Brett Williams,100% Chain of Title (Non-Scraped),17 U.S.C. § 106,Mandatory Disclosure Summary,6b61269ccc9bc531eccf0f5c8550f9e3,Ai_Samples _Ready/08_Executive_Portraits/45_ShannonRevolinski-0770.jpg,2026-05-06 10:56:46
08_Executive_Portraits,45_ShannonRevolinski-0764.jpg,Brett Williams Studios LLC,Brett Williams,100% Chain of Title (Non-Scraped),17 U.S.C. § 106,Mandatory Disclosure Summary,12c03c9121a139d863a6d9b76c959e9d,Ai_Samples _Ready/08_Executive_Portraits/45_ShannonRevolinski-0764.jpg,2026-05-06 10:56:46
08_Executive_Portraits,12_TimothyBowen-0192.jpg,Brett Williams Studios LLC,Brett Williams,100% Chain of Title (Non-Scraped),17 U.S.C. § 106,Mandatory Disclosure Summary,21f1eb880ae0af712d8bd4957c07d4e2,Ai_Samples _Ready/08_Executive_Portraits/12_TimothyBowen-0192.jpg,2026-05-06 10:56:46
08_Executive_Portraits,21_TomStille-0373.jpg,Brett Williams Studios LLC,Brett Williams,100% Chain of Title (Non-Scraped),17 U.S.C. § 106,Mandatory Disclosure Summary,9d5ee85b569b29d3c31c9aed2f965e74,Ai_Samples _Ready/08_Executive_Portraits/21_TomStille-0373.jpg,2026-05-06 10:56:46
08_Executive_Portraits,07_LaddLaird-0120.jpg,Brett Williams Studios LLC,Brett Williams,100% Chain of Title (Non-Scraped),17 U.S.C. § 106,Mandatory Disclosure Summary,bf1c89326317fbb3f4e19dad162d5a6a,Ai_Samples _Ready/08_Executive_Portraits/07_LaddLaird-0120.jpg,2026-05-06 10:56:46
08_Executive_Portraits,12_TimothyBowen-0186.jpg,Brett Williams Studios LLC,Brett Williams,100% Chain of Title (Non-Scraped),17 U.S.C. § 106,Mandatory Disclosure Summary,3ed3605e0df1db3f94f3eac4914c790a,Ai_Samples _Ready/08_Executive_Portraits/12_TimothyBowen-0186.jpg,2026-05-06 10:56:46
08_Executive_Portraits,07_LaddLaird-0121.jpg,Brett Williams Studios LLC,Brett Williams,100% Chain of Title (Non-Scraped),17 U.S.C. § 106,Mandatory Disclosure Summary,5ff3ac41f638bdc83d242f1be80d7b4d,Ai_Samples _Ready/08_Executive_Portraits/07_LaddLaird-0121.jpg,2026-05-06 10:56:46
08_Executive_Portraits,12_TimothyBowen-0187.jpg,Brett Williams Studios LLC,Brett Williams,100% Chain of Title (Non-Scraped),17 U.S.C. § 106,Mandatory Disclosure Summary,a4ad294ee722ff2c7b8852e9c81d10d3,Ai_Samples _Ready/08_Executive_Portraits/12_TimothyBowen-0187.jpg,2026-05-06 10:56:46
08_Executive_Portraits,25_AllanAlexopulos-0458.jpg,Brett Williams Studios LLC,Brett Williams,100% Chain of Title (Non-Scraped),17 U.S.C. § 106,Mandatory Disclosure Summary,efac9e73f505d77a8100502a1db910ad,Ai_Samples _Ready/08_Executive_Portraits/25_AllanAlexopulos-0458.jpg,2026-05-06 10:56:46
08_Executive_Portraits,37_RayMorley-0644.jpg,Brett Williams Studios LLC,Brett Williams,100% Chain of Title (Non-Scraped),17 U.S.C. § 106,Mandatory Disclosure Summary,e1492c34a51d35791f935dfcf3d935cc,Ai_Samples _Ready/08_Executive_Portraits/37_RayMorley-0644.jpg,2026-05-06 10:56:46
08_Executive_Portraits,21_TomStille-0372.jpg,Brett Williams Studios LLC,Brett Williams,100% Chain of Title (Non-Scraped),17 U.S.C. § 106,Mandatory Disclosure Summary,f52331a7154d883da5cd91173255002a,Ai_Samples _Ready/08_Executive_Portraits/21_TomStille-0372.jpg,2026-05-06 10:56:46
08_Executive_Portraits,45_ShannonRevolinski-0765.jpg,Brett Williams Studios LLC,Brett Williams,100% Chain of Title (Non-Scraped),17 U.S.C. § 106,Mandatory Disclosure Summary,429f6659df2a665bcd3f288cd8ac4847,Ai_Samples _Ready/08_Executive_Portraits/45_ShannonRevolinski-0765.jpg,2026-05-06 10:56:46
08_Executive_Portraits,14_GillianComito-0216.jpg,Brett Williams Studios LLC,Brett Williams,100% Chain of Title (Non-Scraped),17 U.S.C. § 106,Mandatory Disclosure Summary,2fae0fac53701a80d8f926dc92767dc9,Ai_Samples _Ready/08_Executive_Portraits/14_GillianComito-0216.jpg,2026-05-06 10:56:46
08_Executive_Portraits,45_ShannonRevolinski-0771.jpg,Brett Williams Studios LLC,Brett Williams,100% Chain of Title (Non-Scraped),17 U.S.C. § 106,Mandatory Disclosure Summary,465fb23fed23a717a6dd54c70dd7c4f2,Ai_Samples _Ready/08_Executive_Portraits/45_ShannonRevolinski-0771.jpg,2026-05-06 10:56:46
08_Executive_Portraits,19_PaigeKarno-0390.jpg,Brett Williams Studios LLC,Brett Williams,100% Chain of Title (Non-Scraped),17 U.S.C. § 106,Mandatory Disclosure Summary,9d1c53dcfc04612b891105b49bfe281a,Ai_Samples _Ready/08_Executive_Portraits/19_PaigeKarno-0390.jpg,2026-05-06 10:56:46
08_Executive_Portraits,40_LeoRota-0697.jpg,Brett Williams Studios LLC,Brett Williams,100% Chain of Title (Non-Scraped),17 U.S.C. § 106,Mandatory Disclosure Summary,3d518fc455c5e26f94f1d97d4be66a8f,Ai_Samples _Ready/08_Executive_Portraits/40_LeoRota-0697.jpg,2026-05-06 10:56:46
08_Executive_Portraits,40_LeoRota-0683.jpg,Brett Williams Studios LLC,Brett Williams,100% Chain of Title (Non-Scraped),17 U.S.C. § 106,Mandatory Disclosure Summary,8f8bc4fbb2197df4e0e52f8095f55258,Ai_Samples _Ready/08_Executive_Portraits/40_LeoRota-0683.jpg,2026-05-06 10:56:46
08_Executive_Portraits,51_MattHurst-0880.jpg,Brett Williams Studios LLC,Brett Williams,100% Chain of Title (Non-Scraped),17 U.S.C. § 106,Mandatory Disclosure Summary,471d5ead025ef96831de616a33f8c869,Ai_Samples _Ready/08_Executive_Portraits/51_MattHurst-0880.jpg,2026-05-06 10:56:46
08_Executive_Portraits,64_StaceyEpstein-1104.jpg,Brett Williams Studios LLC,Brett Williams,100% Chain of Title (Non-Scraped),17 U.S.C. § 106,Mandatory Disclosure Summary,9359a0378f0f57f67e6889e1dc62fb82,Ai_Samples _Ready/08_Executive_Portraits/64_StaceyEpstein-1104.jpg,2026-05-06 10:56:46
08_Executive_Portraits,52_DuaneFisher-0886.jpg,Brett Williams Studios LLC,Brett Williams,100% Chain of Title (Non-Scraped),17 U.S.C. § 106,Mandatory Disclosure Summary,cd2c23f4920ec62408df09dff9bef978,Ai_Samples _Ready/08_Executive_Portraits/52_DuaneFisher-0886.jpg,2026-05-06 10:56:46
08_Executive_Portraits,04_MATTHEWBREWER-0081.jpg,Brett Williams Studios LLC,Brett Williams,100% Chain of Title (Non-Scraped),17 U.S.C. § 106,Mandatory Disclosure Summary,860c561f80f75fa9ccf8a07a61886c0f,Ai_Samples _Ready/08_Executive_Portraits/04_MATTHEWBREWER-0081.jpg,2026-05-06 10:56:46
08_Executive_Portraits,20_KarieDeGraffenreid-0341.jpg,Brett Williams Studios LLC,Brett Williams,100% Chain of Title (Non-Scraped),17 U.S.C. § 106,Mandatory Disclosure Summary,c1bd793affbdd9738b1a3c4cd0b02ff6,Ai_Samples _Ready/08_Executive_Portraits/20_KarieDeGraffenreid-0341.jpg,2026-05-06 10:56:46
08_Executive_Portraits,20_KarieDeGraffenreid-0355.jpg,Brett Williams Studios LLC,Brett Williams,100% Chain of Title (Non-Scraped),17 U.S.C. § 106,Mandatory Disclosure Summary,696fbc6c3a7f7403b0a1ee9746103025,Ai_Samples _Ready/08_Executive_Portraits/20_KarieDeGraffenreid-0355.jpg,2026-05-06 10:56:46
08_Executive_Portraits,31_HeatherWhite-0544.jpg,Brett Williams Studios LLC,Brett Williams,100% Chain of Title (Non-Scraped),17 U.S.C. § 106,Mandatory Disclosure Summary,07e1679bccdbf11ccffbba60de7068ef,Ai_Samples _Ready/08_Executive_Portraits/31_HeatherWhite-0544.jpg,2026-05-06 10:56:46
08_Executive_Portraits,17_LanaFoladare-0278.jpg,Brett Williams Studios LLC,Brett Williams,100% Chain of Title (Non-Scraped),17 U.S.C. § 106,Mandatory Disclosure Summary,3bbe33741a56523eb2f85075394d3de5,Ai_Samples _Ready/08_Executive_Portraits/17_LanaFoladare-0278.jpg,2026-05-06 10:56:46
08_Executive_Portraits,31_HeatherWhite-0550.jpg,Brett Williams Studios LLC,Brett Williams,100% Chain of Title (Non-Scraped),17 U.S.C. § 106,Mandatory Disclosure Summary,894fe9deae324bf438f68a873d919378,Ai_Samples _Ready/08_Executive_Portraits/31_HeatherWhite-0550.jpg,2026-05-06 10:56:46
08_Executive_Portraits,32_ChristinaWarner-0567.jpg,Brett Williams Studios LLC,Brett Williams,100% Chain of Title (Non-Scraped),17 U.S.C. § 106,Mandatory Disclosure Summary,e479003ab2e8bb497d2743ab9d350d06,Ai_Samples _Ready/08_Executive_Portraits/32_ChristinaWarner-0567.jpg,2026-05-06 10:56:46
08_Executive_Portraits,29_NateZaleski-0503.jpg,Brett Williams Studios LLC,Brett Williams,100% Chain of Title (Non-Scraped),17 U.S.C. § 106,Mandatory Disclosure Summary,5ee564f6b345edf65b0838615ed2c2f4,Ai_Samples _Ready/08_Executive_Portraits/29_NateZaleski-0503.jpg,2026-05-06 10:56:46
08_Executive_Portraits,24_OrlandoRamirez-0441.jpg,Brett Williams Studios LLC,Brett Williams,100% Chain of Title (Non-Scraped),17 U.S.C. § 106,Mandatory Disclosure Summary,89e5f10032909fbe96096d5e21a59e2c,Ai_Samples _Ready/08_Executive_Portraits/24_OrlandoRamirez-0441.jpg,2026-05-06 10:56:46
08_Executive_Portraits,16_JohnRobles-0260.jpg,Brett Williams Studios LLC,Brett Williams,100% Chain of Title (Non-Scraped),17 U.S.C. § 106,Mandatory Disclosure Summary,0c3e45680fb9cb293f18ceab88cb69bf,Ai_Samples _Ready/08_Executive_Portraits/16_JohnRobles-0260.jpg,2026-05-06 10:56:46
08_Executive_Portraits,24_OrlandoRamirez-0443.jpg,Brett Williams Studios LLC,Brett Williams,100% Chain of Title (Non-Scraped),17 U.S.C. § 106,Mandatory Disclosure Summary,e73d248c0c86172b82c1335c7307c47a,Ai_Samples _Ready/08_Executive_Portraits/24_OrlandoRamirez-0443.jpg,2026-05-06 10:56:46
08_Executive_Portraits,23_-0404.jpg,Brett Williams Studios LLC,Brett Williams,100% Chain of Title (Non-Scraped),17 U.S.C. § 106,Mandatory Disclosure Summary,e1a0a9a7496b2141645683588b77f366,Ai_Samples _Ready/08_Executive_Portraits/23_-0404.jpg,2026-05-06 10:56:46
08_Executive_Portraits,32_ChristinaWarner-0565.jpg,Brett Williams Studios LLC,Brett Williams,100% Chain of Title (Non-Scraped),17 U.S.C. § 106,Mandatory Disclosure Summary,ea328508dfabb38fb5a66b4604c363fe,Ai_Samples _Ready/08_Executive_Portraits/32_ChristinaWarner-0565.jpg,2026-05-06 10:56:46
08_Executive_Portraits,09_DavidWeinstein-0138.jpg,Brett Williams Studios LLC,Brett Williams,100% Chain of Title (Non-Scraped),17 U.S.C. § 106,Mandatory Disclosure Summary,9ad20ab5dd89f5298cbbbadc3e83b82f,Ai_Samples _Ready/08_Executive_Portraits/09_DavidWeinstein-0138.jpg,2026-05-06 10:56:46
08_Executive_Portraits,32_ChristinaWarner-0571.jpg,Brett Williams Studios LLC,Brett Williams,100% Chain of Title (Non-Scraped),17 U.S.C. § 106,Mandatory Disclosure Summary,ad78bba3e10d10e8f0dab7c32f56cb83,Ai_Samples _Ready/08_Executive_Portraits/32_ChristinaWarner-0571.jpg,2026-05-06 10:56:46
08_Executive_Portraits,55_AnthonyPicardi-0938.jpg,Brett Williams Studios LLC,Brett Williams,100% Chain of Title (Non-Scraped),17 U.S.C. § 106,Mandatory Disclosure Summary,48f48326a090dd309b79b71f5d9bf417,Ai_Samples _Ready/08_Executive_Portraits/55_AnthonyPicardi-0938.jpg,2026-05-06 10:56:46
08_Executive_Portraits,32_ChristinaWarner-0559.jpg,Brett Williams Studios LLC,Brett Williams,100% Chain of Title (Non-Scraped),17 U.S.C. § 106,Mandatory Disclosure Summary,6ab5334e6ca23c627525434f63c598ea,Ai_Samples _Ready/08_Executive_Portraits/32_ChristinaWarner-0559.jpg,2026-05-06 10:56:46
08_Executive_Portraits,31_HeatherWhite-0546.jpg,Brett Williams Studios LLC,Brett Williams,100% Chain of Title (Non-Scraped),17 U.S.C. § 106,Mandatory Disclosure Summary,ca73c2272e15f927b0c9fea982d634c7,Ai_Samples _Ready/08_Executive_Portraits/31_HeatherWhite-0546.jpg,2026-05-06 10:56:46
08_Executive_Portraits,31_HeatherWhite-0552.jpg,Brett Williams Studios LLC,Brett Williams,100% Chain of Title (Non-Scraped),17 U.S.C. § 106,Mandatory Disclosure Summary,ff01f4aece265a84e29ecca3f41f3f79,Ai_Samples _Ready/08_Executive_Portraits/31_HeatherWhite-0552.jpg,2026-05-06 10:56:46
08_Executive_Portraits,20_KarieDeGraffenreid-0343.jpg,Brett Williams Studios LLC,Brett Williams,100% Chain of Title (Non-Scraped),17 U.S.C. § 106,Mandatory Disclosure Summary,a7c5a253fbf23c42074c4e37950b140a,Ai_Samples _Ready/08_Executive_Portraits/20_KarieDeGraffenreid-0343.jpg,2026-05-06 10:56:46
08_Executive_Portraits,49_GaryRinedollar-0860.jpg,Brett Williams Studios LLC,Brett Williams,100% Chain of Title (Non-Scraped),17 U.S.C. § 106,Mandatory Disclosure Summary,07e1de239e417b2655cb5c5d00808f6e,Ai_Samples _Ready/08_Executive_Portraits/49_GaryRinedollar-0860.jpg,2026-05-06 10:56:46
08_Executive_Portraits,64_StaceyEpstein-1099.jpg,Brett Williams Studios LLC,Brett Williams,100% Chain of Title (Non-Scraped),17 U.S.C. § 106,Mandatory Disclosure Summary,aeddff1839aac0dcc5ea280ed27f0845,Ai_Samples _Ready/08_Executive_Portraits/64_StaceyEpstein-1099.jpg,2026-05-06 10:56:46
08_Executive_Portraits,41_JeffNoble-0709.jpg,Brett Williams Studios LLC,Brett Williams,100% Chain of Title (Non-Scraped),17 U.S.C. § 106,Mandatory Disclosure Summary,f0b2554fb40d2a65fd864603f629832e,Ai_Samples _Ready/08_Executive_Portraits/41_JeffNoble-0709.jpg,2026-05-06 10:56:46
08_Executive_Portraits,52_DuaneFisher-0890.jpg,Brett Williams Studios LLC,Brett Williams,100% Chain of Title (Non-Scraped),17 U.S.C. § 106,Mandatory Disclosure Summary,3a779171c343ea1f6f0dd0250071c564,Ai_Samples _Ready/08_Executive_Portraits/52_DuaneFisher-0890.jpg,2026-05-06 10:56:46
08_Executive_Portraits,10_HeatherGodek-0149.jpg,Brett Williams Studios LLC,Brett Williams,100% Chain of Title (Non-Scraped),17 U.S.C. § 106,Mandatory Disclosure Summary,c2531540a9dc7103dc72ea98fe90e8fb,Ai_Samples _Ready/08_Executive_Portraits/10_HeatherGodek-0149.jpg,2026-05-06 10:56:46
08_Executive_Portraits,64_StaceyEpstein-1106.jpg,Brett Williams Studios LLC,Brett Williams,100% Chain of Title (Non-Scraped),17 U.S.C. § 106,Mandatory Disclosure Summary,40a401720b70a339391b6bb6e4a81265,Ai_Samples _Ready/08_Executive_Portraits/64_StaceyEpstein-1106.jpg,2026-05-06 10:56:46
08_Executive_Portraits,51_MattHurst-0882.jpg,Brett Williams Studios LLC,Brett Williams,100% Chain of Title (Non-Scraped),17 U.S.C. § 106,Mandatory Disclosure Summary,1d196390cc7c2e0a82dee07c9fb1d734,Ai_Samples _Ready/08_Executive_Portraits/51_MattHurst-0882.jpg,2026-05-06 10:56:46
08_Executive_Portraits,40_LeoRota-0695.jpg,Brett Williams Studios LLC,Brett Williams,100% Chain of Title (Non-Scraped),17 U.S.C. § 106,Mandatory Disclosure Summary,2b646efa2c1ecedea8df61aaac4ef429,Ai_Samples _Ready/08_Executive_Portraits/40_LeoRota-0695.jpg,2026-05-06 10:56:46
08_Executive_Portraits,19_PaigeKarno-0392.jpg,Brett Williams Studios LLC,Brett Williams,100% Chain of Title (Non-Scraped),17 U.S.C. § 106,Mandatory Disclosure Summary,26afd190923be82f77893eaec0daad96,Ai_Samples _Ready/08_Executive_Portraits/19_PaigeKarno-0392.jpg,2026-05-06 10:56:46
08_Executive_Portraits,59_YiuTingLau-1009.jpg,Brett Williams Studios LLC,Brett Williams,100% Chain of Title (Non-Scraped),17 U.S.C. § 106,Mandatory Disclosure Summary,90d1b851c9246f19a7862ff5902a1539,Ai_Samples _Ready/08_Executive_Portraits/59_YiuTingLau-1009.jpg,2026-05-06 10:56:46
08_Executive_Portraits,40_LeoRota-0681.jpg,Brett Williams Studios LLC,Brett Williams,100% Chain of Title (Non-Scraped),17 U.S.C. § 106,Mandatory Disclosure Summary,47e49e979e96ac50c7d5e0d97cdda6d1,Ai_Samples _Ready/08_Executive_Portraits/40_LeoRota-0681.jpg,2026-05-06 10:56:46
08_Executive_Portraits,45_ShannonRevolinski-0767.jpg,Brett Williams Studios LLC,Brett Williams,100% Chain of Title (Non-Scraped),17 U.S.C. § 106,Mandatory Disclosure Summary,2ce16242d115ed3c9ae7e025e36bd95c,Ai_Samples _Ready/08_Executive_Portraits/45_ShannonRevolinski-0767.jpg,2026-05-06 10:56:46
08_Executive_Portraits,45_ShannonRevolinski-0773.jpg,Brett Williams Studios LLC,Brett Williams,100% Chain of Title (Non-Scraped),17 U.S.C. § 106,Mandatory Disclosure Summary,5ecfaf3f09f62c2e0c017e842cee350f,Ai_Samples _Ready/08_Executive_Portraits/45_ShannonRevolinski-0773.jpg,2026-05-06 10:56:46
08_Executive_Portraits,14_GillianComito-0214.jpg,Brett Williams Studios LLC,Brett Williams,100% Chain of Title (Non-Scraped),17 U.S.C. § 106,Mandatory Disclosure Summary,030f02f3d1468451d9fb4a119180c4c9,Ai_Samples _Ready/08_Executive_Portraits/14_GillianComito-0214.jpg,2026-05-06 10:56:46
08_Executive_Portraits,34_SteveTripp-0603.jpg,Brett Williams Studios LLC,Brett Williams,100% Chain of Title (Non-Scraped),17 U.S.C. § 106,Mandatory Disclosure Summary,4c87304a5e05581c91ed559c34abebe4,Ai_Samples _Ready/08_Executive_Portraits/34_SteveTripp-0603.jpg,2026-05-06 10:56:46
08_Executive_Portraits,14_GillianComito-0228.jpg,Brett Williams Studios LLC,Brett Williams,100% Chain of Title (Non-Scraped),17 U.S.C. § 106,Mandatory Disclosure Summary,e4f691faceaf74caad45d4a9f116e0e8,Ai_Samples _Ready/08_Executive_Portraits/14_GillianComito-0228.jpg,2026-05-06 10:56:46
08_Executive_Portraits,36_ParkerGeorge-0634.jpg,Brett Williams Studios LLC,Brett Williams,100% Chain of Title (Non-Scraped),17 U.S.C. § 106,Mandatory Disclosure Summary,5b01f93199eebc2375f7bfd5c8b1b0c3,Ai_Samples _Ready/08_Executive_Portraits/36_ParkerGeorge-0634.jpg,2026-05-06 10:56:46
08_Executive_Portraits,12_TimothyBowen-0185.jpg,Brett Williams Studios LLC,Brett Williams,100% Chain of Title (Non-Scraped),17 U.S.C. § 106,Mandatory Disclosure Summary,ec08c546a718963b0d15f69a281ff445,Ai_Samples _Ready/08_Executive_Portraits/12_TimothyBowen-0185.jpg,2026-05-06 10:56:46
08_Executive_Portraits,07_LaddLaird-0123.jpg,Brett Williams Studios LLC,Brett Williams,100% Chain of Title (Non-Scraped),17 U.S.C. § 106,Mandatory Disclosure Summary,0805d498c63856f0ef15e3d29f38d27b,Ai_Samples _Ready/08_Executive_Portraits/07_LaddLaird-0123.jpg,2026-05-06 10:56:46
08_Executive_Portraits,21_TomStille-0370.jpg,Brett Williams Studios LLC,Brett Williams,100% Chain of Title (Non-Scraped),17 U.S.C. § 106,Mandatory Disclosure Summary,9bcb9a1ce2030d5f5dba84177575b7a2,Ai_Samples _Ready/08_Executive_Portraits/21_TomStille-0370.jpg,2026-05-06 10:56:46
08_Executive_Portraits,12_TimothyBowen-0191.jpg,Brett Williams Studios LLC,Brett Williams,100% Chain of Title (Non-Scraped),17 U.S.C. § 106,Mandatory Disclosure Summary,feffaef886d321d2b99623fe2c7f2cb3,Ai_Samples _Ready/08_Executive_Portraits/12_TimothyBowen-0191.jpg,2026-05-06 10:56:46
08_Executive_Portraits,21_TomStille-0371.jpg,Brett Williams Studios LLC,Brett Williams,100% Chain of Title (Non-Scraped),17 U.S.C. § 106,Mandatory Disclosure Summary,4c79616f495ea8feac774fc927b0781f,Ai_Samples _Ready/08_Executive_Portraits/21_TomStille-0371.jpg,2026-05-06 10:56:46
08_Executive_Portraits,12_TimothyBowen-0190.jpg,Brett Williams Studios LLC,Brett Williams,100% Chain of Title (Non-Scraped),17 U.S.C. § 106,Mandatory Disclosure Summary,427bac9ed5eecb1126f4041e1a00318a,Ai_Samples _Ready/08_Executive_Portraits/12_TimothyBowen-0190.jpg,2026-05-06 10:56:46
08_Executive_Portraits,12_TimothyBowen-0184.jpg,Brett Williams Studios LLC,Brett Williams,100% Chain of Title (Non-Scraped),17 U.S.C. § 106,Mandatory Disclosure Summary,4b25ad261f4e12e3c507dac88b2cb8a1,Ai_Samples _Ready/08_Executive_Portraits/12_TimothyBowen-0184.jpg,2026-05-06 10:56:46
08_Executive_Portraits,07_LaddLaird-0122.jpg,Brett Williams Studios LLC,Brett Williams,100% Chain of Title (Non-Scraped),17 U.S.C. § 106,Mandatory Disclosure Summary,7934bc6dc4910bf061d79a5e01153e54,Ai_Samples _Ready/08_Executive_Portraits/07_LaddLaird-0122.jpg,2026-05-06 10:56:46
08_Executive_Portraits,36_ParkerGeorge-0635.jpg,Brett Williams Studios LLC,Brett Williams,100% Chain of Title (Non-Scraped),17 U.S.C. § 106,Mandatory Disclosure Summary,a616c40fb3e02ae6358db6ed2091217d,Ai_Samples _Ready/08_Executive_Portraits/36_ParkerGeorge-0635.jpg,2026-05-06 10:56:46
08_Executive_Portraits,34_SteveTripp-0602.jpg,Brett Williams Studios LLC,Brett Williams,100% Chain of Title (Non-Scraped),17 U.S.C. § 106,Mandatory Disclosure Summary,772cde42bbcd54b0ad5c4ce5794e25eb,Ai_Samples _Ready/08_Executive_Portraits/34_SteveTripp-0602.jpg,2026-05-06 10:56:46
08_Executive_Portraits,14_GillianComito-0229.jpg,Brett Williams Studios LLC,Brett Williams,100% Chain of Title (Non-Scraped),17 U.S.C. § 106,Mandatory Disclosure Summary,27fed94dd7d4240515c896316e4031b9,Ai_Samples _Ready/08_Executive_Portraits/14_GillianComito-0229.jpg,2026-05-06 10:56:46
08_Executive_Portraits,45_ShannonRevolinski-0772.jpg,Brett Williams Studios LLC,Brett Williams,100% Chain of Title (Non-Scraped),17 U.S.C. § 106,Mandatory Disclosure Summary,7dffc05b728a1cf7ceac34f4ee794616,Ai_Samples _Ready/08_Executive_Portraits/45_ShannonRevolinski-0772.jpg,2026-05-06 10:56:46
08_Executive_Portraits,14_GillianComito-0215.jpg,Brett Williams Studios LLC,Brett Williams,100% Chain of Title (Non-Scraped),17 U.S.C. § 106,Mandatory Disclosure Summary,3dce966d8a86975333c134b99c26d897,Ai_Samples _Ready/08_Executive_Portraits/14_GillianComito-0215.jpg,2026-05-06 10:56:46
08_Executive_Portraits,45_ShannonRevolinski-0766.jpg,Brett Williams Studios LLC,Brett Williams,100% Chain of Title (Non-Scraped),17 U.S.C. § 106,Mandatory Disclosure Summary,435bc5d53c5dde069f72f82ed18d310c,Ai_Samples _Ready/08_Executive_Portraits/45_ShannonRevolinski-0766.jpg,2026-05-06 10:56:46
08_Executive_Portraits,59_YiuTingLau-1008.jpg,Brett Williams Studios LLC,Brett Williams,100% Chain of Title (Non-Scraped),17 U.S.C. § 106,Mandatory Disclosure Summary,ef20c27ca15ee7205f6f4c40f1414b7a,Ai_Samples _Ready/08_Executive_Portraits/59_YiuTingLau-1008.jpg,2026-05-06 10:56:46
08_Executive_Portraits,40_LeoRota-0680.jpg,Brett Williams Studios LLC,Brett Williams,100% Chain of Title (Non-Scraped),17 U.S.C. § 106,Mandatory Disclosure Summary,24b5e1e580a40a257236c0fc0d3c7b14,Ai_Samples _Ready/08_Executive_Portraits/40_LeoRota-0680.jpg,2026-05-06 10:56:46
08_Executive_Portraits,33_JoeSimoni-0593.jpg,Brett Williams Studios LLC,Brett Williams,100% Chain of Title (Non-Scraped),17 U.S.C. § 106,Mandatory Disclosure Summary,a003843a1d17cf3c3262eb4a89da1dc6,Ai_Samples _Ready/08_Executive_Portraits/33_JoeSimoni-0593.jpg,2026-05-06 10:56:46
08_Executive_Portraits,40_LeoRota-0694.jpg,Brett Williams Studios LLC,Brett Williams,100% Chain of Title (Non-Scraped),17 U.S.C. § 106,Mandatory Disclosure Summary,d089c9431ae8b5db1eee217745d55329,Ai_Samples _Ready/08_Executive_Portraits/40_LeoRota-0694.jpg,2026-05-06 10:56:46
08_Executive_Portraits,19_PaigeKarno-0393.jpg,Brett Williams Studios LLC,Brett Williams,100% Chain of Title (Non-Scraped),17 U.S.C. § 106,Mandatory Disclosure Summary,5e411a0da754248a34aaa9e15a24d110,Ai_Samples _Ready/08_Executive_Portraits/19_PaigeKarno-0393.jpg,2026-05-06 10:56:46
08_Executive_Portraits,10_HeatherGodek-0148.jpg,Brett Williams Studios LLC,Brett Williams,100% Chain of Title (Non-Scraped),17 U.S.C. § 106,Mandatory Disclosure Summary,28a1c101551ed4cde149a2eda0ee1ffb,Ai_Samples _Ready/08_Executive_Portraits/10_HeatherGodek-0148.jpg,2026-05-06 10:56:46
08_Executive_Portraits,49_GaryRinedollar-0849.jpg,Brett Williams Studios LLC,Brett Williams,100% Chain of Title (Non-Scraped),17 U.S.C. § 106,Mandatory Disclosure Summary,6b5376994ffe9c26170c984260abeb64,Ai_Samples _Ready/08_Executive_Portraits/49_GaryRinedollar-0849.jpg,2026-05-06 10:56:46
08_Executive_Portraits,41_JeffNoble-0708.jpg,Brett Williams Studios LLC,Brett Williams,100% Chain of Title (Non-Scraped),17 U.S.C. § 106,Mandatory Disclosure Summary,6e8f45c32c9b8010def2c3aa96f8e729,Ai_Samples _Ready/08_Executive_Portraits/41_JeffNoble-0708.jpg,2026-05-06 10:56:46
08_Executive_Portraits,64_StaceyEpstein-1098.jpg,Brett Williams Studios LLC,Brett Williams,100% Chain of Title (Non-Scraped),17 U.S.C. § 106,Mandatory Disclosure Summary,61c48c0760c324a67da9dfdca41c557f,Ai_Samples _Ready/08_Executive_Portraits/64_StaceyEpstein-1098.jpg,2026-05-06 10:56:46
08_Executive_Portraits,50_EricParrott-0868.jpg,Brett Williams Studios LLC,Brett Williams,100% Chain of Title (Non-Scraped),17 U.S.C. § 106,Mandatory Disclosure Summary,3bb94518df679a7b8d97b8e3a13716a7,Ai_Samples _Ready/08_Executive_Portraits/50_EricParrott-0868.jpg,2026-05-06 10:56:46
08_Executive_Portraits,04_MATTHEWBREWER-0082.jpg,Brett Williams Studios LLC,Brett Williams,100% Chain of Title (Non-Scraped),17 U.S.C. § 106,Mandatory Disclosure Summary,cd75bd871b509d0b1e10f09feaeff2ca,Ai_Samples _Ready/08_Executive_Portraits/04_MATTHEWBREWER-0082.jpg,2026-05-06 10:56:46
08_Executive_Portraits,20_KarieDeGraffenreid-0356.jpg,Brett Williams Studios LLC,Brett Williams,100% Chain of Title (Non-Scraped),17 U.S.C. § 106,Mandatory Disclosure Summary,d3ee6afa05e1a2a83545adfe2babec8b,Ai_Samples _Ready/08_Executive_Portraits/20_KarieDeGraffenreid-0356.jpg,2026-05-06 10:56:46
08_Executive_Portraits,20_KarieDeGraffenreid-0342.jpg,Brett Williams Studios LLC,Brett Williams,100% Chain of Title (Non-Scraped),17 U.S.C. § 106,Mandatory Disclosure Summary,f2b6bf68abd935e153dc7b9d4ccac057,Ai_Samples _Ready/08_Executive_Portraits/20_KarieDeGraffenreid-0342.jpg,2026-05-06 10:56:46
08_Executive_Portraits,31_HeatherWhite-0547.jpg,Brett Williams Studios LLC,Brett Williams,100% Chain of Title (Non-Scraped),17 U.S.C. § 106,Mandatory Disclosure Summary,3c935d7dfefa9737d7d6e9cbff03c669,Ai_Samples _Ready/08_Executive_Portraits/31_HeatherWhite-0547.jpg,2026-05-06 10:56:46
08_Executive_Portraits,32_ChristinaWarner-0558.jpg,Brett Williams Studios LLC,Brett Williams,100% Chain of Title (Non-Scraped),17 U.S.C. § 106,Mandatory Disclosure Summary,0be639bbfaa20a2c90422473fdb0b9b4,Ai_Samples _Ready/08_Executive_Portraits/32_ChristinaWarner-0558.jpg,2026-05-06 10:56:46
08_Executive_Portraits,55_AnthonyPicardi-0939.jpg,Brett Williams Studios LLC,Brett Williams,100% Chain of Title (Non-Scraped),17 U.S.C. § 106,Mandatory Disclosure Summary,e7c0735f19983787ca631e5593538c94,Ai_Samples _Ready/08_Executive_Portraits/55_AnthonyPicardi-0939.jpg,2026-05-06 10:56:46
08_Executive_Portraits,32_ChristinaWarner-0570.jpg,Brett Williams Studios LLC,Brett Williams,100% Chain of Title (Non-Scraped),17 U.S.C. § 106,Mandatory Disclosure Summary,e1851cf8fa2f6654ad3fe348a1df8239,Ai_Samples _Ready/08_Executive_Portraits/32_ChristinaWarner-0570.jpg,2026-05-06 10:56:46
08_Executive_Portraits,09_DavidWeinstein-0139.jpg,Brett Williams Studios LLC,Brett Williams,100% Chain of Title (Non-Scraped),17 U.S.C. § 106,Mandatory Disclosure Summary,0b3c7644ab36a652f3fdb8d008373f59,Ai_Samples _Ready/08_Executive_Portraits/09_DavidWeinstein-0139.jpg,2026-05-06 10:56:46
08_Executive_Portraits,32_ChristinaWarner-0564.jpg,Brett Williams Studios LLC,Brett Williams,100% Chain of Title (Non-Scraped),17 U.S.C. § 106,Mandatory Disclosure Summary,eb5f469cb474bf1bf211ef97c781a36c,Ai_Samples _Ready/08_Executive_Portraits/32_ChristinaWarner-0564.jpg,2026-05-06 10:56:46
08_Executive_Portraits,24_OrlandoRamirez-0442.jpg,Brett Williams Studios LLC,Brett Williams,100% Chain of Title (Non-Scraped),17 U.S.C. § 106,Mandatory Disclosure Summary,361f807a7feb6364cf85c17f1e62cc85,Ai_Samples _Ready/08_Executive_Portraits/24_OrlandoRamirez-0442.jpg,2026-05-06 10:56:46
08_Executive_Portraits,16_JohnRobles-0261.jpg,Brett Williams Studios LLC,Brett Williams,100% Chain of Title (Non-Scraped),17 U.S.C. § 106,Mandatory Disclosure Summary,dfcd56f6005fe125a133b9c9a9ff2581,Ai_Samples _Ready/08_Executive_Portraits/16_JohnRobles-0261.jpg,2026-05-06 10:56:46
08_Executive_Portraits,53_AndreaGiometti-0895.jpg,Brett Williams Studios LLC,Brett Williams,100% Chain of Title (Non-Scraped),17 U.S.C. § 106,Mandatory Disclosure Summary,2ff08eb5f924c2e950da8c81fd6ef2a9,Ai_Samples _Ready/08_Executive_Portraits/53_AndreaGiometti-0895.jpg,2026-05-06 10:56:46
08_Executive_Portraits,24_OrlandoRamirez-0425.jpg,Brett Williams Studios LLC,Brett Williams,100% Chain of Title (Non-Scraped),17 U.S.C. § 106,Mandatory Disclosure Summary,4dc2ceab86c14e548a2579280cea08b0,Ai_Samples _Ready/08_Executive_Portraits/24_OrlandoRamirez-0425.jpg,2026-05-06 10:56:46
08_Executive_Portraits,02_SusanDomagalski-0052.jpg,Brett Williams Studios LLC,Brett Williams,100% Chain of Title (Non-Scraped),17 U.S.C. § 106,Mandatory Disclosure Summary,89ac3134fce130a05878ece2104afa40,Ai_Samples _Ready/08_Executive_Portraits/02_SusanDomagalski-0052.jpg,2026-05-06 10:56:46
08_Executive_Portraits,02_SusanDomagalski-0046.jpg,Brett Williams Studios LLC,Brett Williams,100% Chain of Title (Non-Scraped),17 U.S.C. § 106,Mandatory Disclosure Summary,728d5512eb154dfc6f5300115c7476a9,Ai_Samples _Ready/08_Executive_Portraits/02_SusanDomagalski-0046.jpg,2026-05-06 10:56:46
08_Executive_Portraits,24_OrlandoRamirez-0431.jpg,Brett Williams Studios LLC,Brett Williams,100% Chain of Title (Non-Scraped),17 U.S.C. § 106,Mandatory Disclosure Summary,24ca5473a12aa92bc62d4f09558ca78a,Ai_Samples _Ready/08_Executive_Portraits/24_OrlandoRamirez-0431.jpg,2026-05-06 10:56:46
08_Executive_Portraits,38_MichaelPacek-0655.jpg,Brett Williams Studios LLC,Brett Williams,100% Chain of Title (Non-Scraped),17 U.S.C. § 106,Mandatory Disclosure Summary,6d97937f23e9eb45777be34c93b35dad,Ai_Samples _Ready/08_Executive_Portraits/38_MichaelPacek-0655.jpg,2026-05-06 10:56:46
08_Executive_Portraits,13_JerryGentle-0208.jpg,Brett Williams Studios LLC,Brett Williams,100% Chain of Title (Non-Scraped),17 U.S.C. § 106,Mandatory Disclosure Summary,3e97aa4614280da15d0f78a9a9b4b8f0,Ai_Samples _Ready/08_Executive_Portraits/13_JerryGentle-0208.jpg,2026-05-06 10:56:46
08_Executive_Portraits,43_JohnSears-0736.jpg,Brett Williams Studios LLC,Brett Williams,100% Chain of Title (Non-Scraped),17 U.S.C. § 106,Mandatory Disclosure Summary,3799e1fec905a5a37f50a1caea4941bb,Ai_Samples _Ready/08_Executive_Portraits/43_JohnSears-0736.jpg,2026-05-06 10:56:46
08_Executive_Portraits,20_KarieDeGraffenreid-0331.jpg,Brett Williams Studios LLC,Brett Williams,100% Chain of Title (Non-Scraped),17 U.S.C. § 106,Mandatory Disclosure Summary,061150984169a9b4217879ae60a3f5be,Ai_Samples _Ready/08_Executive_Portraits/20_KarieDeGraffenreid-0331.jpg,2026-05-06 10:56:46
08_Executive_Portraits,61_TimFitzgerald-1045.jpg,Brett Williams Studios LLC,Brett Williams,100% Chain of Title (Non-Scraped),17 U.S.C. § 106,Mandatory Disclosure Summary,dc328105e94d48097c999cc23f7fa860,Ai_Samples _Ready/08_Executive_Portraits/61_TimFitzgerald-1045.jpg,2026-05-06 10:56:46
08_Executive_Portraits,39_ChrisHarrell-0669.jpg,Brett Williams Studios LLC,Brett Williams,100% Chain of Title (Non-Scraped),17 U.S.C. § 106,Mandatory Disclosure Summary,6ca6452dd52d9a7814ef5d2d1ae20485,Ai_Samples _Ready/08_Executive_Portraits/39_ChrisHarrell-0669.jpg,2026-05-06 10:56:46
08_Executive_Portraits,61_TimFitzgerald-1051.jpg,Brett Williams Studios LLC,Brett Williams,100% Chain of Title (Non-Scraped),17 U.S.C. § 106,Mandatory Disclosure Summary,8c4f807b0961aac6a95bedc624f890dc,Ai_Samples _Ready/08_Executive_Portraits/61_TimFitzgerald-1051.jpg,2026-05-06 10:56:46
08_Executive_Portraits,47_JeremyFrank-0814.jpg,Brett Williams Studios LLC,Brett Williams,100% Chain of Title (Non-Scraped),17 U.S.C. § 106,Mandatory Disclosure Summary,dc5533b027a4ea06d0d565cd9cb71a4a,Ai_Samples _Ready/08_Executive_Portraits/47_JeremyFrank-0814.jpg,2026-05-06 10:56:46
08_Executive_Portraits,46_TomHarvell-0808.jpg,Brett Williams Studios LLC,Brett Williams,100% Chain of Title (Non-Scraped),17 U.S.C. § 106,Mandatory Disclosure Summary,3b46b4c202db64b4917211ebab49d32d,Ai_Samples _Ready/08_Executive_Portraits/46_TomHarvell-0808.jpg,2026-05-06 10:56:46
08_Executive_Portraits,15_SteveNava-0242.jpg,Brett Williams Studios LLC,Brett Williams,100% Chain of Title (Non-Scraped),17 U.S.C. § 106,Mandatory Disclosure Summary,5245c4e89821a6da4e6748cb63614f96,Ai_Samples _Ready/08_Executive_Portraits/15_SteveNava-0242.jpg,2026-05-06 10:56:46
08_Executive_Portraits,27_SteveSevick-0484.jpg,Brett Williams Studios LLC,Brett Williams,100% Chain of Title (Non-Scraped),17 U.S.C. § 106,Mandatory Disclosure Summary,dd2a863cd27bad5d1f1bc32cae44d483,Ai_Samples _Ready/08_Executive_Portraits/27_SteveSevick-0484.jpg,2026-05-06 10:56:46
08_Executive_Portraits,19_PaigeKarno-0323.jpg,Brett Williams Studios LLC,Brett Williams,100% Chain of Title (Non-Scraped),17 U.S.C. § 106,Mandatory Disclosure Summary,a64d0a0d161e854ec145bed34f4a80f2,Ai_Samples _Ready/08_Executive_Portraits/19_PaigeKarno-0323.jpg,2026-05-06 10:56:46
08_Executive_Portraits,58_JoshTrujilo-1003.jpg,Brett Williams Studios LLC,Brett Williams,100% Chain of Title (Non-Scraped),17 U.S.C. § 106,Mandatory Disclosure Summary,6e819fea74cb62e15c16c3d8add377e8,Ai_Samples _Ready/08_Executive_Portraits/58_JoshTrujilo-1003.jpg,2026-05-06 10:56:46
08_Executive_Portraits,14_GillianComito-0219-1.jpg,Brett Williams Studios LLC,Brett Williams,100% Chain of Title (Non-Scraped),17 U.S.C. § 106,Mandatory Disclosure Summary,d538b2296491ff0c647e2020ef72ef49,Ai_Samples _Ready/08_Executive_Portraits/14_GillianComito-0219-1.jpg,2026-05-06 10:56:46
08_Executive_Portraits,05_SONYA-0096.jpg,Brett Williams Studios LLC,Brett Williams,100% Chain of Title (Non-Scraped),17 U.S.C. § 106,Mandatory Disclosure Summary,639d7581d9f23d2274d859a1a65c5423,Ai_Samples _Ready/08_Executive_Portraits/05_SONYA-0096.jpg,2026-05-06 10:56:46
08_Executive_Portraits,56_AnthonyTauszky-0953.jpg,Brett Williams Studios LLC,Brett Williams,100% Chain of Title (Non-Scraped),17 U.S.C. § 106,Mandatory Disclosure Summary,ca4df7e1801d867c5f8a28aa2b32df00,Ai_Samples _Ready/08_Executive_Portraits/56_AnthonyTauszky-0953.jpg,2026-05-06 10:56:46
08_Executive_Portraits,60_LynnElliott-1016.jpg,Brett Williams Studios LLC,Brett Williams,100% Chain of Title (Non-Scraped),17 U.S.C. § 106,Mandatory Disclosure Summary,c3f99c4d758d3ef55cec24b81302cc10,Ai_Samples _Ready/08_Executive_Portraits/60_LynnElliott-1016.jpg,2026-05-06 10:56:46
08_Executive_Portraits,44_DaveRoberts-0749.jpg,Brett Williams Studios LLC,Brett Williams,100% Chain of Title (Non-Scraped),17 U.S.C. § 106,Mandatory Disclosure Summary,ffc8edcfc2f7a4d2930a296503e53c3a,Ai_Samples _Ready/08_Executive_Portraits/44_DaveRoberts-0749.jpg,2026-05-06 10:56:46
08_Executive_Portraits,11_DawnBalke-0160.jpg,Brett Williams Studios LLC,Brett Williams,100% Chain of Title (Non-Scraped),17 U.S.C. § 106,Mandatory Disclosure Summary,9b8f6aa63e0d6127f0b7df34c7b7fd8f,Ai_Samples _Ready/08_Executive_Portraits/11_DawnBalke-0160.jpg,2026-05-06 10:56:46
08_Executive_Portraits,11_DawnBalke-0174.jpg,Brett Williams Studios LLC,Brett Williams,100% Chain of Title (Non-Scraped),17 U.S.C. § 106,Mandatory Disclosure Summary,795bba4f70ac4eb618724854098d2daa,Ai_Samples _Ready/08_Executive_Portraits/11_DawnBalke-0174.jpg,2026-05-06 10:56:46
08_Executive_Portraits,66_MunMunMalik-1135.jpg,Brett Williams Studios LLC,Brett Williams,100% Chain of Title (Non-Scraped),17 U.S.C. § 106,Mandatory Disclosure Summary,cb70aea7c90ff7573ba088d220258c00,Ai_Samples _Ready/08_Executive_Portraits/66_MunMunMalik-1135.jpg,2026-05-06 10:56:46
08_Executive_Portraits,48_ChrisThompson-0838.jpg,Brett Williams Studios LLC,Brett Williams,100% Chain of Title (Non-Scraped),17 U.S.C. § 106,Mandatory Disclosure Summary,408bac3a9cc803d20a1333f74833fde5,Ai_Samples _Ready/08_Executive_Portraits/48_ChrisThompson-0838.jpg,2026-05-06 10:56:46
08_Executive_Portraits,48_ChrisThompson-0839.jpg,Brett Williams Studios LLC,Brett Williams,100% Chain of Title (Non-Scraped),17 U.S.C. § 106,Mandatory Disclosure Summary,d8826cc70ad3389c09ffcc7ff1662781,Ai_Samples _Ready/08_Executive_Portraits/48_ChrisThompson-0839.jpg,2026-05-06 10:56:46
08_Executive_Portraits,11_DawnBalke-0175.jpg,Brett Williams Studios LLC,Brett Williams,100% Chain of Title (Non-Scraped),17 U.S.C. § 106,Mandatory Disclosure Summary,16053f1181e0feef400772bcef186cba,Ai_Samples _Ready/08_Executive_Portraits/11_DawnBalke-0175.jpg,2026-05-06 10:56:46
08_Executive_Portraits,66_MunMunMalik-1134.jpg,Brett Williams Studios LLC,Brett Williams,100% Chain of Title (Non-Scraped),17 U.S.C. § 106,Mandatory Disclosure Summary,6d0ce2cad729e102f2c398c09a65ff10,Ai_Samples _Ready/08_Executive_Portraits/66_MunMunMalik-1134.jpg,2026-05-06 10:56:46
08_Executive_Portraits,11_DawnBalke-0161.jpg,Brett Williams Studios LLC,Brett Williams,100% Chain of Title (Non-Scraped),17 U.S.C. § 106,Mandatory Disclosure Summary,079e66b7609389082b949f77e42df420,Ai_Samples _Ready/08_Executive_Portraits/11_DawnBalke-0161.jpg,2026-05-06 10:56:46
08_Executive_Portraits,30_AnneMarie-0527.jpg,Brett Williams Studios LLC,Brett Williams,100% Chain of Title (Non-Scraped),17 U.S.C. § 106,Mandatory Disclosure Summary,5829033063e348197392d5582d464897,Ai_Samples _Ready/08_Executive_Portraits/30_AnneMarie-0527.jpg,2026-05-06 10:56:46
08_Executive_Portraits,44_DaveRoberts-0748.jpg,Brett Williams Studios LLC,Brett Williams,100% Chain of Title (Non-Scraped),17 U.S.C. § 106,Mandatory Disclosure Summary,0455e934b227d41257365af4d31bf6df,Ai_Samples _Ready/08_Executive_Portraits/44_DaveRoberts-0748.jpg,2026-05-06 10:56:46
08_Executive_Portraits,60_LynnElliott-1017.jpg,Brett Williams Studios LLC,Brett Williams,100% Chain of Title (Non-Scraped),17 U.S.C. § 106,Mandatory Disclosure Summary,48f912d5441b2fa874603352a0a4d8c2,Ai_Samples _Ready/08_Executive_Portraits/60_LynnElliott-1017.jpg,2026-05-06 10:56:46
08_Executive_Portraits,56_AnthonyTauszky-0952.jpg,Brett Williams Studios LLC,Brett Williams,100% Chain of Title (Non-Scraped),17 U.S.C. § 106,Mandatory Disclosure Summary,a9da8e1fb1afe08423a2edb5052cca8a,Ai_Samples _Ready/08_Executive_Portraits/56_AnthonyTauszky-0952.jpg,2026-05-06 10:56:46
08_Executive_Portraits,65_StephenMcPhee-1116.jpg,Brett Williams Studios LLC,Brett Williams,100% Chain of Title (Non-Scraped),17 U.S.C. § 106,Mandatory Disclosure Summary,3b6329dd0c141992983742679fe9c978,Ai_Samples _Ready/08_Executive_Portraits/65_StephenMcPhee-1116.jpg,2026-05-06 10:56:46
08_Executive_Portraits,05_SONYA-0097.jpg,Brett Williams Studios LLC,Brett Williams,100% Chain of Title (Non-Scraped),17 U.S.C. § 106,Mandatory Disclosure Summary,27222f7bf5178f1d96794ca21b3e199c,Ai_Samples _Ready/08_Executive_Portraits/05_SONYA-0097.jpg,2026-05-06 10:56:46
08_Executive_Portraits,58_JoshTrujilo-1002.jpg,Brett Williams Studios LLC,Brett Williams,100% Chain of Title (Non-Scraped),17 U.S.C. § 106,Mandatory Disclosure Summary,df77790230932e92bd0b595992b5fdae,Ai_Samples _Ready/08_Executive_Portraits/58_JoshTrujilo-1002.jpg,2026-05-06 10:56:46
08_Executive_Portraits,19_PaigeKarno-0322.jpg,Brett Williams Studios LLC,Brett Williams,100% Chain of Title (Non-Scraped),17 U.S.C. § 106,Mandatory Disclosure Summary,779b01a59f9a4aad9cc098e3b261f149,Ai_Samples _Ready/08_Executive_Portraits/19_PaigeKarno-0322.jpg,2026-05-06 10:56:46
08_Executive_Portraits,27_SteveSevick-0485.jpg,Brett Williams Studios LLC,Brett Williams,100% Chain of Title (Non-Scraped),17 U.S.C. § 106,Mandatory Disclosure Summary,7b05aa986137be75d8b06548513e9690,Ai_Samples _Ready/08_Executive_Portraits/27_SteveSevick-0485.jpg,2026-05-06 10:56:46
08_Executive_Portraits,46_TomHarvell-0809.jpg,Brett Williams Studios LLC,Brett Williams,100% Chain of Title (Non-Scraped),17 U.S.C. § 106,Mandatory Disclosure Summary,d24cf653841b88e32323c2106b27fa38,Ai_Samples _Ready/08_Executive_Portraits/46_TomHarvell-0809.jpg,2026-05-06 10:56:46
08_Executive_Portraits,15_SteveNava-0243.jpg,Brett Williams Studios LLC,Brett Williams,100% Chain of Title (Non-Scraped),17 U.S.C. § 106,Mandatory Disclosure Summary,779f5d4720b58ee33b335b600faa3bf2,Ai_Samples _Ready/08_Executive_Portraits/15_SteveNava-0243.jpg,2026-05-06 10:56:46
08_Executive_Portraits,47_JeremyFrank-0815.jpg,Brett Williams Studios LLC,Brett Williams,100% Chain of Title (Non-Scraped),17 U.S.C. § 106,Mandatory Disclosure Summary,37cbf5d5b37402e07e8f05476bb4d3ba,Ai_Samples _Ready/08_Executive_Portraits/47_JeremyFrank-0815.jpg,2026-05-06 10:56:46
08_Executive_Portraits,61_TimFitzgerald-1044.jpg,Brett Williams Studios LLC,Brett Williams,100% Chain of Title (Non-Scraped),17 U.S.C. § 106,Mandatory Disclosure Summary,c60b7c93edbc69a2406e39e0be3985ea,Ai_Samples _Ready/08_Executive_Portraits/61_TimFitzgerald-1044.jpg,2026-05-06 10:56:46
08_Executive_Portraits,43_JohnSears-0737.jpg,Brett Williams Studios LLC,Brett Williams,100% Chain of Title (Non-Scraped),17 U.S.C. § 106,Mandatory Disclosure Summary,dd1eace6bc5a7aca7798ed0ca7424d1e,Ai_Samples _Ready/08_Executive_Portraits/43_JohnSears-0737.jpg,2026-05-06 10:56:46
08_Executive_Portraits,13_JerryGentle-0209.jpg,Brett Williams Studios LLC,Brett Williams,100% Chain of Title (Non-Scraped),17 U.S.C. § 106,Mandatory Disclosure Summary,5b25bd928e16947d32e70400933aa5a7,Ai_Samples _Ready/08_Executive_Portraits/13_JerryGentle-0209.jpg,2026-05-06 10:56:46
08_Executive_Portraits,38_MichaelPacek-0654.jpg,Brett Williams Studios LLC,Brett Williams,100% Chain of Title (Non-Scraped),17 U.S.C. § 106,Mandatory Disclosure Summary,398a1bf29d6b4dbce1c3f3b78c5eb42c,Ai_Samples _Ready/08_Executive_Portraits/38_MichaelPacek-0654.jpg,2026-05-06 10:56:46
08_Executive_Portraits,02_SusanDomagalski-0047.jpg,Brett Williams Studios LLC,Brett Williams,100% Chain of Title (Non-Scraped),17 U.S.C. § 106,Mandatory Disclosure Summary,f0177ed5489212fdd13775e358a47ce3,Ai_Samples _Ready/08_Executive_Portraits/02_SusanDomagalski-0047.jpg,2026-05-06 10:56:46
08_Executive_Portraits,24_OrlandoRamirez-0430.jpg,Brett Williams Studios LLC,Brett Williams,100% Chain of Title (Non-Scraped),17 U.S.C. § 106,Mandatory Disclosure Summary,c2e2dea9133806e332b05950e458c9e3,Ai_Samples _Ready/08_Executive_Portraits/24_OrlandoRamirez-0430.jpg,2026-05-06 10:56:46
08_Executive_Portraits,24_OrlandoRamirez-0424.jpg,Brett Williams Studios LLC,Brett Williams,100% Chain of Title (Non-Scraped),17 U.S.C. § 106,Mandatory Disclosure Summary,f586c4a1cc70f59b723c4d015a235f58,Ai_Samples _Ready/08_Executive_Portraits/24_OrlandoRamirez-0424.jpg,2026-05-06 10:56:46
08_Executive_Portraits,02_SusanDomagalski-0053.jpg,Brett Williams Studios LLC,Brett Williams,100% Chain of Title (Non-Scraped),17 U.S.C. § 106,Mandatory Disclosure Summary,39ef307259144c372df23da09748cabe,Ai_Samples _Ready/08_Executive_Portraits/02_SusanDomagalski-0053.jpg,2026-05-06 10:56:46
08_Executive_Portraits,24_OrlandoRamirez-0432.jpg,Brett Williams Studios LLC,Brett Williams,100% Chain of Title (Non-Scraped),17 U.S.C. § 106,Mandatory Disclosure Summary,d745644ca4b6d9628f6727c3d4997de8,Ai_Samples _Ready/08_Executive_Portraits/24_OrlandoRamirez-0432.jpg,2026-05-06 10:56:46
08_Executive_Portraits,02_SusanDomagalski-0045.jpg,Brett Williams Studios LLC,Brett Williams,100% Chain of Title (Non-Scraped),17 U.S.C. § 106,Mandatory Disclosure Summary,e299948c3defacd1e9f23abc6712763a,Ai_Samples _Ready/08_Executive_Portraits/02_SusanDomagalski-0045.jpg,2026-05-06 10:56:46
08_Executive_Portraits,02_SusanDomagalski-0051.jpg,Brett Williams Studios LLC,Brett Williams,100% Chain of Title (Non-Scraped),17 U.S.C. § 106,Mandatory Disclosure Summary,246880b0af0406eb933892224f1f6c59,Ai_Samples _Ready/08_Executive_Portraits/02_SusanDomagalski-0051.jpg,2026-05-06 10:56:46
08_Executive_Portraits,53_AndreaGiometti-0896.jpg,Brett Williams Studios LLC,Brett Williams,100% Chain of Title (Non-Scraped),17 U.S.C. § 106,Mandatory Disclosure Summary,de5e983a5363aba5b44ab170f13d49dc,Ai_Samples _Ready/08_Executive_Portraits/53_AndreaGiometti-0896.jpg,2026-05-06 10:56:46
08_Executive_Portraits,24_OrlandoRamirez-0426.jpg,Brett Williams Studios LLC,Brett Williams,100% Chain of Title (Non-Scraped),17 U.S.C. § 106,Mandatory Disclosure Summary,789882c392b4dc906d57c5aa268cf511,Ai_Samples _Ready/08_Executive_Portraits/24_OrlandoRamirez-0426.jpg,2026-05-06 10:56:46
08_Executive_Portraits,18_LaurieMitchell-0289.jpg,Brett Williams Studios LLC,Brett Williams,100% Chain of Title (Non-Scraped),17 U.S.C. § 106,Mandatory Disclosure Summary,a890b52ee966f85e8131df096d4ca6bd,Ai_Samples _Ready/08_Executive_Portraits/18_LaurieMitchell-0289.jpg,2026-05-06 10:56:46
08_Executive_Portraits,38_MichaelPacek-0656.jpg,Brett Williams Studios LLC,Brett Williams,100% Chain of Title (Non-Scraped),17 U.S.C. § 106,Mandatory Disclosure Summary,df6228c8b141baf2a464302d231c2190,Ai_Samples _Ready/08_Executive_Portraits/38_MichaelPacek-0656.jpg,2026-05-06 10:56:46
08_Executive_Portraits,35_AndrewMishler-0625.jpg,Brett Williams Studios LLC,Brett Williams,100% Chain of Title (Non-Scraped),17 U.S.C. § 106,Mandatory Disclosure Summary,10545e1ac72178a01361af97c846576b,Ai_Samples _Ready/08_Executive_Portraits/35_AndrewMishler-0625.jpg,2026-05-06 10:56:46
08_Executive_Portraits,22_Group-0382.jpg,Brett Williams Studios LLC,Brett Williams,100% Chain of Title (Non-Scraped),17 U.S.C. § 106,Mandatory Disclosure Summary,322a7d56c2951e2c6725a09531075e89,Ai_Samples _Ready/08_Executive_Portraits/22_Group-0382.jpg,2026-05-06 10:56:46
08_Executive_Portraits,43_JohnSears-0735.jpg,Brett Williams Studios LLC,Brett Williams,100% Chain of Title (Non-Scraped),17 U.S.C. § 106,Mandatory Disclosure Summary,cae689edb414a6f0eec4e8a214a25271,Ai_Samples _Ready/08_Executive_Portraits/43_JohnSears-0735.jpg,2026-05-06 10:56:46
08_Executive_Portraits,35_AndrewMishler-0619.jpg,Brett Williams Studios LLC,Brett Williams,100% Chain of Title (Non-Scraped),17 U.S.C. § 106,Mandatory Disclosure Summary,84b226c001fc3c4d5bef1ba8c8dd8ce1,Ai_Samples _Ready/08_Executive_Portraits/35_AndrewMishler-0619.jpg,2026-05-06 10:56:46
08_Executive_Portraits,55_AnthonyPicardi-0949.jpg,Brett Williams Studios LLC,Brett Williams,100% Chain of Title (Non-Scraped),17 U.S.C. § 106,Mandatory Disclosure Summary,87c70d9e0901f3428d8196ae9fbf79f8,Ai_Samples _Ready/08_Executive_Portraits/55_AnthonyPicardi-0949.jpg,2026-05-06 10:56:46
08_Executive_Portraits,20_KarieDeGraffenreid-0332.jpg,Brett Williams Studios LLC,Brett Williams,100% Chain of Title (Non-Scraped),17 U.S.C. § 106,Mandatory Disclosure Summary,ae83877331954458491d3fdfbf97cdaa,Ai_Samples _Ready/08_Executive_Portraits/20_KarieDeGraffenreid-0332.jpg,2026-05-06 10:56:46
08_Executive_Portraits,61_TimFitzgerald-1052.jpg,Brett Williams Studios LLC,Brett Williams,100% Chain of Title (Non-Scraped),17 U.S.C. § 106,Mandatory Disclosure Summary,7fd8e5b8ffcfc9b8032925fef9d47284,Ai_Samples _Ready/08_Executive_Portraits/61_TimFitzgerald-1052.jpg,2026-05-06 10:56:46
08_Executive_Portraits,47_JeremyFrank-0817.jpg,Brett Williams Studios LLC,Brett Williams,100% Chain of Title (Non-Scraped),17 U.S.C. § 106,Mandatory Disclosure Summary,4a2dc22933eb75c677f2d3598a60428b,Ai_Samples _Ready/08_Executive_Portraits/47_JeremyFrank-0817.jpg,2026-05-06 10:56:46
08_Executive_Portraits,31_HeatherWhite-0537.jpg,Brett Williams Studios LLC,Brett Williams,100% Chain of Title (Non-Scraped),17 U.S.C. § 106,Mandatory Disclosure Summary,7186fccd239f7c1a1bb24a2b1ba0d549,Ai_Samples _Ready/08_Executive_Portraits/31_HeatherWhite-0537.jpg,2026-05-06 10:56:46
08_Executive_Portraits,19_PaigeKarno-0297.jpg,Brett Williams Studios LLC,Brett Williams,100% Chain of Title (Non-Scraped),17 U.S.C. § 106,Mandatory Disclosure Summary,1863eb40c28761cd4c51e0c6fdb1a68c,Ai_Samples _Ready/08_Executive_Portraits/19_PaigeKarno-0297.jpg,2026-05-06 10:56:46
08_Executive_Portraits,15_SteveNava-0241.jpg,Brett Williams Studios LLC,Brett Williams,100% Chain of Title (Non-Scraped),17 U.S.C. § 106,Mandatory Disclosure Summary,a0958c03481e03f79dc9a858db3162a8,Ai_Samples _Ready/08_Executive_Portraits/15_SteveNava-0241.jpg,2026-05-06 10:56:46
08_Executive_Portraits,19_PaigeKarno-0320.jpg,Brett Williams Studios LLC,Brett Williams,100% Chain of Title (Non-Scraped),17 U.S.C. § 106,Mandatory Disclosure Summary,4dc7e1f57c7d5c182e3b5907e9920ec1,Ai_Samples _Ready/08_Executive_Portraits/19_PaigeKarno-0320.jpg,2026-05-06 10:56:46
08_Executive_Portraits,58_JoshTrujilo-1000.jpg,Brett Williams Studios LLC,Brett Williams,100% Chain of Title (Non-Scraped),17 U.S.C. § 106,Mandatory Disclosure Summary,dc3396d80189dbc9c1bb33dbcaf35ddd,Ai_Samples _Ready/08_Executive_Portraits/58_JoshTrujilo-1000.jpg,2026-05-06 10:56:46
08_Executive_Portraits,27_SteveSevick-0487.jpg,Brett Williams Studios LLC,Brett Williams,100% Chain of Title (Non-Scraped),17 U.S.C. § 106,Mandatory Disclosure Summary,6aee3c97faf239d7cc10d3d0966e0735,Ai_Samples _Ready/08_Executive_Portraits/27_SteveSevick-0487.jpg,2026-05-06 10:56:46
08_Executive_Portraits,65_StephenMcPhee-1114.jpg,Brett Williams Studios LLC,Brett Williams,100% Chain of Title (Non-Scraped),17 U.S.C. § 106,Mandatory Disclosure Summary,70b914de624230805226303428b642cb,Ai_Samples _Ready/08_Executive_Portraits/65_StephenMcPhee-1114.jpg,2026-05-06 10:56:46
08_Executive_Portraits,30_AnneMarie-0519.jpg,Brett Williams Studios LLC,Brett Williams,100% Chain of Title (Non-Scraped),17 U.S.C. § 106,Mandatory Disclosure Summary,d1552d73e16e2dc5b7918741b95dfac0,Ai_Samples _Ready/08_Executive_Portraits/30_AnneMarie-0519.jpg,2026-05-06 10:56:46
08_Executive_Portraits,23_AmberLogan-0419.jpg,Brett Williams Studios LLC,Brett Williams,100% Chain of Title (Non-Scraped),17 U.S.C. § 106,Mandatory Disclosure Summary,75d216bbd0a671635bcce483ac4e96ca,Ai_Samples _Ready/08_Executive_Portraits/23_AmberLogan-0419.jpg,2026-05-06 10:56:46
08_Executive_Portraits,60_LynnElliott-1029.jpg,Brett Williams Studios LLC,Brett Williams,100% Chain of Title (Non-Scraped),17 U.S.C. § 106,Mandatory Disclosure Summary,21b880c56cdaee1082cec3c6d696799d,Ai_Samples _Ready/08_Executive_Portraits/60_LynnElliott-1029.jpg,2026-05-06 10:56:46
08_Executive_Portraits,66_MunMunMalik-1136.jpg,Brett Williams Studios LLC,Brett Williams,100% Chain of Title (Non-Scraped),17 U.S.C. § 106,Mandatory Disclosure Summary,f9afb6967e9ba17303907920342d8a7b,Ai_Samples _Ready/08_Executive_Portraits/66_MunMunMalik-1136.jpg,2026-05-06 10:56:46
08_Executive_Portraits,11_DawnBalke-0177.jpg,Brett Williams Studios LLC,Brett Williams,100% Chain of Title (Non-Scraped),17 U.S.C. § 106,Mandatory Disclosure Summary,51d36c9c4e926fcc321e701ce8a9a5f8,Ai_Samples _Ready/08_Executive_Portraits/11_DawnBalke-0177.jpg,2026-05-06 10:56:46
08_Executive_Portraits,11_DawnBalke-0163.jpg,Brett Williams Studios LLC,Brett Williams,100% Chain of Title (Non-Scraped),17 U.S.C. § 106,Mandatory Disclosure Summary,b321394305f32e11a75aeadd6138814b,Ai_Samples _Ready/08_Executive_Portraits/11_DawnBalke-0163.jpg,2026-05-06 10:56:46
08_Executive_Portraits,66_MunMunMalik-1122.jpg,Brett Williams Studios LLC,Brett Williams,100% Chain of Title (Non-Scraped),17 U.S.C. § 106,Mandatory Disclosure Summary,6aacd027f10d1b60d808ae18a3db7dcf,Ai_Samples _Ready/08_Executive_Portraits/66_MunMunMalik-1122.jpg,2026-05-06 10:56:46
08_Executive_Portraits,53_AndreaGiometti-0921.jpg,Brett Williams Studios LLC,Brett Williams,100% Chain of Title (Non-Scraped),17 U.S.C. § 106,Mandatory Disclosure Summary,8d6badc4089d588d512258729d8afb30,Ai_Samples _Ready/08_Executive_Portraits/53_AndreaGiometti-0921.jpg,2026-05-06 10:56:46
08_Executive_Portraits,53_AndreaGiometti-0908.jpg,Brett Williams Studios LLC,Brett Williams,100% Chain of Title (Non-Scraped),17 U.S.C. § 106,Mandatory Disclosure Summary,2bd1d95b564fbe90436fa912dbcab9a4,Ai_Samples _Ready/08_Executive_Portraits/53_AndreaGiometti-0908.jpg,2026-05-06 10:56:46
08_Executive_Portraits,37_RayMorley-0636.jpg,Brett Williams Studios LLC,Brett Williams,100% Chain of Title (Non-Scraped),17 U.S.C. § 106,Mandatory Disclosure Summary,fe7e0ddadffd97564246665ef109bbc4,Ai_Samples _Ready/08_Executive_Portraits/37_RayMorley-0636.jpg,2026-05-06 10:56:46
08_Executive_Portraits,53_AndreaGiometti-0920.jpg,Brett Williams Studios LLC,Brett Williams,100% Chain of Title (Non-Scraped),17 U.S.C. § 106,Mandatory Disclosure Summary,60f1add40cbf58ea9ee995e108687acc,Ai_Samples _Ready/08_Executive_Portraits/53_AndreaGiometti-0920.jpg,2026-05-06 10:56:46
08_Executive_Portraits,66_MunMunMalik-1123.jpg,Brett Williams Studios LLC,Brett Williams,100% Chain of Title (Non-Scraped),17 U.S.C. § 106,Mandatory Disclosure Summary,8f3b22617ee681ececba59cafdba21cd,Ai_Samples _Ready/08_Executive_Portraits/66_MunMunMalik-1123.jpg,2026-05-06 10:56:46
08_Executive_Portraits,66_MunMunMalik-1137.jpg,Brett Williams Studios LLC,Brett Williams,100% Chain of Title (Non-Scraped),17 U.S.C. § 106,Mandatory Disclosure Summary,3972d0691c8261e12c60d60f078651ea,Ai_Samples _Ready/08_Executive_Portraits/66_MunMunMalik-1137.jpg,2026-05-06 10:56:46
08_Executive_Portraits,11_DawnBalke-0176.jpg,Brett Williams Studios LLC,Brett Williams,100% Chain of Title (Non-Scraped),17 U.S.C. § 106,Mandatory Disclosure Summary,7fa908e8a7b18b50e5d7fff0dc4d89f9,Ai_Samples _Ready/08_Executive_Portraits/11_DawnBalke-0176.jpg,2026-05-06 10:56:46
08_Executive_Portraits,30_AnneMarie-0524.jpg,Brett Williams Studios LLC,Brett Williams,100% Chain of Title (Non-Scraped),17 U.S.C. § 106,Mandatory Disclosure Summary,9fa16c059d22b823ad4bee98b8be0d71,Ai_Samples _Ready/08_Executive_Portraits/30_AnneMarie-0524.jpg,2026-05-06 10:56:46
08_Executive_Portraits,60_LynnElliott-1028.jpg,Brett Williams Studios LLC,Brett Williams,100% Chain of Title (Non-Scraped),17 U.S.C. § 106,Mandatory Disclosure Summary,29eef5adc930894b99c6b944f023254f,Ai_Samples _Ready/08_Executive_Portraits/60_LynnElliott-1028.jpg,2026-05-06 10:56:46
08_Executive_Portraits,28_CarltonDSouza-0498.jpg,Brett Williams Studios LLC,Brett Williams,100% Chain of Title (Non-Scraped),17 U.S.C. § 106,Mandatory Disclosure Summary,8e300e3cf816a404d056718f3bf4abfa,Ai_Samples _Ready/08_Executive_Portraits/28_CarltonDSouza-0498.jpg,2026-05-06 10:56:46
08_Executive_Portraits,30_AnneMarie-0518.jpg,Brett Williams Studios LLC,Brett Williams,100% Chain of Title (Non-Scraped),17 U.S.C. § 106,Mandatory Disclosure Summary,16d360e08fe11e2d160ba3a370794399,Ai_Samples _Ready/08_Executive_Portraits/30_AnneMarie-0518.jpg,2026-05-06 10:56:46
08_Executive_Portraits,27_SteveSevick-0479.jpg,Brett Williams Studios LLC,Brett Williams,100% Chain of Title (Non-Scraped),17 U.S.C. § 106,Mandatory Disclosure Summary,57e149500d4572240eaaa420d094c478,Ai_Samples _Ready/08_Executive_Portraits/27_SteveSevick-0479.jpg,2026-05-06 10:56:46
08_Executive_Portraits,05_SONYA-0094.jpg,Brett Williams Studios LLC,Brett Williams,100% Chain of Title (Non-Scraped),17 U.S.C. § 106,Mandatory Disclosure Summary,56a3e6b6fd1f07f0b149939041f84741,Ai_Samples _Ready/08_Executive_Portraits/05_SONYA-0094.jpg,2026-05-06 10:56:46
08_Executive_Portraits,65_StephenMcPhee-1115.jpg,Brett Williams Studios LLC,Brett Williams,100% Chain of Title (Non-Scraped),17 U.S.C. § 106,Mandatory Disclosure Summary,d1a109eb2d2e3d20dd7159798b6819ee,Ai_Samples _Ready/08_Executive_Portraits/65_StephenMcPhee-1115.jpg,2026-05-06 10:56:46
08_Executive_Portraits,19_PaigeKarno-0309.jpg,Brett Williams Studios LLC,Brett Williams,100% Chain of Title (Non-Scraped),17 U.S.C. § 106,Mandatory Disclosure Summary,c3e55054273210729824b4234e714e11,Ai_Samples _Ready/08_Executive_Portraits/19_PaigeKarno-0309.jpg,2026-05-06 10:56:46
08_Executive_Portraits,27_SteveSevick-0486.jpg,Brett Williams Studios LLC,Brett Williams,100% Chain of Title (Non-Scraped),17 U.S.C. § 106,Mandatory Disclosure Summary,26aa039caec318e64638be506a231efd,Ai_Samples _Ready/08_Executive_Portraits/27_SteveSevick-0486.jpg,2026-05-06 10:56:46
08_Executive_Portraits,58_JoshTrujilo-1001.jpg,Brett Williams Studios LLC,Brett Williams,100% Chain of Title (Non-Scraped),17 U.S.C. § 106,Mandatory Disclosure Summary,9cd043e080543c3fe40f833ce27e605f,Ai_Samples _Ready/08_Executive_Portraits/58_JoshTrujilo-1001.jpg,2026-05-06 10:56:46
08_Executive_Portraits,19_PaigeKarno-0321.jpg,Brett Williams Studios LLC,Brett Williams,100% Chain of Title (Non-Scraped),17 U.S.C. § 106,Mandatory Disclosure Summary,64117c8793c92c9d2f8dfc1f1a593e86,Ai_Samples _Ready/08_Executive_Portraits/19_PaigeKarno-0321.jpg,2026-05-06 10:56:46
08_Executive_Portraits,15_SteveNava-0240.jpg,Brett Williams Studios LLC,Brett Williams,100% Chain of Title (Non-Scraped),17 U.S.C. § 106,Mandatory Disclosure Summary,0cca191a7104419339289bb1e6c5f0d7,Ai_Samples _Ready/08_Executive_Portraits/15_SteveNava-0240.jpg,2026-05-06 10:56:46
08_Executive_Portraits,61_TimFitzgerald-1047.jpg,Brett Williams Studios LLC,Brett Williams,100% Chain of Title (Non-Scraped),17 U.S.C. § 106,Mandatory Disclosure Summary,89171eaf5e1433e204318607feb9f88e,Ai_Samples _Ready/08_Executive_Portraits/61_TimFitzgerald-1047.jpg,2026-05-06 10:56:46
08_Executive_Portraits,47_JeremyFrank-0816.jpg,Brett Williams Studios LLC,Brett Williams,100% Chain of Title (Non-Scraped),17 U.S.C. § 106,Mandatory Disclosure Summary,7372870cbb8298192d850aa04bd6da91,Ai_Samples _Ready/08_Executive_Portraits/47_JeremyFrank-0816.jpg,2026-05-06 10:56:46
08_Executive_Portraits,61_TimFitzgerald-1053.jpg,Brett Williams Studios LLC,Brett Williams,100% Chain of Title (Non-Scraped),17 U.S.C. § 106,Mandatory Disclosure Summary,babbdf9054136fedc18f3754f536c859,Ai_Samples _Ready/08_Executive_Portraits/61_TimFitzgerald-1053.jpg,2026-05-06 10:56:46
08_Executive_Portraits,31_HeatherWhite-0536.jpg,Brett Williams Studios LLC,Brett Williams,100% Chain of Title (Non-Scraped),17 U.S.C. § 106,Mandatory Disclosure Summary,9eb8b03c1f31016ba598ba9190b4d75c,Ai_Samples _Ready/08_Executive_Portraits/31_HeatherWhite-0536.jpg,2026-05-06 10:56:46
08_Executive_Portraits,63_MukeshDubey-1078.jpg,Brett Williams Studios LLC,Brett Williams,100% Chain of Title (Non-Scraped),17 U.S.C. § 106,Mandatory Disclosure Summary,0dcc8ad81a5fef95314e2413d436c34e,Ai_Samples _Ready/08_Executive_Portraits/63_MukeshDubey-1078.jpg,2026-05-06 10:56:46
08_Executive_Portraits,20_KarieDeGraffenreid-0333.jpg,Brett Williams Studios LLC,Brett Williams,100% Chain of Title (Non-Scraped),17 U.S.C. § 106,Mandatory Disclosure Summary,d4324dd80d578f55e400451999190687,Ai_Samples _Ready/08_Executive_Portraits/20_KarieDeGraffenreid-0333.jpg,2026-05-06 10:56:46
08_Executive_Portraits,22_Group-0383.jpg,Brett Williams Studios LLC,Brett Williams,100% Chain of Title (Non-Scraped),17 U.S.C. § 106,Mandatory Disclosure Summary,aeb061e309cf03f4c84758a26233db78,Ai_Samples _Ready/08_Executive_Portraits/22_Group-0383.jpg,2026-05-06 10:56:46
08_Executive_Portraits,38_MichaelPacek-0657.jpg,Brett Williams Studios LLC,Brett Williams,100% Chain of Title (Non-Scraped),17 U.S.C. § 106,Mandatory Disclosure Summary,0b788031551267f53bbbb20091348976,Ai_Samples _Ready/08_Executive_Portraits/38_MichaelPacek-0657.jpg,2026-05-06 10:56:46
08_Executive_Portraits,18_LaurieMitchell-0288.jpg,Brett Williams Studios LLC,Brett Williams,100% Chain of Title (Non-Scraped),17 U.S.C. § 106,Mandatory Disclosure Summary,97dd583d72744e742b7c3f3308093f19,Ai_Samples _Ready/08_Executive_Portraits/18_LaurieMitchell-0288.jpg,2026-05-06 10:56:46
08_Executive_Portraits,02_SusanDomagalski-0050.jpg,Brett Williams Studios LLC,Brett Williams,100% Chain of Title (Non-Scraped),17 U.S.C. § 106,Mandatory Disclosure Summary,4675628cdff954d01907abc596dce005,Ai_Samples _Ready/08_Executive_Portraits/02_SusanDomagalski-0050.jpg,2026-05-06 10:56:46
08_Executive_Portraits,24_OrlandoRamirez-0427.jpg,Brett Williams Studios LLC,Brett Williams,100% Chain of Title (Non-Scraped),17 U.S.C. § 106,Mandatory Disclosure Summary,ac7b7b81504eb97d7f2bf5fb5d500c65,Ai_Samples _Ready/08_Executive_Portraits/24_OrlandoRamirez-0427.jpg,2026-05-06 10:56:46
08_Executive_Portraits,53_AndreaGiometti-0897.jpg,Brett Williams Studios LLC,Brett Williams,100% Chain of Title (Non-Scraped),17 U.S.C. § 106,Mandatory Disclosure Summary,eddfd89ecce45d492e9b5deef45ae374,Ai_Samples _Ready/08_Executive_Portraits/53_AndreaGiometti-0897.jpg,2026-05-06 10:56:46
08_Executive_Portraits,24_OrlandoRamirez-0433.jpg,Brett Williams Studios LLC,Brett Williams,100% Chain of Title (Non-Scraped),17 U.S.C. § 106,Mandatory Disclosure Summary,df4dca8615355d9852bbfd3d4b9a5162,Ai_Samples _Ready/08_Executive_Portraits/24_OrlandoRamirez-0433.jpg,2026-05-06 10:56:46
08_Executive_Portraits,38_MichaelPacek-0647.jpg,Brett Williams Studios LLC,Brett Williams,100% Chain of Title (Non-Scraped),17 U.S.C. § 106,Mandatory Disclosure Summary,f44a85507b09af86ae1ad01c3184af61,Ai_Samples _Ready/08_Executive_Portraits/38_MichaelPacek-0647.jpg,2026-05-06 10:56:46
08_Executive_Portraits,24_OrlandoRamirez-0437.jpg,Brett Williams Studios LLC,Brett Williams,100% Chain of Title (Non-Scraped),17 U.S.C. § 106,Mandatory Disclosure Summary,de252d4de183979116d60d27db4cb490,Ai_Samples _Ready/08_Executive_Portraits/24_OrlandoRamirez-0437.jpg,2026-05-06 10:56:46
08_Executive_Portraits,02_SusanDomagalski-0054.jpg,Brett Williams Studios LLC,Brett Williams,100% Chain of Title (Non-Scraped),17 U.S.C. § 106,Mandatory Disclosure Summary,88513901e371666920ec590a3518ad65,Ai_Samples _Ready/08_Executive_Portraits/02_SusanDomagalski-0054.jpg,2026-05-06 10:56:46
08_Executive_Portraits,22_Group-0387.jpg,Brett Williams Studios LLC,Brett Williams,100% Chain of Title (Non-Scraped),17 U.S.C. § 106,Mandatory Disclosure Summary,a9add8ff5911a04967a78da114ad1b60,Ai_Samples _Ready/08_Executive_Portraits/22_Group-0387.jpg,2026-05-06 10:56:46
08_Executive_Portraits,35_AndrewMishler-0620.jpg,Brett Williams Studios LLC,Brett Williams,100% Chain of Title (Non-Scraped),17 U.S.C. § 106,Mandatory Disclosure Summary,c467a1440d5ba726aa6d114098d125fb,Ai_Samples _Ready/08_Executive_Portraits/35_AndrewMishler-0620.jpg,2026-05-06 10:56:46
08_Executive_Portraits,47_JeremyFrank-0812.jpg,Brett Williams Studios LLC,Brett Williams,100% Chain of Title (Non-Scraped),17 U.S.C. § 106,Mandatory Disclosure Summary,e86f129d253fcfb05ab97e628c3c7881,Ai_Samples _Ready/08_Executive_Portraits/47_JeremyFrank-0812.jpg,2026-05-06 10:56:46
08_Executive_Portraits,61_TimFitzgerald-1043.jpg,Brett Williams Studios LLC,Brett Williams,100% Chain of Title (Non-Scraped),17 U.S.C. § 106,Mandatory Disclosure Summary,6bc19e28d720adce29c1d5bd58fea582,Ai_Samples _Ready/08_Executive_Portraits/61_TimFitzgerald-1043.jpg,2026-05-06 10:56:46
08_Executive_Portraits,20_KarieDeGraffenreid-0337.jpg,Brett Williams Studios LLC,Brett Williams,100% Chain of Title (Non-Scraped),17 U.S.C. § 106,Mandatory Disclosure Summary,60185480ae92d2bdcf42e1f2578d35ae,Ai_Samples _Ready/08_Executive_Portraits/20_KarieDeGraffenreid-0337.jpg,2026-05-06 10:56:46
08_Executive_Portraits,15_SteveNava-0250.jpg,Brett Williams Studios LLC,Brett Williams,100% Chain of Title (Non-Scraped),17 U.S.C. § 106,Mandatory Disclosure Summary,430a37129a81fd46cdb09641bfca8d44,Ai_Samples _Ready/08_Executive_Portraits/15_SteveNava-0250.jpg,2026-05-06 10:56:46
08_Executive_Portraits,15_SteveNava-0244.jpg,Brett Williams Studios LLC,Brett Williams,100% Chain of Title (Non-Scraped),17 U.S.C. § 106,Mandatory Disclosure Summary,7cf86688b4eb3515a29d0fb5d4022ed0,Ai_Samples _Ready/08_Executive_Portraits/15_SteveNava-0244.jpg,2026-05-06 10:56:46
08_Executive_Portraits,19_PaigeKarno-0319.jpg,Brett Williams Studios LLC,Brett Williams,100% Chain of Title (Non-Scraped),17 U.S.C. § 106,Mandatory Disclosure Summary,acfb518384b210140b4fa3dc8798ef43,Ai_Samples _Ready/08_Executive_Portraits/19_PaigeKarno-0319.jpg,2026-05-06 10:56:46
08_Executive_Portraits,58_JoshTrujilo-1005.jpg,Brett Williams Studios LLC,Brett Williams,100% Chain of Title (Non-Scraped),17 U.S.C. § 106,Mandatory Disclosure Summary,0da1cb270254210ea67232250317d5bd,Ai_Samples _Ready/08_Executive_Portraits/58_JoshTrujilo-1005.jpg,2026-05-06 10:56:46
08_Executive_Portraits,19_PaigeKarno-0325.jpg,Brett Williams Studios LLC,Brett Williams,100% Chain of Title (Non-Scraped),17 U.S.C. § 106,Mandatory Disclosure Summary,b8a3754b13a552138fba04741642b778,Ai_Samples _Ready/08_Executive_Portraits/19_PaigeKarno-0325.jpg,2026-05-06 10:56:46
08_Executive_Portraits,01_LizCarlton-0029.jpg,Brett Williams Studios LLC,Brett Williams,100% Chain of Title (Non-Scraped),17 U.S.C. § 106,Mandatory Disclosure Summary,90ec8f998bb1f99f0e626e9e70e1ac93,Ai_Samples _Ready/08_Executive_Portraits/01_LizCarlton-0029.jpg,2026-05-06 10:56:46
08_Executive_Portraits,56_AnthonyTauszky-0955.jpg,Brett Williams Studios LLC,Brett Williams,100% Chain of Title (Non-Scraped),17 U.S.C. § 106,Mandatory Disclosure Summary,bd2daead8b0f7de6733b2c8bb73650c1,Ai_Samples _Ready/08_Executive_Portraits/56_AnthonyTauszky-0955.jpg,2026-05-06 10:56:46
08_Executive_Portraits,65_StephenMcPhee-1111.jpg,Brett Williams Studios LLC,Brett Williams,100% Chain of Title (Non-Scraped),17 U.S.C. § 106,Mandatory Disclosure Summary,a8888ffd216052a15080cf3cb7b7f71d,Ai_Samples _Ready/08_Executive_Portraits/65_StephenMcPhee-1111.jpg,2026-05-06 10:56:46
08_Executive_Portraits,05_SONYA-0090.jpg,Brett Williams Studios LLC,Brett Williams,100% Chain of Title (Non-Scraped),17 U.S.C. § 106,Mandatory Disclosure Summary,85bd6fe0112ddfa8299c6d87e3e46453,Ai_Samples _Ready/08_Executive_Portraits/05_SONYA-0090.jpg,2026-05-06 10:56:46
08_Executive_Portraits,56_AnthonyTauszky-0969.jpg,Brett Williams Studios LLC,Brett Williams,100% Chain of Title (Non-Scraped),17 U.S.C. § 106,Mandatory Disclosure Summary,aea6427a12fe8d3b721e9dd546cce2d3,Ai_Samples _Ready/08_Executive_Portraits/56_AnthonyTauszky-0969.jpg,2026-05-06 10:56:46
08_Executive_Portraits,23_AmberLogan-0420.jpg,Brett Williams Studios LLC,Brett Williams,100% Chain of Title (Non-Scraped),17 U.S.C. § 106,Mandatory Disclosure Summary,2cf67a3a25682f2577636c303d1ce094,Ai_Samples _Ready/08_Executive_Portraits/23_AmberLogan-0420.jpg,2026-05-06 10:56:46
08_Executive_Portraits,30_AnneMarie-0520.jpg,Brett Williams Studios LLC,Brett Williams,100% Chain of Title (Non-Scraped),17 U.S.C. § 106,Mandatory Disclosure Summary,2b9989755aae2421ae4c48247a4e7eae,Ai_Samples _Ready/08_Executive_Portraits/30_AnneMarie-0520.jpg,2026-05-06 10:56:46
08_Executive_Portraits,23_AmberLogan-0408.jpg,Brett Williams Studios LLC,Brett Williams,100% Chain of Title (Non-Scraped),17 U.S.C. § 106,Mandatory Disclosure Summary,82701060010a573e515b77f6f2d848b0,Ai_Samples _Ready/08_Executive_Portraits/23_AmberLogan-0408.jpg,2026-05-06 10:56:46
08_Executive_Portraits,66_MunMunMalik-1133.jpg,Brett Williams Studios LLC,Brett Williams,100% Chain of Title (Non-Scraped),17 U.S.C. § 106,Mandatory Disclosure Summary,767eb2c2b46bce4b2523d9ad27f568be,Ai_Samples _Ready/08_Executive_Portraits/66_MunMunMalik-1133.jpg,2026-05-06 10:56:46
08_Executive_Portraits,66_MunMunMalik-1127.jpg,Brett Williams Studios LLC,Brett Williams,100% Chain of Title (Non-Scraped),17 U.S.C. § 106,Mandatory Disclosure Summary,8f6ebab0f9e4ea31b50169819e736a62,Ai_Samples _Ready/08_Executive_Portraits/66_MunMunMalik-1127.jpg,2026-05-06 10:56:46
08_Executive_Portraits,11_DawnBalke-0166.jpg,Brett Williams Studios LLC,Brett Williams,100% Chain of Title (Non-Scraped),17 U.S.C. § 106,Mandatory Disclosure Summary,7c7b72e486132eaa471068ef307dcbd7,Ai_Samples _Ready/08_Executive_Portraits/11_DawnBalke-0166.jpg,2026-05-06 10:56:46
08_Executive_Portraits,66_MunMunMalik-1126.jpg,Brett Williams Studios LLC,Brett Williams,100% Chain of Title (Non-Scraped),17 U.S.C. § 106,Mandatory Disclosure Summary,a8db90286720f12cb1026c85aac1f35e,Ai_Samples _Ready/08_Executive_Portraits/66_MunMunMalik-1126.jpg,2026-05-06 10:56:46
08_Executive_Portraits,11_DawnBalke-0167.jpg,Brett Williams Studios LLC,Brett Williams,100% Chain of Title (Non-Scraped),17 U.S.C. § 106,Mandatory Disclosure Summary,d89caee77e01e45ab8488ab2739c6c92,Ai_Samples _Ready/08_Executive_Portraits/11_DawnBalke-0167.jpg,2026-05-06 10:56:46
08_Executive_Portraits,11_DawnBalke-0173.jpg,Brett Williams Studios LLC,Brett Williams,100% Chain of Title (Non-Scraped),17 U.S.C. § 106,Mandatory Disclosure Summary,be0414a7597c64198ad5d3ead9362f3f,Ai_Samples _Ready/08_Executive_Portraits/11_DawnBalke-0173.jpg,2026-05-06 10:56:46
08_Executive_Portraits,66_MunMunMalik-1132.jpg,Brett Williams Studios LLC,Brett Williams,100% Chain of Title (Non-Scraped),17 U.S.C. § 106,Mandatory Disclosure Summary,65de1ca3178ebe9ab7014e1406420b34,Ai_Samples _Ready/08_Executive_Portraits/66_MunMunMalik-1132.jpg,2026-05-06 10:56:46
08_Executive_Portraits,23_AmberLogan-0409.jpg,Brett Williams Studios LLC,Brett Williams,100% Chain of Title (Non-Scraped),17 U.S.C. § 106,Mandatory Disclosure Summary,f2301562e09484e6fa9d6103f9b62891,Ai_Samples _Ready/08_Executive_Portraits/23_AmberLogan-0409.jpg,2026-05-06 10:56:46
08_Executive_Portraits,23_AmberLogan-0421.jpg,Brett Williams Studios LLC,Brett Williams,100% Chain of Title (Non-Scraped),17 U.S.C. § 106,Mandatory Disclosure Summary,05e3b71219c5926e7cb86a42f84f2225,Ai_Samples _Ready/08_Executive_Portraits/23_AmberLogan-0421.jpg,2026-05-06 10:56:46
08_Executive_Portraits,30_AnneMarie-0521.jpg,Brett Williams Studios LLC,Brett Williams,100% Chain of Title (Non-Scraped),17 U.S.C. § 106,Mandatory Disclosure Summary,8067904c1c4620205cab763b5628fd83,Ai_Samples _Ready/08_Executive_Portraits/30_AnneMarie-0521.jpg,2026-05-06 10:56:46
08_Executive_Portraits,56_AnthonyTauszky-0968.jpg,Brett Williams Studios LLC,Brett Williams,100% Chain of Title (Non-Scraped),17 U.S.C. § 106,Mandatory Disclosure Summary,9c47ebc7b782033cc0479fd2a5483f35,Ai_Samples _Ready/08_Executive_Portraits/56_AnthonyTauszky-0968.jpg,2026-05-06 10:56:46
08_Executive_Portraits,65_StephenMcPhee-1110.jpg,Brett Williams Studios LLC,Brett Williams,100% Chain of Title (Non-Scraped),17 U.S.C. § 106,Mandatory Disclosure Summary,6ff5be7fa617a0454d197aca437a6990,Ai_Samples _Ready/08_Executive_Portraits/65_StephenMcPhee-1110.jpg,2026-05-06 10:56:46
08_Executive_Portraits,56_AnthonyTauszky-0954.jpg,Brett Williams Studios LLC,Brett Williams,100% Chain of Title (Non-Scraped),17 U.S.C. § 106,Mandatory Disclosure Summary,99020e4e9f46677b982cf8d2271b7cd8,Ai_Samples _Ready/08_Executive_Portraits/56_AnthonyTauszky-0954.jpg,2026-05-06 10:56:46
08_Executive_Portraits,27_SteveSevick-0483.jpg,Brett Williams Studios LLC,Brett Williams,100% Chain of Title (Non-Scraped),17 U.S.C. § 106,Mandatory Disclosure Summary,0285cb8bf906ea505f34313fa554b269,Ai_Samples _Ready/08_Executive_Portraits/27_SteveSevick-0483.jpg,2026-05-06 10:56:46
08_Executive_Portraits,19_PaigeKarno-0324.jpg,Brett Williams Studios LLC,Brett Williams,100% Chain of Title (Non-Scraped),17 U.S.C. § 106,Mandatory Disclosure Summary,a768cb1d2717b2c261e6c4b5ba621132,Ai_Samples _Ready/08_Executive_Portraits/19_PaigeKarno-0324.jpg,2026-05-06 10:56:46
08_Executive_Portraits,58_JoshTrujilo-1004.jpg,Brett Williams Studios LLC,Brett Williams,100% Chain of Title (Non-Scraped),17 U.S.C. § 106,Mandatory Disclosure Summary,60cfb5aa5aec7ca4b9c7ecd45ab096ea,Ai_Samples _Ready/08_Executive_Portraits/58_JoshTrujilo-1004.jpg,2026-05-06 10:56:46
08_Executive_Portraits,19_PaigeKarno-0318.jpg,Brett Williams Studios LLC,Brett Williams,100% Chain of Title (Non-Scraped),17 U.S.C. § 106,Mandatory Disclosure Summary,772a40c601eb9d5fe1841aafe86f9333,Ai_Samples _Ready/08_Executive_Portraits/19_PaigeKarno-0318.jpg,2026-05-06 10:56:46
08_Executive_Portraits,42_MatthewFeeney-0717.jpg,Brett Williams Studios LLC,Brett Williams,100% Chain of Title (Non-Scraped),17 U.S.C. § 106,Mandatory Disclosure Summary,f01e4eae26d2629b8b1341ba2cdd5be5,Ai_Samples _Ready/08_Executive_Portraits/42_MatthewFeeney-0717.jpg,2026-05-06 10:56:46
08_Executive_Portraits,15_SteveNava-0245.jpg,Brett Williams Studios LLC,Brett Williams,100% Chain of Title (Non-Scraped),17 U.S.C. § 106,Mandatory Disclosure Summary,b7ca25ab379bee8304be8fb917227b21,Ai_Samples _Ready/08_Executive_Portraits/15_SteveNava-0245.jpg,2026-05-06 10:56:46
08_Executive_Portraits,20_KarieDeGraffenreid-0336.jpg,Brett Williams Studios LLC,Brett Williams,100% Chain of Title (Non-Scraped),17 U.S.C. § 106,Mandatory Disclosure Summary,d6d006900c18b464a750ee77b43d4785,Ai_Samples _Ready/08_Executive_Portraits/20_KarieDeGraffenreid-0336.jpg,2026-05-06 10:56:46
08_Executive_Portraits,63_MukeshDubey-1069.jpg,Brett Williams Studios LLC,Brett Williams,100% Chain of Title (Non-Scraped),17 U.S.C. § 106,Mandatory Disclosure Summary,378a70d1f9db1576120e3f1a3b5471c1,Ai_Samples _Ready/08_Executive_Portraits/63_MukeshDubey-1069.jpg,2026-05-06 10:56:46
08_Executive_Portraits,61_TimFitzgerald-1042.jpg,Brett Williams Studios LLC,Brett Williams,100% Chain of Title (Non-Scraped),17 U.S.C. § 106,Mandatory Disclosure Summary,7f8ecef9843ca61d534f332b69b48e99,Ai_Samples _Ready/08_Executive_Portraits/61_TimFitzgerald-1042.jpg,2026-05-06 10:56:46
08_Executive_Portraits,47_JeremyFrank-0813.jpg,Brett Williams Studios LLC,Brett Williams,100% Chain of Title (Non-Scraped),17 U.S.C. § 106,Mandatory Disclosure Summary,8f4d713193f5431095c4252a407ff177,Ai_Samples _Ready/08_Executive_Portraits/47_JeremyFrank-0813.jpg,2026-05-06 10:56:46
08_Executive_Portraits,43_JohnSears-0731.jpg,Brett Williams Studios LLC,Brett Williams,100% Chain of Title (Non-Scraped),17 U.S.C. § 106,Mandatory Disclosure Summary,17f7df120f2284c8b9db5a0334ea64f6,Ai_Samples _Ready/08_Executive_Portraits/43_JohnSears-0731.jpg,2026-05-06 10:56:46
08_Executive_Portraits,22_Group-0386.jpg,Brett Williams Studios LLC,Brett Williams,100% Chain of Title (Non-Scraped),17 U.S.C. § 106,Mandatory Disclosure Summary,a91dc64765bc1c6bf94b9fffdf36f666,Ai_Samples _Ready/08_Executive_Portraits/22_Group-0386.jpg,2026-05-06 10:56:46
08_Executive_Portraits,35_AndrewMishler-0621.jpg,Brett Williams Studios LLC,Brett Williams,100% Chain of Title (Non-Scraped),17 U.S.C. § 106,Mandatory Disclosure Summary,da8f93c3d6d267fef624c6bea166100c,Ai_Samples _Ready/08_Executive_Portraits/35_AndrewMishler-0621.jpg,2026-05-06 10:56:46
08_Executive_Portraits,43_JohnSears-0725.jpg,Brett Williams Studios LLC,Brett Williams,100% Chain of Title (Non-Scraped),17 U.S.C. § 106,Mandatory Disclosure Summary,6cf1c39699e4d5d1bf52f0f309b2b56c,Ai_Samples _Ready/08_Executive_Portraits/43_JohnSears-0725.jpg,2026-05-06 10:56:46
08_Executive_Portraits,02_SusanDomagalski-0055.jpg,Brett Williams Studios LLC,Brett Williams,100% Chain of Title (Non-Scraped),17 U.S.C. § 106,Mandatory Disclosure Summary,c5a6816307dfcb401b039ca59dcb8e11,Ai_Samples _Ready/08_Executive_Portraits/02_SusanDomagalski-0055.jpg,2026-05-06 10:56:46
08_Executive_Portraits,24_OrlandoRamirez-0436.jpg,Brett Williams Studios LLC,Brett Williams,100% Chain of Title (Non-Scraped),17 U.S.C. § 106,Mandatory Disclosure Summary,4188d7cdf63c28155c1561789bb81d0a,Ai_Samples _Ready/08_Executive_Portraits/24_OrlandoRamirez-0436.jpg,2026-05-06 10:56:46
08_Executive_Portraits,38_MichaelPacek-0652.jpg,Brett Williams Studios LLC,Brett Williams,100% Chain of Title (Non-Scraped),17 U.S.C. § 106,Mandatory Disclosure Summary,237e2b67e3c3bf34cd5c44322f4c8f66,Ai_Samples _Ready/08_Executive_Portraits/38_MichaelPacek-0652.jpg,2026-05-06 10:56:46
08_Executive_Portraits,38_MichaelPacek-0646.jpg,Brett Williams Studios LLC,Brett Williams,100% Chain of Title (Non-Scraped),17 U.S.C. § 106,Mandatory Disclosure Summary,b67809fdb177849ed55f2b5fc7dc9c1e,Ai_Samples _Ready/08_Executive_Portraits/38_MichaelPacek-0646.jpg,2026-05-06 10:56:46
08_Executive_Portraits,22_Group-0379.jpg,Brett Williams Studios LLC,Brett Williams,100% Chain of Title (Non-Scraped),17 U.S.C. § 106,Mandatory Disclosure Summary,2e8fc3d3300b4c0e76744e084ccecebb,Ai_Samples _Ready/08_Executive_Portraits/22_Group-0379.jpg,2026-05-06 10:56:46
08_Executive_Portraits,38_MichaelPacek-0650.jpg,Brett Williams Studios LLC,Brett Williams,100% Chain of Title (Non-Scraped),17 U.S.C. § 106,Mandatory Disclosure Summary,be8fa8dc36f98256fe34520d320e60bb,Ai_Samples _Ready/08_Executive_Portraits/38_MichaelPacek-0650.jpg,2026-05-06 10:56:46
08_Executive_Portraits,24_OrlandoRamirez-0434.jpg,Brett Williams Studios LLC,Brett Williams,100% Chain of Title (Non-Scraped),17 U.S.C. § 106,Mandatory Disclosure Summary,9b4f1b9cea6bd2d1a399eab38daa67df,Ai_Samples _Ready/08_Executive_Portraits/24_OrlandoRamirez-0434.jpg,2026-05-06 10:56:46
08_Executive_Portraits,02_SusanDomagalski-0043.jpg,Brett Williams Studios LLC,Brett Williams,100% Chain of Title (Non-Scraped),17 U.S.C. § 106,Mandatory Disclosure Summary,dd16b439597b857003176ad583bfb9a9,Ai_Samples _Ready/08_Executive_Portraits/02_SusanDomagalski-0043.jpg,2026-05-06 10:56:46
08_Executive_Portraits,28_CarltonDSouza-0500.jpg,Brett Williams Studios LLC,Brett Williams,100% Chain of Title (Non-Scraped),17 U.S.C. § 106,Mandatory Disclosure Summary,43a5173230d2fe5cd0a7592e340e8c86,Ai_Samples _Ready/08_Executive_Portraits/28_CarltonDSouza-0500.jpg,2026-05-06 10:56:46
08_Executive_Portraits,43_JohnSears-0733.jpg,Brett Williams Studios LLC,Brett Williams,100% Chain of Title (Non-Scraped),17 U.S.C. § 106,Mandatory Disclosure Summary,57526a81a37322055210b718cb7de5e6,Ai_Samples _Ready/08_Executive_Portraits/43_JohnSears-0733.jpg,2026-05-06 10:56:46
08_Executive_Portraits,43_JohnSears-0727.jpg,Brett Williams Studios LLC,Brett Williams,100% Chain of Title (Non-Scraped),17 U.S.C. § 106,Mandatory Disclosure Summary,fc91436f7ef755a725dac853a06fef1c,Ai_Samples _Ready/08_Executive_Portraits/43_JohnSears-0727.jpg,2026-05-06 10:56:46
08_Executive_Portraits,54_JohnBader-0929.jpg,Brett Williams Studios LLC,Brett Williams,100% Chain of Title (Non-Scraped),17 U.S.C. § 106,Mandatory Disclosure Summary,56f23705fd98f4f75571054678c1c3a7,Ai_Samples _Ready/08_Executive_Portraits/54_JohnBader-0929.jpg,2026-05-06 10:56:46
08_Executive_Portraits,35_AndrewMishler-0623.jpg,Brett Williams Studios LLC,Brett Williams,100% Chain of Title (Non-Scraped),17 U.S.C. § 106,Mandatory Disclosure Summary,1b6f9423c62e3c5921166c67b462a95c,Ai_Samples _Ready/08_Executive_Portraits/35_AndrewMishler-0623.jpg,2026-05-06 10:56:46
08_Executive_Portraits,22_Group-0384.jpg,Brett Williams Studios LLC,Brett Williams,100% Chain of Title (Non-Scraped),17 U.S.C. § 106,Mandatory Disclosure Summary,a8cbbbd0b163dad6fa765afb1b204d7a,Ai_Samples _Ready/08_Executive_Portraits/22_Group-0384.jpg,2026-05-06 10:56:46
08_Executive_Portraits,61_TimFitzgerald-1054.jpg,Brett Williams Studios LLC,Brett Williams,100% Chain of Title (Non-Scraped),17 U.S.C. § 106,Mandatory Disclosure Summary,d0a60e4dba5fef6eaab17ad289603e0b,Ai_Samples _Ready/08_Executive_Portraits/61_TimFitzgerald-1054.jpg,2026-05-06 10:56:46
08_Executive_Portraits,15_SteveNava-0247.jpg,Brett Williams Studios LLC,Brett Williams,100% Chain of Title (Non-Scraped),17 U.S.C. § 106,Mandatory Disclosure Summary,aa371d6e1f8ecb9d2265ccda19f2f59b,Ai_Samples _Ready/08_Executive_Portraits/15_SteveNava-0247.jpg,2026-05-06 10:56:46
08_Executive_Portraits,42_MatthewFeeney-0715.jpg,Brett Williams Studios LLC,Brett Williams,100% Chain of Title (Non-Scraped),17 U.S.C. § 106,Mandatory Disclosure Summary,e0504ab6f13a67f8086aa7344f155fad,Ai_Samples _Ready/08_Executive_Portraits/42_MatthewFeeney-0715.jpg,2026-05-06 10:56:46
08_Executive_Portraits,27_SteveSevick-0481.jpg,Brett Williams Studios LLC,Brett Williams,100% Chain of Title (Non-Scraped),17 U.S.C. § 106,Mandatory Disclosure Summary,3d1036aa7dea834735d83b028b86d4d5,Ai_Samples _Ready/08_Executive_Portraits/27_SteveSevick-0481.jpg,2026-05-06 10:56:46
08_Executive_Portraits,58_JoshTrujilo-1006.jpg,Brett Williams Studios LLC,Brett Williams,100% Chain of Title (Non-Scraped),17 U.S.C. § 106,Mandatory Disclosure Summary,4c287893c422fa4e078a2656e3684b21,Ai_Samples _Ready/08_Executive_Portraits/58_JoshTrujilo-1006.jpg,2026-05-06 10:56:46
08_Executive_Portraits,19_PaigeKarno-0326.jpg,Brett Williams Studios LLC,Brett Williams,100% Chain of Title (Non-Scraped),17 U.S.C. § 106,Mandatory Disclosure Summary,8dfb6a077d02dd927d03845c80411d14,Ai_Samples _Ready/08_Executive_Portraits/19_PaigeKarno-0326.jpg,2026-05-06 10:56:46
08_Executive_Portraits,56_AnthonyTauszky-0956.jpg,Brett Williams Studios LLC,Brett Williams,100% Chain of Title (Non-Scraped),17 U.S.C. § 106,Mandatory Disclosure Summary,3aec936a33b5674a4d1416f2a46c38fe,Ai_Samples _Ready/08_Executive_Portraits/56_AnthonyTauszky-0956.jpg,2026-05-06 10:56:46
08_Executive_Portraits,65_StephenMcPhee-1112.jpg,Brett Williams Studios LLC,Brett Williams,100% Chain of Title (Non-Scraped),17 U.S.C. § 106,Mandatory Disclosure Summary,723b7f70049d5499a0f6721814d72dac,Ai_Samples _Ready/08_Executive_Portraits/65_StephenMcPhee-1112.jpg,2026-05-06 10:56:46
08_Executive_Portraits,26_GeorgePiper-0469.jpg,Brett Williams Studios LLC,Brett Williams,100% Chain of Title (Non-Scraped),17 U.S.C. § 106,Mandatory Disclosure Summary,82dc27d95c746736f067d18e6768c60a,Ai_Samples _Ready/08_Executive_Portraits/26_GeorgePiper-0469.jpg,2026-05-06 10:56:46
08_Executive_Portraits,30_AnneMarie-0523.jpg,Brett Williams Studios LLC,Brett Williams,100% Chain of Title (Non-Scraped),17 U.S.C. § 106,Mandatory Disclosure Summary,4d79fc97307ef1c74d9ad7f3d542cc95,Ai_Samples _Ready/08_Executive_Portraits/30_AnneMarie-0523.jpg,2026-05-06 10:56:46
08_Executive_Portraits,44_DaveRoberts-0758.jpg,Brett Williams Studios LLC,Brett Williams,100% Chain of Title (Non-Scraped),17 U.S.C. § 106,Mandatory Disclosure Summary,6915456bd5f95f0dc82a3b0f205d6dcf,Ai_Samples _Ready/08_Executive_Portraits/44_DaveRoberts-0758.jpg,2026-05-06 10:56:46
08_Executive_Portraits,11_DawnBalke-0159.jpg,Brett Williams Studios LLC,Brett Williams,100% Chain of Title (Non-Scraped),17 U.S.C. § 106,Mandatory Disclosure Summary,edb9d5977808772980412133c93a76da,Ai_Samples _Ready/08_Executive_Portraits/11_DawnBalke-0159.jpg,2026-05-06 10:56:46
08_Executive_Portraits,11_DawnBalke-0165.jpg,Brett Williams Studios LLC,Brett Williams,100% Chain of Title (Non-Scraped),17 U.S.C. § 106,Mandatory Disclosure Summary,3021ae9e41384c31d1b644558aa88db6,Ai_Samples _Ready/08_Executive_Portraits/11_DawnBalke-0165.jpg,2026-05-06 10:56:46
08_Executive_Portraits,66_MunMunMalik-1124.jpg,Brett Williams Studios LLC,Brett Williams,100% Chain of Title (Non-Scraped),17 U.S.C. § 106,Mandatory Disclosure Summary,88290530918ac7ed1ad4e5772407c6a3,Ai_Samples _Ready/08_Executive_Portraits/66_MunMunMalik-1124.jpg,2026-05-06 10:56:46
08_Executive_Portraits,66_MunMunMalik-1130.jpg,Brett Williams Studios LLC,Brett Williams,100% Chain of Title (Non-Scraped),17 U.S.C. § 106,Mandatory Disclosure Summary,d2f685f8a99a7e1db24fa11d36d11ef8,Ai_Samples _Ready/08_Executive_Portraits/66_MunMunMalik-1130.jpg,2026-05-06 10:56:46
08_Executive_Portraits,11_DawnBalke-0171.jpg,Brett Williams Studios LLC,Brett Williams,100% Chain of Title (Non-Scraped),17 U.S.C. § 106,Mandatory Disclosure Summary,052565de8a00e7ee2dd3e4cedfa09f4f,Ai_Samples _Ready/08_Executive_Portraits/11_DawnBalke-0171.jpg,2026-05-06 10:56:46
08_Executive_Portraits,66_MunMunMalik-1131.jpg,Brett Williams Studios LLC,Brett Williams,100% Chain of Title (Non-Scraped),17 U.S.C. § 106,Mandatory Disclosure Summary,a376ce488e2b10c5cb42d3cde18584de,Ai_Samples _Ready/08_Executive_Portraits/66_MunMunMalik-1131.jpg,2026-05-06 10:56:46
08_Executive_Portraits,11_DawnBalke-0170.jpg,Brett Williams Studios LLC,Brett Williams,100% Chain of Title (Non-Scraped),17 U.S.C. § 106,Mandatory Disclosure Summary,da2841b8ebde14fd9ccc1a9f4d04c851,Ai_Samples _Ready/08_Executive_Portraits/11_DawnBalke-0170.jpg,2026-05-06 10:56:46
08_Executive_Portraits,11_DawnBalke-0164.jpg,Brett Williams Studios LLC,Brett Williams,100% Chain of Title (Non-Scraped),17 U.S.C. § 106,Mandatory Disclosure Summary,9332d0a4c403a080ddf089e5ec35924c,Ai_Samples _Ready/08_Executive_Portraits/11_DawnBalke-0164.jpg,2026-05-06 10:56:46
08_Executive_Portraits,66_MunMunMalik-1125.jpg,Brett Williams Studios LLC,Brett Williams,100% Chain of Title (Non-Scraped),17 U.S.C. § 106,Mandatory Disclosure Summary,57b6a98a9bf60b39923e478e188de3ff,Ai_Samples _Ready/08_Executive_Portraits/66_MunMunMalik-1125.jpg,2026-05-06 10:56:46
08_Executive_Portraits,11_DawnBalke-0158.jpg,Brett Williams Studios LLC,Brett Williams,100% Chain of Title (Non-Scraped),17 U.S.C. § 106,Mandatory Disclosure Summary,9425ba9e2fa484be67f152626d0a05bb,Ai_Samples _Ready/08_Executive_Portraits/11_DawnBalke-0158.jpg,2026-05-06 10:56:46
08_Executive_Portraits,30_AnneMarie-0522.jpg,Brett Williams Studios LLC,Brett Williams,100% Chain of Title (Non-Scraped),17 U.S.C. § 106,Mandatory Disclosure Summary,e4b7413518c2dcec4ac9b8a552ba98b5,Ai_Samples _Ready/08_Executive_Portraits/30_AnneMarie-0522.jpg,2026-05-06 10:56:46
08_Executive_Portraits,23_AmberLogan-0422.jpg,Brett Williams Studios LLC,Brett Williams,100% Chain of Title (Non-Scraped),17 U.S.C. § 106,Mandatory Disclosure Summary,31a46099dce89dde8350c6ad0692d528,Ai_Samples _Ready/08_Executive_Portraits/23_AmberLogan-0422.jpg,2026-05-06 10:56:46
08_Executive_Portraits,05_SONYA-0086.jpg,Brett Williams Studios LLC,Brett Williams,100% Chain of Title (Non-Scraped),17 U.S.C. § 106,Mandatory Disclosure Summary,c373c59ccfe43cfd527ce401805e1f78,Ai_Samples _Ready/08_Executive_Portraits/05_SONYA-0086.jpg,2026-05-06 10:56:46
08_Executive_Portraits,26_GeorgePiper-0468.jpg,Brett Williams Studios LLC,Brett Williams,100% Chain of Title (Non-Scraped),17 U.S.C. § 106,Mandatory Disclosure Summary,ca2bd8ea80d274c575b0f990fb5fac33,Ai_Samples _Ready/08_Executive_Portraits/26_GeorgePiper-0468.jpg,2026-05-06 10:56:46
08_Executive_Portraits,65_StephenMcPhee-1107.jpg,Brett Williams Studios LLC,Brett Williams,100% Chain of Title (Non-Scraped),17 U.S.C. § 106,Mandatory Disclosure Summary,36815c479b264a9c8112033fcd1ef5d1,Ai_Samples _Ready/08_Executive_Portraits/65_StephenMcPhee-1107.jpg,2026-05-06 10:56:46
08_Executive_Portraits,56_AnthonyTauszky-0957.jpg,Brett Williams Studios LLC,Brett Williams,100% Chain of Title (Non-Scraped),17 U.S.C. § 106,Mandatory Disclosure Summary,12a0416c96f46ed938142e25877e6a61,Ai_Samples _Ready/08_Executive_Portraits/56_AnthonyTauszky-0957.jpg,2026-05-06 10:56:46
08_Executive_Portraits,19_PaigeKarno-0327.jpg,Brett Williams Studios LLC,Brett Williams,100% Chain of Title (Non-Scraped),17 U.S.C. § 106,Mandatory Disclosure Summary,01c3b79689555b5e1b05529f7811cef8,Ai_Samples _Ready/08_Executive_Portraits/19_PaigeKarno-0327.jpg,2026-05-06 10:56:46
08_Executive_Portraits,27_SteveSevick-0480.jpg,Brett Williams Studios LLC,Brett Williams,100% Chain of Title (Non-Scraped),17 U.S.C. § 106,Mandatory Disclosure Summary,89ad36cc79d02561174e1414e6d0e10b,Ai_Samples _Ready/08_Executive_Portraits/27_SteveSevick-0480.jpg,2026-05-06 10:56:46
08_Executive_Portraits,42_MatthewFeeney-0714.jpg,Brett Williams Studios LLC,Brett Williams,100% Chain of Title (Non-Scraped),17 U.S.C. § 106,Mandatory Disclosure Summary,0c17d1231357225f083761d1b96c9a5e,Ai_Samples _Ready/08_Executive_Portraits/42_MatthewFeeney-0714.jpg,2026-05-06 10:56:46
08_Executive_Portraits,15_SteveNava-0246.jpg,Brett Williams Studios LLC,Brett Williams,100% Chain of Title (Non-Scraped),17 U.S.C. § 106,Mandatory Disclosure Summary,f4f6c7e3a91c58de8129fa7f76acb071,Ai_Samples _Ready/08_Executive_Portraits/15_SteveNava-0246.jpg,2026-05-06 10:56:46
08_Executive_Portraits,63_MukeshDubey-1081.jpg,Brett Williams Studios LLC,Brett Williams,100% Chain of Title (Non-Scraped),17 U.S.C. § 106,Mandatory Disclosure Summary,2f9d31aeacc081f27e5d5954dfbcdd00,Ai_Samples _Ready/08_Executive_Portraits/63_MukeshDubey-1081.jpg,2026-05-06 10:56:46
08_Executive_Portraits,20_KarieDeGraffenreid-0335.jpg,Brett Williams Studios LLC,Brett Williams,100% Chain of Title (Non-Scraped),17 U.S.C. § 106,Mandatory Disclosure Summary,1e263ac6fa0165d0c70a39af2aef808b,Ai_Samples _Ready/08_Executive_Portraits/20_KarieDeGraffenreid-0335.jpg,2026-05-06 10:56:46
08_Executive_Portraits,61_TimFitzgerald-1055.jpg,Brett Williams Studios LLC,Brett Williams,100% Chain of Title (Non-Scraped),17 U.S.C. § 106,Mandatory Disclosure Summary,864383d5e610b3fe7642f5b10f24f402,Ai_Samples _Ready/08_Executive_Portraits/61_TimFitzgerald-1055.jpg,2026-05-06 10:56:46
08_Executive_Portraits,61_TimFitzgerald-1041.jpg,Brett Williams Studios LLC,Brett Williams,100% Chain of Title (Non-Scraped),17 U.S.C. § 106,Mandatory Disclosure Summary,2e113efd591c0e45674b391e22ac3aab,Ai_Samples _Ready/08_Executive_Portraits/61_TimFitzgerald-1041.jpg,2026-05-06 10:56:46
08_Executive_Portraits,54_JohnBader-0928.jpg,Brett Williams Studios LLC,Brett Williams,100% Chain of Title (Non-Scraped),17 U.S.C. § 106,Mandatory Disclosure Summary,84a2f35bd5b7a82efcff7413f39416e2,Ai_Samples _Ready/08_Executive_Portraits/54_JohnBader-0928.jpg,2026-05-06 10:56:46
08_Executive_Portraits,35_AndrewMishler-0622.jpg,Brett Williams Studios LLC,Brett Williams,100% Chain of Title (Non-Scraped),17 U.S.C. § 106,Mandatory Disclosure Summary,1d302d6de6d040586a89195ad2538cf0,Ai_Samples _Ready/08_Executive_Portraits/35_AndrewMishler-0622.jpg,2026-05-06 10:56:46
08_Executive_Portraits,43_JohnSears-0726.jpg,Brett Williams Studios LLC,Brett Williams,100% Chain of Title (Non-Scraped),17 U.S.C. § 106,Mandatory Disclosure Summary,219ad2c6af616937f7c5f133683c5b30,Ai_Samples _Ready/08_Executive_Portraits/43_JohnSears-0726.jpg,2026-05-06 10:56:46
08_Executive_Portraits,22_Group-0385.jpg,Brett Williams Studios LLC,Brett Williams,100% Chain of Title (Non-Scraped),17 U.S.C. § 106,Mandatory Disclosure Summary,fd1620bf1abdea5e47106a645441b92c,Ai_Samples _Ready/08_Executive_Portraits/22_Group-0385.jpg,2026-05-06 10:56:46
08_Executive_Portraits,43_JohnSears-0732.jpg,Brett Williams Studios LLC,Brett Williams,100% Chain of Title (Non-Scraped),17 U.S.C. § 106,Mandatory Disclosure Summary,1629e5be01e337b09401db737aa4889e,Ai_Samples _Ready/08_Executive_Portraits/43_JohnSears-0732.jpg,2026-05-06 10:56:46
08_Executive_Portraits,28_CarltonDSouza-0501.jpg,Brett Williams Studios LLC,Brett Williams,100% Chain of Title (Non-Scraped),17 U.S.C. § 106,Mandatory Disclosure Summary,20a57493acae666a712593f04d782af2,Ai_Samples _Ready/08_Executive_Portraits/28_CarltonDSouza-0501.jpg,2026-05-06 10:56:46
08_Executive_Portraits,02_SusanDomagalski-0042.jpg,Brett Williams Studios LLC,Brett Williams,100% Chain of Title (Non-Scraped),17 U.S.C. § 106,Mandatory Disclosure Summary,9b37026bd88c449c78abb6097ec58610,Ai_Samples _Ready/08_Executive_Portraits/02_SusanDomagalski-0042.jpg,2026-05-06 10:56:46
08_Executive_Portraits,38_MichaelPacek-0645.jpg,Brett Williams Studios LLC,Brett Williams,100% Chain of Title (Non-Scraped),17 U.S.C. § 106,Mandatory Disclosure Summary,7b6c570a8bca99856dd6920ae2d66933,Ai_Samples _Ready/08_Executive_Portraits/38_MichaelPacek-0645.jpg,2026-05-06 10:56:46
08_Executive_Portraits,38_MichaelPacek-0651.jpg,Brett Williams Studios LLC,Brett Williams,100% Chain of Title (Non-Scraped),17 U.S.C. § 106,Mandatory Disclosure Summary,cdef492e9090e3c7e01b8fdd84f9b678,Ai_Samples _Ready/08_Executive_Portraits/38_MichaelPacek-0651.jpg,2026-05-06 10:56:46
08_Executive_Portraits,13_JerryGentle-0201.jpg,Brett Williams Studios LLC,Brett Williams,100% Chain of Title (Non-Scraped),17 U.S.C. § 106,Mandatory Disclosure Summary,85e9fac663a04f8589ac573fdf42dbdc,Ai_Samples _Ready/08_Executive_Portraits/13_JerryGentle-0201.jpg,2026-05-06 10:56:46
08_Executive_Portraits,18_LaurieMitchell-0283.jpg,Brett Williams Studios LLC,Brett Williams,100% Chain of Title (Non-Scraped),17 U.S.C. § 106,Mandatory Disclosure Summary,462628c62f87d78bff70fda6fcc682a5,Ai_Samples _Ready/08_Executive_Portraits/18_LaurieMitchell-0283.jpg,2026-05-06 10:56:46
08_Executive_Portraits,38_MichaelPacek-0648.jpg,Brett Williams Studios LLC,Brett Williams,100% Chain of Title (Non-Scraped),17 U.S.C. § 106,Mandatory Disclosure Summary,0618a091ef57a899b3b5620945aec8e0,Ai_Samples _Ready/08_Executive_Portraits/38_MichaelPacek-0648.jpg,2026-05-06 10:56:46
08_Executive_Portraits,54_JohnBader-0925.jpg,Brett Williams Studios LLC,Brett Williams,100% Chain of Title (Non-Scraped),17 U.S.C. § 106,Mandatory Disclosure Summary,d2ba01b62ea59dc780fb4b20984e2f87,Ai_Samples _Ready/08_Executive_Portraits/54_JohnBader-0925.jpg,2026-05-06 10:56:46
08_Executive_Portraits,05_SONYA-0100.jpg,Brett Williams Studios LLC,Brett Williams,100% Chain of Title (Non-Scraped),17 U.S.C. § 106,Mandatory Disclosure Summary,77e82c73d6beae3202b2877c5e7e3d80,Ai_Samples _Ready/08_Executive_Portraits/05_SONYA-0100.jpg,2026-05-06 10:56:46
08_Executive_Portraits,39_ChrisHarrell-0674.jpg,Brett Williams Studios LLC,Brett Williams,100% Chain of Title (Non-Scraped),17 U.S.C. § 106,Mandatory Disclosure Summary,26e8b88f6dc8ac6746456ed7d9bb7480,Ai_Samples _Ready/08_Executive_Portraits/39_ChrisHarrell-0674.jpg,2026-05-06 10:56:46
08_Executive_Portraits,20_KarieDeGraffenreid-0338.jpg,Brett Williams Studios LLC,Brett Williams,100% Chain of Title (Non-Scraped),17 U.S.C. § 106,Mandatory Disclosure Summary,c1188a282cda8d0a0888f3da51af39d1,Ai_Samples _Ready/08_Executive_Portraits/20_KarieDeGraffenreid-0338.jpg,2026-05-06 10:56:46
08_Executive_Portraits,47_JeremyFrank-0821.jpg,Brett Williams Studios LLC,Brett Williams,100% Chain of Title (Non-Scraped),17 U.S.C. § 106,Mandatory Disclosure Summary,655dfcd34f41d61917d284c14f79515f,Ai_Samples _Ready/08_Executive_Portraits/47_JeremyFrank-0821.jpg,2026-05-06 10:56:46
08_Executive_Portraits,63_MukeshDubey-1073.jpg,Brett Williams Studios LLC,Brett Williams,100% Chain of Title (Non-Scraped),17 U.S.C. § 106,Mandatory Disclosure Summary,3ab033ead209a1ff06d9dd6e6bb27ff6,Ai_Samples _Ready/08_Executive_Portraits/63_MukeshDubey-1073.jpg,2026-05-06 10:56:46
08_Executive_Portraits,42_MatthewFeeney-0719.jpg,Brett Williams Studios LLC,Brett Williams,100% Chain of Title (Non-Scraped),17 U.S.C. § 106,Mandatory Disclosure Summary,85a813986ef5284584fe0d31a417cec9,Ai_Samples _Ready/08_Executive_Portraits/42_MatthewFeeney-0719.jpg,2026-05-06 10:56:46
08_Executive_Portraits,19_PaigeKarno-0316.jpg,Brett Williams Studios LLC,Brett Williams,100% Chain of Title (Non-Scraped),17 U.S.C. § 106,Mandatory Disclosure Summary,ac3e522a5a9d2197bda5c2cec46dac69,Ai_Samples _Ready/08_Executive_Portraits/19_PaigeKarno-0316.jpg,2026-05-06 10:56:46
08_Executive_Portraits,19_PaigeKarno-0302.jpg,Brett Williams Studios LLC,Brett Williams,100% Chain of Title (Non-Scraped),17 U.S.C. § 106,Mandatory Disclosure Summary,4b3ac497bc1620ca3abe56d895d069eb,Ai_Samples _Ready/08_Executive_Portraits/19_PaigeKarno-0302.jpg,2026-05-06 10:56:46
08_Executive_Portraits,01_LizCarlton-0026.jpg,Brett Williams Studios LLC,Brett Williams,100% Chain of Title (Non-Scraped),17 U.S.C. § 106,Mandatory Disclosure Summary,08e768fb0caec9cda55f6ac37843e063,Ai_Samples _Ready/08_Executive_Portraits/01_LizCarlton-0026.jpg,2026-05-06 10:56:46
08_Executive_Portraits,01_LizCarlton-0032.jpg,Brett Williams Studios LLC,Brett Williams,100% Chain of Title (Non-Scraped),17 U.S.C. § 106,Mandatory Disclosure Summary,94cde76ea17a35eb18396c05581eb4a5,Ai_Samples _Ready/08_Executive_Portraits/01_LizCarlton-0032.jpg,2026-05-06 10:56:46
08_Executive_Portraits,26_GeorgePiper-0471.jpg,Brett Williams Studios LLC,Brett Williams,100% Chain of Title (Non-Scraped),17 U.S.C. § 106,Mandatory Disclosure Summary,52a86530d1b7536e31b880300e62d3ed,Ai_Samples _Ready/08_Executive_Portraits/26_GeorgePiper-0471.jpg,2026-05-06 10:56:46
08_Executive_Portraits,56_AnthonyTauszky-0966.jpg,Brett Williams Studios LLC,Brett Williams,100% Chain of Title (Non-Scraped),17 U.S.C. § 106,Mandatory Disclosure Summary,d60c16dfad26f12c626ad2481c249faf,Ai_Samples _Ready/08_Executive_Portraits/56_AnthonyTauszky-0966.jpg,2026-05-06 10:56:46
08_Executive_Portraits,46_TomHarvell-0791.jpg,Brett Williams Studios LLC,Brett Williams,100% Chain of Title (Non-Scraped),17 U.S.C. § 106,Mandatory Disclosure Summary,b3c2a7817e9e1600f228c298946a733f,Ai_Samples _Ready/08_Executive_Portraits/46_TomHarvell-0791.jpg,2026-05-06 10:56:46
08_Executive_Portraits,11_DawnBalke-0182.jpg,Brett Williams Studios LLC,Brett Williams,100% Chain of Title (Non-Scraped),17 U.S.C. § 106,Mandatory Disclosure Summary,249863277eb026ff7e7022ce01a1a9d6,Ai_Samples _Ready/08_Executive_Portraits/11_DawnBalke-0182.jpg,2026-05-06 10:56:46
08_Executive_Portraits,30_AnneMarie-0513.jpg,Brett Williams Studios LLC,Brett Williams,100% Chain of Title (Non-Scraped),17 U.S.C. § 106,Mandatory Disclosure Summary,6da78d066e20b8ef1e74282fd1e005dc,Ai_Samples _Ready/08_Executive_Portraits/30_AnneMarie-0513.jpg,2026-05-06 10:56:46
08_Executive_Portraits,23_AmberLogan-0413.jpg,Brett Williams Studios LLC,Brett Williams,100% Chain of Title (Non-Scraped),17 U.S.C. § 106,Mandatory Disclosure Summary,33ad4861b82af67643115ae233906f32,Ai_Samples _Ready/08_Executive_Portraits/23_AmberLogan-0413.jpg,2026-05-06 10:56:46
08_Executive_Portraits,60_LynnElliott-1037.jpg,Brett Williams Studios LLC,Brett Williams,100% Chain of Title (Non-Scraped),17 U.S.C. § 106,Mandatory Disclosure Summary,b14fbb425819111f8008df4ddfda6060,Ai_Samples _Ready/08_Executive_Portraits/60_LynnElliott-1037.jpg,2026-05-06 10:56:46
08_Executive_Portraits,60_LynnElliott-1023.jpg,Brett Williams Studios LLC,Brett Williams,100% Chain of Title (Non-Scraped),17 U.S.C. § 106,Mandatory Disclosure Summary,60c96650b652305cb4b3ac33c0e5071a,Ai_Samples _Ready/08_Executive_Portraits/60_LynnElliott-1023.jpg,2026-05-06 10:56:46
08_Executive_Portraits,28_CarltonDSouza-0493.jpg,Brett Williams Studios LLC,Brett Williams,100% Chain of Title (Non-Scraped),17 U.S.C. § 106,Mandatory Disclosure Summary,72f052d08051d667da752df342062914,Ai_Samples _Ready/08_Executive_Portraits/28_CarltonDSouza-0493.jpg,2026-05-06 10:56:46
08_Executive_Portraits,23_AmberLogan-0407.jpg,Brett Williams Studios LLC,Brett Williams,100% Chain of Title (Non-Scraped),17 U.S.C. § 106,Mandatory Disclosure Summary,7e5d1355368e430f8b64e3160f10160b,Ai_Samples _Ready/08_Executive_Portraits/23_AmberLogan-0407.jpg,2026-05-06 10:56:46
08_Executive_Portraits,53_AndreaGiometti-0903.jpg,Brett Williams Studios LLC,Brett Williams,100% Chain of Title (Non-Scraped),17 U.S.C. § 106,Mandatory Disclosure Summary,390c12940030e08add5c1378c9a20bc5,Ai_Samples _Ready/08_Executive_Portraits/53_AndreaGiometti-0903.jpg,2026-05-06 10:56:46
08_Executive_Portraits,48_ChrisThompson-0831.jpg,Brett Williams Studios LLC,Brett Williams,100% Chain of Title (Non-Scraped),17 U.S.C. § 106,Mandatory Disclosure Summary,35a337dc2b8a9dc4be9dc39b419ef28a,Ai_Samples _Ready/08_Executive_Portraits/48_ChrisThompson-0831.jpg,2026-05-06 10:56:46
08_Executive_Portraits,53_AndreaGiometti-0917.jpg,Brett Williams Studios LLC,Brett Williams,100% Chain of Title (Non-Scraped),17 U.S.C. § 106,Mandatory Disclosure Summary,9ecd16d263932eac027eee7d2775edb5,Ai_Samples _Ready/08_Executive_Portraits/53_AndreaGiometti-0917.jpg,2026-05-06 10:56:46
08_Executive_Portraits,11_DawnBalke-0169.jpg,Brett Williams Studios LLC,Brett Williams,100% Chain of Title (Non-Scraped),17 U.S.C. § 106,Mandatory Disclosure Summary,85073e3d29ecff51c55de1f38dd1b164,Ai_Samples _Ready/08_Executive_Portraits/11_DawnBalke-0169.jpg,2026-05-06 10:56:46
08_Executive_Portraits,66_MunMunMalik-1128.jpg,Brett Williams Studios LLC,Brett Williams,100% Chain of Title (Non-Scraped),17 U.S.C. § 106,Mandatory Disclosure Summary,a17eaa6e1a65edb5cee8ac18aa6db7bf,Ai_Samples _Ready/08_Executive_Portraits/66_MunMunMalik-1128.jpg,2026-05-06 10:56:46
08_Executive_Portraits,11_DawnBalke-0168.jpg,Brett Williams Studios LLC,Brett Williams,100% Chain of Title (Non-Scraped),17 U.S.C. § 106,Mandatory Disclosure Summary,c839b271c29e545a660bd061ef59cc15,Ai_Samples _Ready/08_Executive_Portraits/11_DawnBalke-0168.jpg,2026-05-06 10:56:46
08_Executive_Portraits,66_MunMunMalik-1129.jpg,Brett Williams Studios LLC,Brett Williams,100% Chain of Title (Non-Scraped),17 U.S.C. § 106,Mandatory Disclosure Summary,01fd60368e0b3ae1d3dd96b29d0e8d51,Ai_Samples _Ready/08_Executive_Portraits/66_MunMunMalik-1129.jpg,2026-05-06 10:56:46
08_Executive_Portraits,48_ChrisThompson-0830.jpg,Brett Williams Studios LLC,Brett Williams,100% Chain of Title (Non-Scraped),17 U.S.C. § 106,Mandatory Disclosure Summary,e782b5f6e02317f293905919573efa87,Ai_Samples _Ready/08_Executive_Portraits/48_ChrisThompson-0830.jpg,2026-05-06 10:56:46
08_Executive_Portraits,53_AndreaGiometti-0916.jpg,Brett Williams Studios LLC,Brett Williams,100% Chain of Title (Non-Scraped),17 U.S.C. § 106,Mandatory Disclosure Summary,7bb13a7ce367b6b8c93578a3fdb8085e,Ai_Samples _Ready/08_Executive_Portraits/53_AndreaGiometti-0916.jpg,2026-05-06 10:56:46
08_Executive_Portraits,53_AndreaGiometti-0902.jpg,Brett Williams Studios LLC,Brett Williams,100% Chain of Title (Non-Scraped),17 U.S.C. § 106,Mandatory Disclosure Summary,11afd2801cc99ef9f13f0f85021e1cf6,Ai_Samples _Ready/08_Executive_Portraits/53_AndreaGiometti-0902.jpg,2026-05-06 10:56:46
08_Executive_Portraits,23_AmberLogan-0406.jpg,Brett Williams Studios LLC,Brett Williams,100% Chain of Title (Non-Scraped),17 U.S.C. § 106,Mandatory Disclosure Summary,ca594561aa31ca07a6271037d8d467ac,Ai_Samples _Ready/08_Executive_Portraits/23_AmberLogan-0406.jpg,2026-05-06 10:56:46
08_Executive_Portraits,28_CarltonDSouza-0492.jpg,Brett Williams Studios LLC,Brett Williams,100% Chain of Title (Non-Scraped),17 U.S.C. § 106,Mandatory Disclosure Summary,f9dca637484f317cc09a2a51ea455d0c,Ai_Samples _Ready/08_Executive_Portraits/28_CarltonDSouza-0492.jpg,2026-05-06 10:56:46
08_Executive_Portraits,60_LynnElliott-1022.jpg,Brett Williams Studios LLC,Brett Williams,100% Chain of Title (Non-Scraped),17 U.S.C. § 106,Mandatory Disclosure Summary,8eee28e3f21eba63345705f712c5e3a0,Ai_Samples _Ready/08_Executive_Portraits/60_LynnElliott-1022.jpg,2026-05-06 10:56:46
08_Executive_Portraits,60_LynnElliott-1036.jpg,Brett Williams Studios LLC,Brett Williams,100% Chain of Title (Non-Scraped),17 U.S.C. § 106,Mandatory Disclosure Summary,f982c432c605fa89cf63271b175f4349,Ai_Samples _Ready/08_Executive_Portraits/60_LynnElliott-1036.jpg,2026-05-06 10:56:46
08_Executive_Portraits,23_AmberLogan-0412.jpg,Brett Williams Studios LLC,Brett Williams,100% Chain of Title (Non-Scraped),17 U.S.C. § 106,Mandatory Disclosure Summary,b8b44b14b123c2a9371dbc2751585426,Ai_Samples _Ready/08_Executive_Portraits/23_AmberLogan-0412.jpg,2026-05-06 10:56:46
08_Executive_Portraits,26_GeorgePiper-0470.jpg,Brett Williams Studios LLC,Brett Williams,100% Chain of Title (Non-Scraped),17 U.S.C. § 106,Mandatory Disclosure Summary,78001b29f67d90a3e5f111a0cfb03aca,Ai_Samples _Ready/08_Executive_Portraits/26_GeorgePiper-0470.jpg,2026-05-06 10:56:46
08_Executive_Portraits,46_TomHarvell-0790.jpg,Brett Williams Studios LLC,Brett Williams,100% Chain of Title (Non-Scraped),17 U.S.C. § 106,Mandatory Disclosure Summary,aecc160cd6632c2c73d52ed752d17941,Ai_Samples _Ready/08_Executive_Portraits/46_TomHarvell-0790.jpg,2026-05-06 10:56:46
08_Executive_Portraits,56_AnthonyTauszky-0967.jpg,Brett Williams Studios LLC,Brett Williams,100% Chain of Title (Non-Scraped),17 U.S.C. § 106,Mandatory Disclosure Summary,eb4acee84f4cb4548249871169042b0b,Ai_Samples _Ready/08_Executive_Portraits/56_AnthonyTauszky-0967.jpg,2026-05-06 10:56:46
08_Executive_Portraits,56_AnthonyTauszky-0973.jpg,Brett Williams Studios LLC,Brett Williams,100% Chain of Title (Non-Scraped),17 U.S.C. § 106,Mandatory Disclosure Summary,6b214530a87e829634ecfb14fd508ad5,Ai_Samples _Ready/08_Executive_Portraits/56_AnthonyTauszky-0973.jpg,2026-05-06 10:56:46
08_Executive_Portraits,26_GeorgePiper-0464.jpg,Brett Williams Studios LLC,Brett Williams,100% Chain of Title (Non-Scraped),17 U.S.C. § 106,Mandatory Disclosure Summary,90cb34e356284b8a2d8df311cfb4f485,Ai_Samples _Ready/08_Executive_Portraits/26_GeorgePiper-0464.jpg,2026-05-06 10:56:46
08_Executive_Portraits,01_LizCarlton-0033.jpg,Brett Williams Studios LLC,Brett Williams,100% Chain of Title (Non-Scraped),17 U.S.C. § 106,Mandatory Disclosure Summary,2847ea920b7f9304500d2f25d92f5867,Ai_Samples _Ready/08_Executive_Portraits/01_LizCarlton-0033.jpg,2026-05-06 10:56:46
08_Executive_Portraits,01_LizCarlton-0027.jpg,Brett Williams Studios LLC,Brett Williams,100% Chain of Title (Non-Scraped),17 U.S.C. § 106,Mandatory Disclosure Summary,5c044597589f2e857ce6188d07a10365,Ai_Samples _Ready/08_Executive_Portraits/01_LizCarlton-0027.jpg,2026-05-06 10:56:46
08_Executive_Portraits,19_PaigeKarno-0303.jpg,Brett Williams Studios LLC,Brett Williams,100% Chain of Title (Non-Scraped),17 U.S.C. § 106,Mandatory Disclosure Summary,f24a808d044c0ae846b334125b02fe55,Ai_Samples _Ready/08_Executive_Portraits/19_PaigeKarno-0303.jpg,2026-05-06 10:56:46
08_Executive_Portraits,19_PaigeKarno-0317.jpg,Brett Williams Studios LLC,Brett Williams,100% Chain of Title (Non-Scraped),17 U.S.C. § 106,Mandatory Disclosure Summary,c50ed8b4d5a746adc45e61f7204472bd,Ai_Samples _Ready/08_Executive_Portraits/19_PaigeKarno-0317.jpg,2026-05-06 10:56:46
08_Executive_Portraits,42_MatthewFeeney-0724.jpg,Brett Williams Studios LLC,Brett Williams,100% Chain of Title (Non-Scraped),17 U.S.C. § 106,Mandatory Disclosure Summary,abc58b1b6e54eb21d14ebdeb34889df3,Ai_Samples _Ready/08_Executive_Portraits/42_MatthewFeeney-0724.jpg,2026-05-06 10:56:46
08_Executive_Portraits,63_MukeshDubey-1072.jpg,Brett Williams Studios LLC,Brett Williams,100% Chain of Title (Non-Scraped),17 U.S.C. § 106,Mandatory Disclosure Summary,2f46fe886273b5781521b2e620a8b694,Ai_Samples _Ready/08_Executive_Portraits/63_MukeshDubey-1072.jpg,2026-05-06 10:56:46
08_Executive_Portraits,47_JeremyFrank-0820.jpg,Brett Williams Studios LLC,Brett Williams,100% Chain of Title (Non-Scraped),17 U.S.C. § 106,Mandatory Disclosure Summary,cbee0fdcbeda0391e8280a88618f5d03,Ai_Samples _Ready/08_Executive_Portraits/47_JeremyFrank-0820.jpg,2026-05-06 10:56:46
08_Executive_Portraits,20_KarieDeGraffenreid-0339.jpg,Brett Williams Studios LLC,Brett Williams,100% Chain of Title (Non-Scraped),17 U.S.C. § 106,Mandatory Disclosure Summary,1edd1a6500f85a644567a7e5e6e3dedf,Ai_Samples _Ready/08_Executive_Portraits/20_KarieDeGraffenreid-0339.jpg,2026-05-06 10:56:46
08_Executive_Portraits,39_ChrisHarrell-0661.jpg,Brett Williams Studios LLC,Brett Williams,100% Chain of Title (Non-Scraped),17 U.S.C. § 106,Mandatory Disclosure Summary,5eb5e3bda3f7d427fc5bd02faf2a954c,Ai_Samples _Ready/08_Executive_Portraits/39_ChrisHarrell-0661.jpg,2026-05-06 10:56:46
08_Executive_Portraits,54_JohnBader-0930.jpg,Brett Williams Studios LLC,Brett Williams,100% Chain of Title (Non-Scraped),17 U.S.C. § 106,Mandatory Disclosure Summary,860b514ca7dacec51928050f2bf391b8,Ai_Samples _Ready/08_Executive_Portraits/54_JohnBader-0930.jpg,2026-05-06 10:56:46
08_Executive_Portraits,54_JohnBader-0924.jpg,Brett Williams Studios LLC,Brett Williams,100% Chain of Title (Non-Scraped),17 U.S.C. § 106,Mandatory Disclosure Summary,4650dc4d46f6e6c4c43b7de1a9362cf8,Ai_Samples _Ready/08_Executive_Portraits/54_JohnBader-0924.jpg,2026-05-06 10:56:46
08_Executive_Portraits,55_AnthonyPicardi-0942.jpg,Brett Williams Studios LLC,Brett Williams,100% Chain of Title (Non-Scraped),17 U.S.C. § 106,Mandatory Disclosure Summary,452d7553144e283f61776d127082df69,Ai_Samples _Ready/08_Executive_Portraits/55_AnthonyPicardi-0942.jpg,2026-05-06 10:56:46
08_Executive_Portraits,24_OrlandoRamirez-0439.jpg,Brett Williams Studios LLC,Brett Williams,100% Chain of Title (Non-Scraped),17 U.S.C. § 106,Mandatory Disclosure Summary,7d4d4682c07f577c1345a254c3622d96,Ai_Samples _Ready/08_Executive_Portraits/24_OrlandoRamirez-0439.jpg,2026-05-06 10:56:46
08_Executive_Portraits,18_LaurieMitchell-0296.jpg,Brett Williams Studios LLC,Brett Williams,100% Chain of Title (Non-Scraped),17 U.S.C. § 106,Mandatory Disclosure Summary,44d6d13cf64286487e296687fffe7739,Ai_Samples _Ready/08_Executive_Portraits/18_LaurieMitchell-0296.jpg,2026-05-06 10:56:46
08_Executive_Portraits,18_LaurieMitchell-0282.jpg,Brett Williams Studios LLC,Brett Williams,100% Chain of Title (Non-Scraped),17 U.S.C. § 106,Mandatory Disclosure Summary,7bd7726e888e5d4216de951f9747259d,Ai_Samples _Ready/08_Executive_Portraits/18_LaurieMitchell-0282.jpg,2026-05-06 10:56:46
08_Executive_Portraits,13_JerryGentle-0200.jpg,Brett Williams Studios LLC,Brett Williams,100% Chain of Title (Non-Scraped),17 U.S.C. § 106,Mandatory Disclosure Summary,4aea23e2ef2d889a974ffbfe0eb3fd2d,Ai_Samples _Ready/08_Executive_Portraits/13_JerryGentle-0200.jpg,2026-05-06 10:56:46
08_Executive_Portraits,38_MichaelPacek-0649.jpg,Brett Williams Studios LLC,Brett Williams,100% Chain of Title (Non-Scraped),17 U.S.C. § 106,Mandatory Disclosure Summary,a56714221448ab6dfab75ac800986ae2,Ai_Samples _Ready/08_Executive_Portraits/38_MichaelPacek-0649.jpg,2026-05-06 10:56:46
08_Executive_Portraits,18_LaurieMitchell-0294.jpg,Brett Williams Studios LLC,Brett Williams,100% Chain of Title (Non-Scraped),17 U.S.C. § 106,Mandatory Disclosure Summary,7b0705fe2773fd4dbd90b8d6eebc5f55,Ai_Samples _Ready/08_Executive_Portraits/18_LaurieMitchell-0294.jpg,2026-05-06 10:56:46
08_Executive_Portraits,13_JerryGentle-0202.jpg,Brett Williams Studios LLC,Brett Williams,100% Chain of Title (Non-Scraped),17 U.S.C. § 106,Mandatory Disclosure Summary,ae556eed1ea8da48f2dda6988fa55ee8,Ai_Samples _Ready/08_Executive_Portraits/13_JerryGentle-0202.jpg,2026-05-06 10:56:46
08_Executive_Portraits,18_LaurieMitchell-0280.jpg,Brett Williams Studios LLC,Brett Williams,100% Chain of Title (Non-Scraped),17 U.S.C. § 106,Mandatory Disclosure Summary,f6a331b880fa5a29843aa5cec865181f,Ai_Samples _Ready/08_Executive_Portraits/18_LaurieMitchell-0280.jpg,2026-05-06 10:56:46
08_Executive_Portraits,55_AnthonyPicardi-0940.jpg,Brett Williams Studios LLC,Brett Williams,100% Chain of Title (Non-Scraped),17 U.S.C. § 106,Mandatory Disclosure Summary,2d58c44ac1e9715275225e94628d34a5,Ai_Samples _Ready/08_Executive_Portraits/55_AnthonyPicardi-0940.jpg,2026-05-06 10:56:46
08_Executive_Portraits,43_JohnSears-0728.jpg,Brett Williams Studios LLC,Brett Williams,100% Chain of Title (Non-Scraped),17 U.S.C. § 106,Mandatory Disclosure Summary,655071d3685a7c7787a05f85448beca7,Ai_Samples _Ready/08_Executive_Portraits/43_JohnSears-0728.jpg,2026-05-06 10:56:46
08_Executive_Portraits,54_JohnBader-0926.jpg,Brett Williams Studios LLC,Brett Williams,100% Chain of Title (Non-Scraped),17 U.S.C. § 106,Mandatory Disclosure Summary,a7bd75e51be50fe3ea0360ed930cff1c,Ai_Samples _Ready/08_Executive_Portraits/54_JohnBader-0926.jpg,2026-05-06 10:56:46
08_Executive_Portraits,39_ChrisHarrell-0663.jpg,Brett Williams Studios LLC,Brett Williams,100% Chain of Title (Non-Scraped),17 U.S.C. § 106,Mandatory Disclosure Summary,9befdc4826bb9fccd5d5733f2b81b261,Ai_Samples _Ready/08_Executive_Portraits/39_ChrisHarrell-0663.jpg,2026-05-06 10:56:46
08_Executive_Portraits,05_SONYA-0103.jpg,Brett Williams Studios LLC,Brett Williams,100% Chain of Title (Non-Scraped),17 U.S.C. § 106,Mandatory Disclosure Summary,aa031664afc32d8702ed0335f6f850c2,Ai_Samples _Ready/08_Executive_Portraits/05_SONYA-0103.jpg,2026-05-06 10:56:46
08_Executive_Portraits,63_MukeshDubey-1070.jpg,Brett Williams Studios LLC,Brett Williams,100% Chain of Title (Non-Scraped),17 U.S.C. § 106,Mandatory Disclosure Summary,2d2e7b120ed35283c7e36e43e39f0dd2,Ai_Samples _Ready/08_Executive_Portraits/63_MukeshDubey-1070.jpg,2026-05-06 10:56:46
08_Executive_Portraits,47_JeremyFrank-0822.jpg,Brett Williams Studios LLC,Brett Williams,100% Chain of Title (Non-Scraped),17 U.S.C. § 106,Mandatory Disclosure Summary,4cd67ed837410c7d3063c34032f42e62,Ai_Samples _Ready/08_Executive_Portraits/47_JeremyFrank-0822.jpg,2026-05-06 10:56:46
08_Executive_Portraits,46_TomHarvell-0802.jpg,Brett Williams Studios LLC,Brett Williams,100% Chain of Title (Non-Scraped),17 U.S.C. § 106,Mandatory Disclosure Summary,642a1684fd3c2de451ec726e906ec38f,Ai_Samples _Ready/08_Executive_Portraits/46_TomHarvell-0802.jpg,2026-05-06 10:56:46
08_Executive_Portraits,15_SteveNava-0248.jpg,Brett Williams Studios LLC,Brett Williams,100% Chain of Title (Non-Scraped),17 U.S.C. § 106,Mandatory Disclosure Summary,d992584934b691987891d23716f85178,Ai_Samples _Ready/08_Executive_Portraits/15_SteveNava-0248.jpg,2026-05-06 10:56:46
08_Executive_Portraits,19_PaigeKarno-0301.jpg,Brett Williams Studios LLC,Brett Williams,100% Chain of Title (Non-Scraped),17 U.S.C. § 106,Mandatory Disclosure Summary,a5bfba9470bd3b843f9e930c02b7c94f,Ai_Samples _Ready/08_Executive_Portraits/19_PaigeKarno-0301.jpg,2026-05-06 10:56:46
08_Executive_Portraits,19_PaigeKarno-0315.jpg,Brett Williams Studios LLC,Brett Williams,100% Chain of Title (Non-Scraped),17 U.S.C. § 106,Mandatory Disclosure Summary,0531f5fef0dc707436326b8fd26c326e,Ai_Samples _Ready/08_Executive_Portraits/19_PaigeKarno-0315.jpg,2026-05-06 10:56:46
08_Executive_Portraits,01_LizCarlton-0019.jpg,Brett Williams Studios LLC,Brett Williams,100% Chain of Title (Non-Scraped),17 U.S.C. § 106,Mandatory Disclosure Summary,dda79e05de4e3100259b73a460bfbcd2,Ai_Samples _Ready/08_Executive_Portraits/01_LizCarlton-0019.jpg,2026-05-06 10:56:46
08_Executive_Portraits,01_LizCarlton-0031.jpg,Brett Williams Studios LLC,Brett Williams,100% Chain of Title (Non-Scraped),17 U.S.C. § 106,Mandatory Disclosure Summary,d8429df9fdcebb126d45311b51918956,Ai_Samples _Ready/08_Executive_Portraits/01_LizCarlton-0031.jpg,2026-05-06 10:56:46
08_Executive_Portraits,19_PaigeKarno-0329.jpg,Brett Williams Studios LLC,Brett Williams,100% Chain of Title (Non-Scraped),17 U.S.C. § 106,Mandatory Disclosure Summary,f16740e7b5aaadbf5f85297d19cce515,Ai_Samples _Ready/08_Executive_Portraits/19_PaigeKarno-0329.jpg,2026-05-06 10:56:46
08_Executive_Portraits,56_AnthonyTauszky-0959.jpg,Brett Williams Studios LLC,Brett Williams,100% Chain of Title (Non-Scraped),17 U.S.C. § 106,Mandatory Disclosure Summary,897acd129c7cf249534299f3aa9e3fd2,Ai_Samples _Ready/08_Executive_Portraits/56_AnthonyTauszky-0959.jpg,2026-05-06 10:56:46
08_Executive_Portraits,65_StephenMcPhee-1121.jpg,Brett Williams Studios LLC,Brett Williams,100% Chain of Title (Non-Scraped),17 U.S.C. § 106,Mandatory Disclosure Summary,c9f8e82a77a2714d6f1f93444fa7c0ea,Ai_Samples _Ready/08_Executive_Portraits/65_StephenMcPhee-1121.jpg,2026-05-06 10:56:46
08_Executive_Portraits,56_AnthonyTauszky-0965.jpg,Brett Williams Studios LLC,Brett Williams,100% Chain of Title (Non-Scraped),17 U.S.C. § 106,Mandatory Disclosure Summary,a36092ebdc0761490661b69e0923c8c0,Ai_Samples _Ready/08_Executive_Portraits/56_AnthonyTauszky-0965.jpg,2026-05-06 10:56:46
08_Executive_Portraits,46_TomHarvell-0792.jpg,Brett Williams Studios LLC,Brett Williams,100% Chain of Title (Non-Scraped),17 U.S.C. § 106,Mandatory Disclosure Summary,956aa998508f459882768b02ddec0527,Ai_Samples _Ready/08_Executive_Portraits/46_TomHarvell-0792.jpg,2026-05-06 10:56:46
08_Executive_Portraits,65_StephenMcPhee-1109.jpg,Brett Williams Studios LLC,Brett Williams,100% Chain of Title (Non-Scraped),17 U.S.C. § 106,Mandatory Disclosure Summary,8c720793fbc17a28c20b41515414c0a6,Ai_Samples _Ready/08_Executive_Portraits/65_StephenMcPhee-1109.jpg,2026-05-06 10:56:46
08_Executive_Portraits,26_GeorgePiper-0466.jpg,Brett Williams Studios LLC,Brett Williams,100% Chain of Title (Non-Scraped),17 U.S.C. § 106,Mandatory Disclosure Summary,31942958fc8f3457b1ee4faeb15f45da,Ai_Samples _Ready/08_Executive_Portraits/26_GeorgePiper-0466.jpg,2026-05-06 10:56:46
08_Executive_Portraits,05_SONYA-0088.jpg,Brett Williams Studios LLC,Brett Williams,100% Chain of Title (Non-Scraped),17 U.S.C. § 106,Mandatory Disclosure Summary,ef5e041967c6ff7e4a47f4bc0ac6b913,Ai_Samples _Ready/08_Executive_Portraits/05_SONYA-0088.jpg,2026-05-06 10:56:46
08_Executive_Portraits,11_DawnBalke-0181.jpg,Brett Williams Studios LLC,Brett Williams,100% Chain of Title (Non-Scraped),17 U.S.C. § 106,Mandatory Disclosure Summary,6c2d58484cde5fcf36a9f6420868447f,Ai_Samples _Ready/08_Executive_Portraits/11_DawnBalke-0181.jpg,2026-05-06 10:56:46
08_Executive_Portraits,28_CarltonDSouza-0490.jpg,Brett Williams Studios LLC,Brett Williams,100% Chain of Title (Non-Scraped),17 U.S.C. § 106,Mandatory Disclosure Summary,d771facf8af2e8e50a299b10776bf001,Ai_Samples _Ready/08_Executive_Portraits/28_CarltonDSouza-0490.jpg,2026-05-06 10:56:46
08_Executive_Portraits,23_AmberLogan-0410.jpg,Brett Williams Studios LLC,Brett Williams,100% Chain of Title (Non-Scraped),17 U.S.C. § 106,Mandatory Disclosure Summary,6a85d623c5f486ae0b266299191583e2,Ai_Samples _Ready/08_Executive_Portraits/23_AmberLogan-0410.jpg,2026-05-06 10:56:46
08_Executive_Portraits,60_LynnElliott-1034.jpg,Brett Williams Studios LLC,Brett Williams,100% Chain of Title (Non-Scraped),17 U.S.C. § 106,Mandatory Disclosure Summary,0dac8f5f76c8e0f1b2770fcba21c4ec1,Ai_Samples _Ready/08_Executive_Portraits/60_LynnElliott-1034.jpg,2026-05-06 10:56:46
08_Executive_Portraits,53_AndreaGiometti-0914.jpg,Brett Williams Studios LLC,Brett Williams,100% Chain of Title (Non-Scraped),17 U.S.C. § 106,Mandatory Disclosure Summary,8b1a7947eaf2855eb8c156913bf57930,Ai_Samples _Ready/08_Executive_Portraits/53_AndreaGiometti-0914.jpg,2026-05-06 10:56:46
08_Executive_Portraits,48_ChrisThompson-0832.jpg,Brett Williams Studios LLC,Brett Williams,100% Chain of Title (Non-Scraped),17 U.S.C. § 106,Mandatory Disclosure Summary,f3caf7a40ba2a48d8671f108fa6070dc,Ai_Samples _Ready/08_Executive_Portraits/48_ChrisThompson-0832.jpg,2026-05-06 10:56:46
08_Executive_Portraits,48_ChrisThompson-0826.jpg,Brett Williams Studios LLC,Brett Williams,100% Chain of Title (Non-Scraped),17 U.S.C. § 106,Mandatory Disclosure Summary,b0bcb12bb462bacf343c102030333ad8,Ai_Samples _Ready/08_Executive_Portraits/48_ChrisThompson-0826.jpg,2026-05-06 10:56:46
08_Executive_Portraits,48_ChrisThompson-0827.jpg,Brett Williams Studios LLC,Brett Williams,100% Chain of Title (Non-Scraped),17 U.S.C. § 106,Mandatory Disclosure Summary,ec9162efda81ced0c1b909ed669382d6,Ai_Samples _Ready/08_Executive_Portraits/48_ChrisThompson-0827.jpg,2026-05-06 10:56:46
08_Executive_Portraits,53_AndreaGiometti-0901.jpg,Brett Williams Studios LLC,Brett Williams,100% Chain of Title (Non-Scraped),17 U.S.C. § 106,Mandatory Disclosure Summary,6a448a06dbb0215aba4a9e8fafd777d6,Ai_Samples _Ready/08_Executive_Portraits/53_AndreaGiometti-0901.jpg,2026-05-06 10:56:46
08_Executive_Portraits,53_AndreaGiometti-0915.jpg,Brett Williams Studios LLC,Brett Williams,100% Chain of Title (Non-Scraped),17 U.S.C. § 106,Mandatory Disclosure Summary,df414241f5091c2ec1f9f4e556d38455,Ai_Samples _Ready/08_Executive_Portraits/53_AndreaGiometti-0915.jpg,2026-05-06 10:56:46
08_Executive_Portraits,48_ChrisThompson-0833.jpg,Brett Williams Studios LLC,Brett Williams,100% Chain of Title (Non-Scraped),17 U.S.C. § 106,Mandatory Disclosure Summary,dd66e7a68b7c9ef5f7ffb9806b2de3b6,Ai_Samples _Ready/08_Executive_Portraits/48_ChrisThompson-0833.jpg,2026-05-06 10:56:46
08_Executive_Portraits,28_CarltonDSouza-0491.jpg,Brett Williams Studios LLC,Brett Williams,100% Chain of Title (Non-Scraped),17 U.S.C. § 106,Mandatory Disclosure Summary,b16f197b5f23e87d95b3708f360b4faa,Ai_Samples _Ready/08_Executive_Portraits/28_CarltonDSouza-0491.jpg,2026-05-06 10:56:46
08_Executive_Portraits,23_AmberLogan-0405.jpg,Brett Williams Studios LLC,Brett Williams,100% Chain of Title (Non-Scraped),17 U.S.C. § 106,Mandatory Disclosure Summary,155b0e73140803440b1565b01231b9d1,Ai_Samples _Ready/08_Executive_Portraits/23_AmberLogan-0405.jpg,2026-05-06 10:56:46
08_Executive_Portraits,11_DawnBalke-0180.jpg,Brett Williams Studios LLC,Brett Williams,100% Chain of Title (Non-Scraped),17 U.S.C. § 106,Mandatory Disclosure Summary,deaa05d825952e8f887ff6e54e18dd87,Ai_Samples _Ready/08_Executive_Portraits/11_DawnBalke-0180.jpg,2026-05-06 10:56:46
08_Executive_Portraits,44_DaveRoberts-0756.jpg,Brett Williams Studios LLC,Brett Williams,100% Chain of Title (Non-Scraped),17 U.S.C. § 106,Mandatory Disclosure Summary,5bdcd4467d0df92d403bf2803b868d84,Ai_Samples _Ready/08_Executive_Portraits/44_DaveRoberts-0756.jpg,2026-05-06 10:56:46
08_Executive_Portraits,26_GeorgePiper-0467.jpg,Brett Williams Studios LLC,Brett Williams,100% Chain of Title (Non-Scraped),17 U.S.C. § 106,Mandatory Disclosure Summary,a1f4e07c4c43ce8d6b19a72413c9cdce,Ai_Samples _Ready/08_Executive_Portraits/26_GeorgePiper-0467.jpg,2026-05-06 10:56:46
08_Executive_Portraits,56_AnthonyTauszky-0970.jpg,Brett Williams Studios LLC,Brett Williams,100% Chain of Title (Non-Scraped),17 U.S.C. § 106,Mandatory Disclosure Summary,870abf199edcba84d81f2d6ed565f88a,Ai_Samples _Ready/08_Executive_Portraits/56_AnthonyTauszky-0970.jpg,2026-05-06 10:56:46
08_Executive_Portraits,05_SONYA-0089.jpg,Brett Williams Studios LLC,Brett Williams,100% Chain of Title (Non-Scraped),17 U.S.C. § 106,Mandatory Disclosure Summary,402d99f9a3b58ea9373f0ed8c5596d14,Ai_Samples _Ready/08_Executive_Portraits/05_SONYA-0089.jpg,2026-05-06 10:56:46
08_Executive_Portraits,56_AnthonyTauszky-0964.jpg,Brett Williams Studios LLC,Brett Williams,100% Chain of Title (Non-Scraped),17 U.S.C. § 106,Mandatory Disclosure Summary,8df7216384f2c8853d282df6f30100fc,Ai_Samples _Ready/08_Executive_Portraits/56_AnthonyTauszky-0964.jpg,2026-05-06 10:56:46
08_Executive_Portraits,65_StephenMcPhee-1108.jpg,Brett Williams Studios LLC,Brett Williams,100% Chain of Title (Non-Scraped),17 U.S.C. § 106,Mandatory Disclosure Summary,ca37e48bfc3869c7a1734b2572374d99,Ai_Samples _Ready/08_Executive_Portraits/65_StephenMcPhee-1108.jpg,2026-05-06 10:56:46
08_Executive_Portraits,26_GeorgePiper-0473.jpg,Brett Williams Studios LLC,Brett Williams,100% Chain of Title (Non-Scraped),17 U.S.C. § 106,Mandatory Disclosure Summary,1357adbf6b944ee3c3717f110085aa7a,Ai_Samples _Ready/08_Executive_Portraits/26_GeorgePiper-0473.jpg,2026-05-06 10:56:46
08_Executive_Portraits,65_StephenMcPhee-1120.jpg,Brett Williams Studios LLC,Brett Williams,100% Chain of Title (Non-Scraped),17 U.S.C. § 106,Mandatory Disclosure Summary,fa377d65df7e89f568c77ef4131a5cba,Ai_Samples _Ready/08_Executive_Portraits/65_StephenMcPhee-1120.jpg,2026-05-06 10:56:46
08_Executive_Portraits,56_AnthonyTauszky-0958.jpg,Brett Williams Studios LLC,Brett Williams,100% Chain of Title (Non-Scraped),17 U.S.C. § 106,Mandatory Disclosure Summary,0e44297037f1bf09ab8de25e728efbe4,Ai_Samples _Ready/08_Executive_Portraits/56_AnthonyTauszky-0958.jpg,2026-05-06 10:56:46
08_Executive_Portraits,19_PaigeKarno-0328.jpg,Brett Williams Studios LLC,Brett Williams,100% Chain of Title (Non-Scraped),17 U.S.C. § 106,Mandatory Disclosure Summary,3848dede7596265a748f3ca0f4bc1fa1,Ai_Samples _Ready/08_Executive_Portraits/19_PaigeKarno-0328.jpg,2026-05-06 10:56:46
08_Executive_Portraits,01_LizCarlton-0024.jpg,Brett Williams Studios LLC,Brett Williams,100% Chain of Title (Non-Scraped),17 U.S.C. § 106,Mandatory Disclosure Summary,b0f9dcfaf160e4206e10af235207a87d,Ai_Samples _Ready/08_Executive_Portraits/01_LizCarlton-0024.jpg,2026-05-06 10:56:46
08_Executive_Portraits,01_LizCarlton-0030.jpg,Brett Williams Studios LLC,Brett Williams,100% Chain of Title (Non-Scraped),17 U.S.C. § 106,Mandatory Disclosure Summary,341bf94c7da95f84b2d877db34c884bb,Ai_Samples _Ready/08_Executive_Portraits/01_LizCarlton-0030.jpg,2026-05-06 10:56:46
08_Executive_Portraits,19_PaigeKarno-0314.jpg,Brett Williams Studios LLC,Brett Williams,100% Chain of Title (Non-Scraped),17 U.S.C. § 106,Mandatory Disclosure Summary,265cfb614eff80d4608db77da6cf6b2e,Ai_Samples _Ready/08_Executive_Portraits/19_PaigeKarno-0314.jpg,2026-05-06 10:56:46
08_Executive_Portraits,19_PaigeKarno-0300.jpg,Brett Williams Studios LLC,Brett Williams,100% Chain of Title (Non-Scraped),17 U.S.C. § 106,Mandatory Disclosure Summary,7b541668ce6ee8f4207b31fca7de71db,Ai_Samples _Ready/08_Executive_Portraits/19_PaigeKarno-0300.jpg,2026-05-06 10:56:46
08_Executive_Portraits,46_TomHarvell-0803.jpg,Brett Williams Studios LLC,Brett Williams,100% Chain of Title (Non-Scraped),17 U.S.C. § 106,Mandatory Disclosure Summary,0a8c6efd86facb89bc75796aef15eead,Ai_Samples _Ready/08_Executive_Portraits/46_TomHarvell-0803.jpg,2026-05-06 10:56:46
08_Executive_Portraits,15_SteveNava-0249.jpg,Brett Williams Studios LLC,Brett Williams,100% Chain of Title (Non-Scraped),17 U.S.C. § 106,Mandatory Disclosure Summary,0523643d5e85c81a67c221fca8f77557,Ai_Samples _Ready/08_Executive_Portraits/15_SteveNava-0249.jpg,2026-05-06 10:56:46
08_Executive_Portraits,47_JeremyFrank-0823.jpg,Brett Williams Studios LLC,Brett Williams,100% Chain of Title (Non-Scraped),17 U.S.C. § 106,Mandatory Disclosure Summary,1db3197658fd68085544f68b2904d6b7,Ai_Samples _Ready/08_Executive_Portraits/47_JeremyFrank-0823.jpg,2026-05-06 10:56:46
08_Executive_Portraits,63_MukeshDubey-1071.jpg,Brett Williams Studios LLC,Brett Williams,100% Chain of Title (Non-Scraped),17 U.S.C. § 106,Mandatory Disclosure Summary,118316cdc76e4acadd6a9abc23a137d4,Ai_Samples _Ready/08_Executive_Portraits/63_MukeshDubey-1071.jpg,2026-05-06 10:56:46
08_Executive_Portraits,05_SONYA-0102.jpg,Brett Williams Studios LLC,Brett Williams,100% Chain of Title (Non-Scraped),17 U.S.C. § 106,Mandatory Disclosure Summary,ec812201f6212e87837b7706f98d2b2c,Ai_Samples _Ready/08_Executive_Portraits/05_SONYA-0102.jpg,2026-05-06 10:56:46
08_Executive_Portraits,39_ChrisHarrell-0662.jpg,Brett Williams Studios LLC,Brett Williams,100% Chain of Title (Non-Scraped),17 U.S.C. § 106,Mandatory Disclosure Summary,79afa82abdc30861734be39390786a8a,Ai_Samples _Ready/08_Executive_Portraits/39_ChrisHarrell-0662.jpg,2026-05-06 10:56:46
08_Executive_Portraits,54_JohnBader-0927.jpg,Brett Williams Studios LLC,Brett Williams,100% Chain of Title (Non-Scraped),17 U.S.C. § 106,Mandatory Disclosure Summary,9cd70e11f579f138893382d5a88a24e9,Ai_Samples _Ready/08_Executive_Portraits/54_JohnBader-0927.jpg,2026-05-06 10:56:46
08_Executive_Portraits,54_JohnBader-0933.jpg,Brett Williams Studios LLC,Brett Williams,100% Chain of Title (Non-Scraped),17 U.S.C. § 106,Mandatory Disclosure Summary,0392219aa90a1e5b4e1ef33215ed0a87,Ai_Samples _Ready/08_Executive_Portraits/54_JohnBader-0933.jpg,2026-05-06 10:56:46
08_Executive_Portraits,09_DavidWeinstein-0141.jpg,Brett Williams Studios LLC,Brett Williams,100% Chain of Title (Non-Scraped),17 U.S.C. § 106,Mandatory Disclosure Summary,e90e4e937e57a21f75ad1c66c88dac2e,Ai_Samples _Ready/08_Executive_Portraits/09_DavidWeinstein-0141.jpg,2026-05-06 10:56:46
08_Executive_Portraits,55_AnthonyPicardi-0941.jpg,Brett Williams Studios LLC,Brett Williams,100% Chain of Title (Non-Scraped),17 U.S.C. § 106,Mandatory Disclosure Summary,7fbd901f6e14d94c7b057925e44d69d7,Ai_Samples _Ready/08_Executive_Portraits/55_AnthonyPicardi-0941.jpg,2026-05-06 10:56:46
08_Executive_Portraits,18_LaurieMitchell-0281.jpg,Brett Williams Studios LLC,Brett Williams,100% Chain of Title (Non-Scraped),17 U.S.C. § 106,Mandatory Disclosure Summary,9c5fa330d528a95389fa90a037b096ac,Ai_Samples _Ready/08_Executive_Portraits/18_LaurieMitchell-0281.jpg,2026-05-06 10:56:46
08_Executive_Portraits,18_LaurieMitchell-0295.jpg,Brett Williams Studios LLC,Brett Williams,100% Chain of Title (Non-Scraped),17 U.S.C. § 106,Mandatory Disclosure Summary,a1ae1190a795175beab5a0ae59aaba29,Ai_Samples _Ready/08_Executive_Portraits/18_LaurieMitchell-0295.jpg,2026-05-06 10:56:46
08_Executive_Portraits,02_SusanDomagalski-0049.jpg,Brett Williams Studios LLC,Brett Williams,100% Chain of Title (Non-Scraped),17 U.S.C. § 106,Mandatory Disclosure Summary,f9d3048c0320ef0e9b26b1792b22f0b6,Ai_Samples _Ready/08_Executive_Portraits/02_SusanDomagalski-0049.jpg,2026-05-06 10:56:46
08_Executive_Portraits,13_JerryGentle-0213.jpg,Brett Williams Studios LLC,Brett Williams,100% Chain of Title (Non-Scraped),17 U.S.C. § 106,Mandatory Disclosure Summary,a1d440cfeeae4b1e34ba2566090c22fb,Ai_Samples _Ready/08_Executive_Portraits/13_JerryGentle-0213.jpg,2026-05-06 10:56:46
08_Executive_Portraits,13_JerryGentle-0207.jpg,Brett Williams Studios LLC,Brett Williams,100% Chain of Title (Non-Scraped),17 U.S.C. § 106,Mandatory Disclosure Summary,3d441488cf9a4f1477838fb9ad54d527,Ai_Samples _Ready/08_Executive_Portraits/13_JerryGentle-0207.jpg,2026-05-06 10:56:46
08_Executive_Portraits,54_JohnBader-0937.jpg,Brett Williams Studios LLC,Brett Williams,100% Chain of Title (Non-Scraped),17 U.S.C. § 106,Mandatory Disclosure Summary,cf4be21e3f2e45598c55988c38e55444,Ai_Samples _Ready/08_Executive_Portraits/54_JohnBader-0937.jpg,2026-05-06 10:56:46
08_Executive_Portraits,54_JohnBader-0923.jpg,Brett Williams Studios LLC,Brett Williams,100% Chain of Title (Non-Scraped),17 U.S.C. § 106,Mandatory Disclosure Summary,5a9c8f2bf7e988b32176b56d8a7be0a1,Ai_Samples _Ready/08_Executive_Portraits/54_JohnBader-0923.jpg,2026-05-06 10:56:46
08_Executive_Portraits,55_AnthonyPicardi-0945.jpg,Brett Williams Studios LLC,Brett Williams,100% Chain of Title (Non-Scraped),17 U.S.C. § 106,Mandatory Disclosure Summary,f721bae65cf6cfa7f0af81b878f2fb1a,Ai_Samples _Ready/08_Executive_Portraits/55_AnthonyPicardi-0945.jpg,2026-05-06 10:56:46
08_Executive_Portraits,39_ChrisHarrell-0666.jpg,Brett Williams Studios LLC,Brett Williams,100% Chain of Title (Non-Scraped),17 U.S.C. § 106,Mandatory Disclosure Summary,93f6807994af272ff82d51bd488b6593,Ai_Samples _Ready/08_Executive_Portraits/39_ChrisHarrell-0666.jpg,2026-05-06 10:56:46
08_Executive_Portraits,05_SONYA-0106.jpg,Brett Williams Studios LLC,Brett Williams,100% Chain of Title (Non-Scraped),17 U.S.C. § 106,Mandatory Disclosure Summary,05543420f33e5400ddeddfc915a41787,Ai_Samples _Ready/08_Executive_Portraits/05_SONYA-0106.jpg,2026-05-06 10:56:46
08_Executive_Portraits,39_ChrisHarrell-0672.jpg,Brett Williams Studios LLC,Brett Williams,100% Chain of Title (Non-Scraped),17 U.S.C. § 106,Mandatory Disclosure Summary,1abd095cae0a2ced33c604cb7741acf1,Ai_Samples _Ready/08_Executive_Portraits/39_ChrisHarrell-0672.jpg,2026-05-06 10:56:46
08_Executive_Portraits,42_MatthewFeeney-0723.jpg,Brett Williams Studios LLC,Brett Williams,100% Chain of Title (Non-Scraped),17 U.S.C. § 106,Mandatory Disclosure Summary,3f04cd056dda79bebe824fb0543236dd,Ai_Samples _Ready/08_Executive_Portraits/42_MatthewFeeney-0723.jpg,2026-05-06 10:56:46
08_Executive_Portraits,46_TomHarvell-0807.jpg,Brett Williams Studios LLC,Brett Williams,100% Chain of Title (Non-Scraped),17 U.S.C. § 106,Mandatory Disclosure Summary,4f844aac68d9215ac7c720008f56b35f,Ai_Samples _Ready/08_Executive_Portraits/46_TomHarvell-0807.jpg,2026-05-06 10:56:46
08_Executive_Portraits,01_LizCarlton-0034.jpg,Brett Williams Studios LLC,Brett Williams,100% Chain of Title (Non-Scraped),17 U.S.C. § 106,Mandatory Disclosure Summary,1a767d6235529e9e2453f727c3789585,Ai_Samples _Ready/08_Executive_Portraits/01_LizCarlton-0034.jpg,2026-05-06 10:56:46
08_Executive_Portraits,01_LizCarlton-0020.jpg,Brett Williams Studios LLC,Brett Williams,100% Chain of Title (Non-Scraped),17 U.S.C. § 106,Mandatory Disclosure Summary,aaed8709061e632a6ea55b39f8db987b,Ai_Samples _Ready/08_Executive_Portraits/01_LizCarlton-0020.jpg,2026-05-06 10:56:46
08_Executive_Portraits,19_PaigeKarno-0304.jpg,Brett Williams Studios LLC,Brett Williams,100% Chain of Title (Non-Scraped),17 U.S.C. § 106,Mandatory Disclosure Summary,e305f0cbd51edbe59be6e6429590ffb4,Ai_Samples _Ready/08_Executive_Portraits/19_PaigeKarno-0304.jpg,2026-05-06 10:56:46
08_Executive_Portraits,26_GeorgePiper-0477.jpg,Brett Williams Studios LLC,Brett Williams,100% Chain of Title (Non-Scraped),17 U.S.C. § 106,Mandatory Disclosure Summary,caae9a2e2d94c1cff2e235c8ab088ceb,Ai_Samples _Ready/08_Executive_Portraits/26_GeorgePiper-0477.jpg,2026-05-06 10:56:46
08_Executive_Portraits,56_AnthonyTauszky-0960.jpg,Brett Williams Studios LLC,Brett Williams,100% Chain of Title (Non-Scraped),17 U.S.C. § 106,Mandatory Disclosure Summary,87855903e5aa94de8b216e975cab5012,Ai_Samples _Ready/08_Executive_Portraits/56_AnthonyTauszky-0960.jpg,2026-05-06 10:56:46
08_Executive_Portraits,05_SONYA-0099.jpg,Brett Williams Studios LLC,Brett Williams,100% Chain of Title (Non-Scraped),17 U.S.C. § 106,Mandatory Disclosure Summary,5717d06f84dd466e02753c3e041fc65c,Ai_Samples _Ready/08_Executive_Portraits/05_SONYA-0099.jpg,2026-05-06 10:56:46
08_Executive_Portraits,56_AnthonyTauszky-0974.jpg,Brett Williams Studios LLC,Brett Williams,100% Chain of Title (Non-Scraped),17 U.S.C. § 106,Mandatory Disclosure Summary,67624c24d06d94f8d5c7dca1eb107a14,Ai_Samples _Ready/08_Executive_Portraits/56_AnthonyTauszky-0974.jpg,2026-05-06 10:56:46
08_Executive_Portraits,65_StephenMcPhee-1118.jpg,Brett Williams Studios LLC,Brett Williams,100% Chain of Title (Non-Scraped),17 U.S.C. § 106,Mandatory Disclosure Summary,0fb2593ea4fe27accfd38f63bd55c01a,Ai_Samples _Ready/08_Executive_Portraits/65_StephenMcPhee-1118.jpg,2026-05-06 10:56:46
08_Executive_Portraits,60_LynnElliott-1025.jpg,Brett Williams Studios LLC,Brett Williams,100% Chain of Title (Non-Scraped),17 U.S.C. § 106,Mandatory Disclosure Summary,0bf2c54d2459df1c6579483c7bacd085,Ai_Samples _Ready/08_Executive_Portraits/60_LynnElliott-1025.jpg,2026-05-06 10:56:46
08_Executive_Portraits,02_LizCarlton-0036.jpg,Brett Williams Studios LLC,Brett Williams,100% Chain of Title (Non-Scraped),17 U.S.C. § 106,Mandatory Disclosure Summary,2137e85d238ad4cc82fed0e6d8e1bd8e,Ai_Samples _Ready/08_Executive_Portraits/02_LizCarlton-0036.jpg,2026-05-06 10:56:46
08_Executive_Portraits,30_AnneMarie-0515.jpg,Brett Williams Studios LLC,Brett Williams,100% Chain of Title (Non-Scraped),17 U.S.C. § 106,Mandatory Disclosure Summary,570ec422f967d68016b37c6d48d6dd10,Ai_Samples _Ready/08_Executive_Portraits/30_AnneMarie-0515.jpg,2026-05-06 10:56:46
08_Executive_Portraits,23_AmberLogan-0415.jpg,Brett Williams Studios LLC,Brett Williams,100% Chain of Title (Non-Scraped),17 U.S.C. § 106,Mandatory Disclosure Summary,29609619d7d898b48482cac2a555f101,Ai_Samples _Ready/08_Executive_Portraits/23_AmberLogan-0415.jpg,2026-05-06 10:56:46
08_Executive_Portraits,60_LynnElliott-1031.jpg,Brett Williams Studios LLC,Brett Williams,100% Chain of Title (Non-Scraped),17 U.S.C. § 106,Mandatory Disclosure Summary,8608f1720ab972a25f5e640851e2ba7e,Ai_Samples _Ready/08_Executive_Portraits/60_LynnElliott-1031.jpg,2026-05-06 10:56:46
08_Executive_Portraits,44_DaveRoberts-0746.jpg,Brett Williams Studios LLC,Brett Williams,100% Chain of Title (Non-Scraped),17 U.S.C. § 106,Mandatory Disclosure Summary,1819e5390953cc0840a1ea2a6cb80dce,Ai_Samples _Ready/08_Executive_Portraits/44_DaveRoberts-0746.jpg,2026-05-06 10:56:46
08_Executive_Portraits,60_LynnElliott-1019.jpg,Brett Williams Studios LLC,Brett Williams,100% Chain of Title (Non-Scraped),17 U.S.C. § 106,Mandatory Disclosure Summary,4e57c2725f57e67f2b2786795bd500a8,Ai_Samples _Ready/08_Executive_Portraits/60_LynnElliott-1019.jpg,2026-05-06 10:56:46
08_Executive_Portraits,53_AndreaGiometti-0904.jpg,Brett Williams Studios LLC,Brett Williams,100% Chain of Title (Non-Scraped),17 U.S.C. § 106,Mandatory Disclosure Summary,bb0cbc5de2525b0fd1277c5d1d3af5e0,Ai_Samples _Ready/08_Executive_Portraits/53_AndreaGiometti-0904.jpg,2026-05-06 10:56:46
08_Executive_Portraits,48_ChrisThompson-0836.jpg,Brett Williams Studios LLC,Brett Williams,100% Chain of Title (Non-Scraped),17 U.S.C. § 106,Mandatory Disclosure Summary,8a02c8668796dfd959e5dd957312275e,Ai_Samples _Ready/08_Executive_Portraits/48_ChrisThompson-0836.jpg,2026-05-06 10:56:46
08_Executive_Portraits,44_DaveRoberts-0753.jpg,Brett Williams Studios LLC,Brett Williams,100% Chain of Title (Non-Scraped),17 U.S.C. § 106,Mandatory Disclosure Summary,66befeadac05e81094d5140191087c15,Ai_Samples _Ready/08_Executive_Portraits/44_DaveRoberts-0753.jpg,2026-05-06 10:56:46
08_Executive_Portraits,60_LynnElliott-1018.jpg,Brett Williams Studios LLC,Brett Williams,100% Chain of Title (Non-Scraped),17 U.S.C. § 106,Mandatory Disclosure Summary,1b0c8f16748a3180f057a987aed5b42d,Ai_Samples _Ready/08_Executive_Portraits/60_LynnElliott-1018.jpg,2026-05-06 10:56:46
08_Executive_Portraits,44_DaveRoberts-0747.jpg,Brett Williams Studios LLC,Brett Williams,100% Chain of Title (Non-Scraped),17 U.S.C. § 106,Mandatory Disclosure Summary,d7d24b62b376cd59a4c80de0f17bb483,Ai_Samples _Ready/08_Executive_Portraits/44_DaveRoberts-0747.jpg,2026-05-06 10:56:46
08_Executive_Portraits,30_AnneMarie-0514.jpg,Brett Williams Studios LLC,Brett Williams,100% Chain of Title (Non-Scraped),17 U.S.C. § 106,Mandatory Disclosure Summary,4c1cb8e2c4165f591f62fe6d719d962b,Ai_Samples _Ready/08_Executive_Portraits/30_AnneMarie-0514.jpg,2026-05-06 10:56:46
08_Executive_Portraits,60_LynnElliott-1030.jpg,Brett Williams Studios LLC,Brett Williams,100% Chain of Title (Non-Scraped),17 U.S.C. § 106,Mandatory Disclosure Summary,ee9090b4577aa7bfc98f4e99491b6910,Ai_Samples _Ready/08_Executive_Portraits/60_LynnElliott-1030.jpg,2026-05-06 10:56:46
08_Executive_Portraits,23_AmberLogan-0414.jpg,Brett Williams Studios LLC,Brett Williams,100% Chain of Title (Non-Scraped),17 U.S.C. § 106,Mandatory Disclosure Summary,90387bdbecfe8bc1a1ac6c4c52740e0b,Ai_Samples _Ready/08_Executive_Portraits/23_AmberLogan-0414.jpg,2026-05-06 10:56:46
08_Executive_Portraits,28_CarltonDSouza-0494.jpg,Brett Williams Studios LLC,Brett Williams,100% Chain of Title (Non-Scraped),17 U.S.C. § 106,Mandatory Disclosure Summary,fff3a84a495a6779d0172cd38517f63a,Ai_Samples _Ready/08_Executive_Portraits/28_CarltonDSouza-0494.jpg,2026-05-06 10:56:46
08_Executive_Portraits,60_LynnElliott-1024.jpg,Brett Williams Studios LLC,Brett Williams,100% Chain of Title (Non-Scraped),17 U.S.C. § 106,Mandatory Disclosure Summary,b982d1622e0f3804749ebfe96543d706,Ai_Samples _Ready/08_Executive_Portraits/60_LynnElliott-1024.jpg,2026-05-06 10:56:46
08_Executive_Portraits,56_AnthonyTauszky-0975.jpg,Brett Williams Studios LLC,Brett Williams,100% Chain of Title (Non-Scraped),17 U.S.C. § 106,Mandatory Disclosure Summary,2469d9eb3bd8f437d0a1c2b51c1fbccb,Ai_Samples _Ready/08_Executive_Portraits/56_AnthonyTauszky-0975.jpg,2026-05-06 10:56:46
08_Executive_Portraits,65_StephenMcPhee-1119.jpg,Brett Williams Studios LLC,Brett Williams,100% Chain of Title (Non-Scraped),17 U.S.C. § 106,Mandatory Disclosure Summary,579ce62bc2003b75ee2b8f159a1fce79,Ai_Samples _Ready/08_Executive_Portraits/65_StephenMcPhee-1119.jpg,2026-05-06 10:56:46
08_Executive_Portraits,26_GeorgePiper-0476.jpg,Brett Williams Studios LLC,Brett Williams,100% Chain of Title (Non-Scraped),17 U.S.C. § 106,Mandatory Disclosure Summary,81f5afdc12c9f6152bf2a0746250f8e9,Ai_Samples _Ready/08_Executive_Portraits/26_GeorgePiper-0476.jpg,2026-05-06 10:56:46
08_Executive_Portraits,05_SONYA-0098.jpg,Brett Williams Studios LLC,Brett Williams,100% Chain of Title (Non-Scraped),17 U.S.C. § 106,Mandatory Disclosure Summary,cd9a0aaa57e2aac9b4e930a06dc3f330,Ai_Samples _Ready/08_Executive_Portraits/05_SONYA-0098.jpg,2026-05-06 10:56:46
08_Executive_Portraits,56_AnthonyTauszky-0961.jpg,Brett Williams Studios LLC,Brett Williams,100% Chain of Title (Non-Scraped),17 U.S.C. § 106,Mandatory Disclosure Summary,c3985a590bfc24f9ed6821f32ab6583c,Ai_Samples _Ready/08_Executive_Portraits/56_AnthonyTauszky-0961.jpg,2026-05-06 10:56:46
08_Executive_Portraits,19_PaigeKarno-0311.jpg,Brett Williams Studios LLC,Brett Williams,100% Chain of Title (Non-Scraped),17 U.S.C. § 106,Mandatory Disclosure Summary,45c9dcedb1564de1ccbb2d20f7ec4f66,Ai_Samples _Ready/08_Executive_Portraits/19_PaigeKarno-0311.jpg,2026-05-06 10:56:46
08_Executive_Portraits,19_PaigeKarno-0305.jpg,Brett Williams Studios LLC,Brett Williams,100% Chain of Title (Non-Scraped),17 U.S.C. § 106,Mandatory Disclosure Summary,de6f8c373de40dbadc3235fe2e83e528,Ai_Samples _Ready/08_Executive_Portraits/19_PaigeKarno-0305.jpg,2026-05-06 10:56:46
08_Executive_Portraits,01_LizCarlton-0021.jpg,Brett Williams Studios LLC,Brett Williams,100% Chain of Title (Non-Scraped),17 U.S.C. § 106,Mandatory Disclosure Summary,25d46bb83f24c15dc1258538c0e44eb8,Ai_Samples _Ready/08_Executive_Portraits/01_LizCarlton-0021.jpg,2026-05-06 10:56:46
08_Executive_Portraits,01_LizCarlton-0035.jpg,Brett Williams Studios LLC,Brett Williams,100% Chain of Title (Non-Scraped),17 U.S.C. § 106,Mandatory Disclosure Summary,a321243f1d0f46f137797e4bfa6e53e3,Ai_Samples _Ready/08_Executive_Portraits/01_LizCarlton-0035.jpg,2026-05-06 10:56:46
08_Executive_Portraits,42_MatthewFeeney-0722.jpg,Brett Williams Studios LLC,Brett Williams,100% Chain of Title (Non-Scraped),17 U.S.C. § 106,Mandatory Disclosure Summary,14fb4b1b02c2f1ef2f7c7d31e3bfab09,Ai_Samples _Ready/08_Executive_Portraits/42_MatthewFeeney-0722.jpg,2026-05-06 10:56:46
08_Executive_Portraits,46_TomHarvell-0806.jpg,Brett Williams Studios LLC,Brett Williams,100% Chain of Title (Non-Scraped),17 U.S.C. § 106,Mandatory Disclosure Summary,6d664ae0c09569e4f9c3b871fba1476c,Ai_Samples _Ready/08_Executive_Portraits/46_TomHarvell-0806.jpg,2026-05-06 10:56:46
08_Executive_Portraits,39_ChrisHarrell-0673.jpg,Brett Williams Studios LLC,Brett Williams,100% Chain of Title (Non-Scraped),17 U.S.C. § 106,Mandatory Disclosure Summary,d08601008adbf25aa4fa7b9385e0adaa,Ai_Samples _Ready/08_Executive_Portraits/39_ChrisHarrell-0673.jpg,2026-05-06 10:56:46
08_Executive_Portraits,05_SONYA-0107.jpg,Brett Williams Studios LLC,Brett Williams,100% Chain of Title (Non-Scraped),17 U.S.C. § 106,Mandatory Disclosure Summary,ac9574bcadc5aada84935fceeecc0854,Ai_Samples _Ready/08_Executive_Portraits/05_SONYA-0107.jpg,2026-05-06 10:56:46
08_Executive_Portraits,39_ChrisHarrell-0667.jpg,Brett Williams Studios LLC,Brett Williams,100% Chain of Title (Non-Scraped),17 U.S.C. § 106,Mandatory Disclosure Summary,a33c3f53789c3840313c2485b05d7851,Ai_Samples _Ready/08_Executive_Portraits/39_ChrisHarrell-0667.jpg,2026-05-06 10:56:46
08_Executive_Portraits,19_-0388.jpg,Brett Williams Studios LLC,Brett Williams,100% Chain of Title (Non-Scraped),17 U.S.C. § 106,Mandatory Disclosure Summary,70c323283dc69ed78037842457abcacf,Ai_Samples _Ready/08_Executive_Portraits/19_-0388.jpg,2026-05-06 10:56:46
08_Executive_Portraits,63_MukeshDubey-1074.jpg,Brett Williams Studios LLC,Brett Williams,100% Chain of Title (Non-Scraped),17 U.S.C. § 106,Mandatory Disclosure Summary,46adc6089c4d889b82747b1a0f67ea96,Ai_Samples _Ready/08_Executive_Portraits/63_MukeshDubey-1074.jpg,2026-05-06 10:56:46
08_Executive_Portraits,55_AnthonyPicardi-0950.jpg,Brett Williams Studios LLC,Brett Williams,100% Chain of Title (Non-Scraped),17 U.S.C. § 106,Mandatory Disclosure Summary,f1260749852acea3e86c96e15d1c7968,Ai_Samples _Ready/08_Executive_Portraits/55_AnthonyPicardi-0950.jpg,2026-05-06 10:56:46
08_Executive_Portraits,55_AnthonyPicardi-0944.jpg,Brett Williams Studios LLC,Brett Williams,100% Chain of Title (Non-Scraped),17 U.S.C. § 106,Mandatory Disclosure Summary,168211bba2c58c49441c45c1198e8c99,Ai_Samples _Ready/08_Executive_Portraits/55_AnthonyPicardi-0944.jpg,2026-05-06 10:56:46
08_Executive_Portraits,54_JohnBader-0922.jpg,Brett Williams Studios LLC,Brett Williams,100% Chain of Title (Non-Scraped),17 U.S.C. § 106,Mandatory Disclosure Summary,c766279d612e5a55ee44e0c077e963ee,Ai_Samples _Ready/08_Executive_Portraits/54_JohnBader-0922.jpg,2026-05-06 10:56:46
08_Executive_Portraits,43_JohnSears-0738.jpg,Brett Williams Studios LLC,Brett Williams,100% Chain of Title (Non-Scraped),17 U.S.C. § 106,Mandatory Disclosure Summary,6e628f7e35641450d06d4006e8641311,Ai_Samples _Ready/08_Executive_Portraits/43_JohnSears-0738.jpg,2026-05-06 10:56:46
08_Executive_Portraits,18_LaurieMitchell-0284.jpg,Brett Williams Studios LLC,Brett Williams,100% Chain of Title (Non-Scraped),17 U.S.C. § 106,Mandatory Disclosure Summary,0db5d5e05c4a8d67eff635a2c09484c8,Ai_Samples _Ready/08_Executive_Portraits/18_LaurieMitchell-0284.jpg,2026-05-06 10:56:46
08_Executive_Portraits,13_JerryGentle-0206.jpg,Brett Williams Studios LLC,Brett Williams,100% Chain of Title (Non-Scraped),17 U.S.C. § 106,Mandatory Disclosure Summary,9e44324f2dfcc5aaf7e812cb2e58f570,Ai_Samples _Ready/08_Executive_Portraits/13_JerryGentle-0206.jpg,2026-05-06 10:56:46
08_Executive_Portraits,18_LaurieMitchell-0290.jpg,Brett Williams Studios LLC,Brett Williams,100% Chain of Title (Non-Scraped),17 U.S.C. § 106,Mandatory Disclosure Summary,175ae589aa5d2a216889784a4ce5b5a0,Ai_Samples _Ready/08_Executive_Portraits/18_LaurieMitchell-0290.jpg,2026-05-06 10:56:46
08_Executive_Portraits,13_JerryGentle-0212.jpg,Brett Williams Studios LLC,Brett Williams,100% Chain of Title (Non-Scraped),17 U.S.C. § 106,Mandatory Disclosure Summary,8046d78624c4b8c148d2b59fee69da6e,Ai_Samples _Ready/08_Executive_Portraits/13_JerryGentle-0212.jpg,2026-05-06 10:56:46
08_Executive_Portraits,24_OrlandoRamirez-0429.jpg,Brett Williams Studios LLC,Brett Williams,100% Chain of Title (Non-Scraped),17 U.S.C. § 106,Mandatory Disclosure Summary,cafd30ee0e5eb7c2df0d444012ddf486,Ai_Samples _Ready/08_Executive_Portraits/24_OrlandoRamirez-0429.jpg,2026-05-06 10:56:46
08_Executive_Portraits,13_JerryGentle-0204.jpg,Brett Williams Studios LLC,Brett Williams,100% Chain of Title (Non-Scraped),17 U.S.C. § 106,Mandatory Disclosure Summary,e73ed7251091ad9acdd7d45a5382fe79,Ai_Samples _Ready/08_Executive_Portraits/13_JerryGentle-0204.jpg,2026-05-06 10:56:46
08_Executive_Portraits,18_LaurieMitchell-0286.jpg,Brett Williams Studios LLC,Brett Williams,100% Chain of Title (Non-Scraped),17 U.S.C. § 106,Mandatory Disclosure Summary,ad81de40ced39eea548ff7ec92630a8a,Ai_Samples _Ready/08_Executive_Portraits/18_LaurieMitchell-0286.jpg,2026-05-06 10:56:46
08_Executive_Portraits,13_JerryGentle-0210.jpg,Brett Williams Studios LLC,Brett Williams,100% Chain of Title (Non-Scraped),17 U.S.C. § 106,Mandatory Disclosure Summary,c709cb9cb0da6f4a462b3a31939d833c,Ai_Samples _Ready/08_Executive_Portraits/13_JerryGentle-0210.jpg,2026-05-06 10:56:46
08_Executive_Portraits,18_LaurieMitchell-0292.jpg,Brett Williams Studios LLC,Brett Williams,100% Chain of Title (Non-Scraped),17 U.S.C. § 106,Mandatory Disclosure Summary,3b208712bca120d85c7d84a0a163f7a5,Ai_Samples _Ready/08_Executive_Portraits/18_LaurieMitchell-0292.jpg,2026-05-06 10:56:46
08_Executive_Portraits,38_MichaelPacek-0659.jpg,Brett Williams Studios LLC,Brett Williams,100% Chain of Title (Non-Scraped),17 U.S.C. § 106,Mandatory Disclosure Summary,5ceb8477b3ef5000defe90464ad9a6d1,Ai_Samples _Ready/08_Executive_Portraits/38_MichaelPacek-0659.jpg,2026-05-06 10:56:46
08_Executive_Portraits,54_JohnBader-0934.jpg,Brett Williams Studios LLC,Brett Williams,100% Chain of Title (Non-Scraped),17 U.S.C. § 106,Mandatory Disclosure Summary,5e54b609a1f0f7b23780c915f13c9286,Ai_Samples _Ready/08_Executive_Portraits/54_JohnBader-0934.jpg,2026-05-06 10:56:46
08_Executive_Portraits,35_AndrewMishler-0616.jpg,Brett Williams Studios LLC,Brett Williams,100% Chain of Title (Non-Scraped),17 U.S.C. § 106,Mandatory Disclosure Summary,318f7113df1051e18d33273d3d40fa83,Ai_Samples _Ready/08_Executive_Portraits/35_AndrewMishler-0616.jpg,2026-05-06 10:56:46
08_Executive_Portraits,55_AnthonyPicardi-0946.jpg,Brett Williams Studios LLC,Brett Williams,100% Chain of Title (Non-Scraped),17 U.S.C. § 106,Mandatory Disclosure Summary,bfd9c9b8887c7702945e79c637b3b7fa,Ai_Samples _Ready/08_Executive_Portraits/55_AnthonyPicardi-0946.jpg,2026-05-06 10:56:46
08_Executive_Portraits,47_JeremyFrank-0824.jpg,Brett Williams Studios LLC,Brett Williams,100% Chain of Title (Non-Scraped),17 U.S.C. § 106,Mandatory Disclosure Summary,9fb79c93e434eaa31a7f1d8ae10bb0fa,Ai_Samples _Ready/08_Executive_Portraits/47_JeremyFrank-0824.jpg,2026-05-06 10:56:46
08_Executive_Portraits,63_MukeshDubey-1076.jpg,Brett Williams Studios LLC,Brett Williams,100% Chain of Title (Non-Scraped),17 U.S.C. § 106,Mandatory Disclosure Summary,cc95c81f4efb343168c788df0864c1a8,Ai_Samples _Ready/08_Executive_Portraits/63_MukeshDubey-1076.jpg,2026-05-06 10:56:46
08_Executive_Portraits,31_HeatherWhite-0538.jpg,Brett Williams Studios LLC,Brett Williams,100% Chain of Title (Non-Scraped),17 U.S.C. § 106,Mandatory Disclosure Summary,c61f9db46350e3a0b904fddeafb58999,Ai_Samples _Ready/08_Executive_Portraits/31_HeatherWhite-0538.jpg,2026-05-06 10:56:46
08_Executive_Portraits,05_SONYA-0105.jpg,Brett Williams Studios LLC,Brett Williams,100% Chain of Title (Non-Scraped),17 U.S.C. § 106,Mandatory Disclosure Summary,f6325a48d22419ae02a537317fd0be9d,Ai_Samples _Ready/08_Executive_Portraits/05_SONYA-0105.jpg,2026-05-06 10:56:46
08_Executive_Portraits,47_JeremyFrank-0818.jpg,Brett Williams Studios LLC,Brett Williams,100% Chain of Title (Non-Scraped),17 U.S.C. § 106,Mandatory Disclosure Summary,1eb92efb5d523e6af612fffba5be7df8,Ai_Samples _Ready/08_Executive_Portraits/47_JeremyFrank-0818.jpg,2026-05-06 10:56:46
08_Executive_Portraits,61_TimFitzgerald-1049.jpg,Brett Williams Studios LLC,Brett Williams,100% Chain of Title (Non-Scraped),17 U.S.C. § 106,Mandatory Disclosure Summary,0b6812286eca824abfca94ace27c0be2,Ai_Samples _Ready/08_Executive_Portraits/61_TimFitzgerald-1049.jpg,2026-05-06 10:56:46
08_Executive_Portraits,39_ChrisHarrell-0665.jpg,Brett Williams Studios LLC,Brett Williams,100% Chain of Title (Non-Scraped),17 U.S.C. § 106,Mandatory Disclosure Summary,ba94ef508cc270c8d9f3120348061ae8,Ai_Samples _Ready/08_Executive_Portraits/39_ChrisHarrell-0665.jpg,2026-05-06 10:56:46
08_Executive_Portraits,19_PaigeKarno-0298.jpg,Brett Williams Studios LLC,Brett Williams,100% Chain of Title (Non-Scraped),17 U.S.C. § 106,Mandatory Disclosure Summary,e5193ca9a82d457c283ee30ed8ed2073,Ai_Samples _Ready/08_Executive_Portraits/19_PaigeKarno-0298.jpg,2026-05-06 10:56:46
08_Executive_Portraits,46_TomHarvell-0804.jpg,Brett Williams Studios LLC,Brett Williams,100% Chain of Title (Non-Scraped),17 U.S.C. § 106,Mandatory Disclosure Summary,2877905b4bef27c9f396574b948b1458,Ai_Samples _Ready/08_Executive_Portraits/46_TomHarvell-0804.jpg,2026-05-06 10:56:46
08_Executive_Portraits,42_MatthewFeeney-0720.jpg,Brett Williams Studios LLC,Brett Williams,100% Chain of Title (Non-Scraped),17 U.S.C. § 106,Mandatory Disclosure Summary,6c9c35a3a1c97cbcbea78cd8a8fc6489,Ai_Samples _Ready/08_Executive_Portraits/42_MatthewFeeney-0720.jpg,2026-05-06 10:56:46
08_Executive_Portraits,27_SteveSevick-0488.jpg,Brett Williams Studios LLC,Brett Williams,100% Chain of Title (Non-Scraped),17 U.S.C. § 106,Mandatory Disclosure Summary,137a57cdb8ec96f610cf041f79089977,Ai_Samples _Ready/08_Executive_Portraits/27_SteveSevick-0488.jpg,2026-05-06 10:56:46
08_Executive_Portraits,19_PaigeKarno-0313.jpg,Brett Williams Studios LLC,Brett Williams,100% Chain of Title (Non-Scraped),17 U.S.C. § 106,Mandatory Disclosure Summary,46027acf1de81683ad616dde0937a69d,Ai_Samples _Ready/08_Executive_Portraits/19_PaigeKarno-0313.jpg,2026-05-06 10:56:46
08_Executive_Portraits,19_PaigeKarno-0307.jpg,Brett Williams Studios LLC,Brett Williams,100% Chain of Title (Non-Scraped),17 U.S.C. § 106,Mandatory Disclosure Summary,c9a05ea9328dabc8f346c2c8354da9dc,Ai_Samples _Ready/08_Executive_Portraits/19_PaigeKarno-0307.jpg,2026-05-06 10:56:46
08_Executive_Portraits,56_AnthonyTauszky-0963.jpg,Brett Williams Studios LLC,Brett Williams,100% Chain of Title (Non-Scraped),17 U.S.C. § 106,Mandatory Disclosure Summary,488c40bbd3ed6ab61fa2dc7e1434ade4,Ai_Samples _Ready/08_Executive_Portraits/56_AnthonyTauszky-0963.jpg,2026-05-06 10:56:46
08_Executive_Portraits,26_GeorgePiper-0474.jpg,Brett Williams Studios LLC,Brett Williams,100% Chain of Title (Non-Scraped),17 U.S.C. § 106,Mandatory Disclosure Summary,f497e4ef95d894c07f0e6e458cdce675,Ai_Samples _Ready/08_Executive_Portraits/26_GeorgePiper-0474.jpg,2026-05-06 10:56:46
08_Executive_Portraits,13_JerryGentle-0199.jpg,Brett Williams Studios LLC,Brett Williams,100% Chain of Title (Non-Scraped),17 U.S.C. § 106,Mandatory Disclosure Summary,1bb24687d7e9b33cdf71ecfd795f0bf8,Ai_Samples _Ready/08_Executive_Portraits/13_JerryGentle-0199.jpg,2026-05-06 10:56:46
08_Executive_Portraits,23_AmberLogan-0416.jpg,Brett Williams Studios LLC,Brett Williams,100% Chain of Title (Non-Scraped),17 U.S.C. § 106,Mandatory Disclosure Summary,68570ce5e92904293782eebb49ab5803,Ai_Samples _Ready/08_Executive_Portraits/23_AmberLogan-0416.jpg,2026-05-06 10:56:46
08_Executive_Portraits,60_LynnElliott-1032.jpg,Brett Williams Studios LLC,Brett Williams,100% Chain of Title (Non-Scraped),17 U.S.C. § 106,Mandatory Disclosure Summary,3ff7f3ff9d8a05cc01f13430b07aedb7,Ai_Samples _Ready/08_Executive_Portraits/60_LynnElliott-1032.jpg,2026-05-06 10:56:46
08_Executive_Portraits,30_AnneMarie-0516.jpg,Brett Williams Studios LLC,Brett Williams,100% Chain of Title (Non-Scraped),17 U.S.C. § 106,Mandatory Disclosure Summary,a68a2d83a43a19d28e12cbda5113a822,Ai_Samples _Ready/08_Executive_Portraits/30_AnneMarie-0516.jpg,2026-05-06 10:56:46
08_Executive_Portraits,60_LynnElliott-1026.jpg,Brett Williams Studios LLC,Brett Williams,100% Chain of Title (Non-Scraped),17 U.S.C. § 106,Mandatory Disclosure Summary,c7e1db2da38d424d69f47031e6b1676a,Ai_Samples _Ready/08_Executive_Portraits/60_LynnElliott-1026.jpg,2026-05-06 10:56:46
08_Executive_Portraits,28_CarltonDSouza-0496.jpg,Brett Williams Studios LLC,Brett Williams,100% Chain of Title (Non-Scraped),17 U.S.C. § 106,Mandatory Disclosure Summary,b34c4b04b7e326827993973f46ad9000,Ai_Samples _Ready/08_Executive_Portraits/28_CarltonDSouza-0496.jpg,2026-05-06 10:56:46
08_Executive_Portraits,44_DaveRoberts-0751.jpg,Brett Williams Studios LLC,Brett Williams,100% Chain of Title (Non-Scraped),17 U.S.C. § 106,Mandatory Disclosure Summary,2c91b07924121e1e421fa74e526eabb3,Ai_Samples _Ready/08_Executive_Portraits/44_DaveRoberts-0751.jpg,2026-05-06 10:56:46
08_Executive_Portraits,44_DaveRoberts-0745.jpg,Brett Williams Studios LLC,Brett Williams,100% Chain of Title (Non-Scraped),17 U.S.C. § 106,Mandatory Disclosure Summary,6ccc129cca3631435df8043d641f8a0f,Ai_Samples _Ready/08_Executive_Portraits/44_DaveRoberts-0745.jpg,2026-05-06 10:56:46
08_Executive_Portraits,11_DawnBalke-0178.jpg,Brett Williams Studios LLC,Brett Williams,100% Chain of Title (Non-Scraped),17 U.S.C. § 106,Mandatory Disclosure Summary,d9dd50beb2242bf3e19d0235b48e7a03,Ai_Samples _Ready/08_Executive_Portraits/11_DawnBalke-0178.jpg,2026-05-06 10:56:46
08_Executive_Portraits,66_MunMunMalik-1139.jpg,Brett Williams Studios LLC,Brett Williams,100% Chain of Title (Non-Scraped),17 U.S.C. § 106,Mandatory Disclosure Summary,d24c47f0f6a2f8ae8e509652ec28b7f8,Ai_Samples _Ready/08_Executive_Portraits/66_MunMunMalik-1139.jpg,2026-05-06 10:56:46
08_Executive_Portraits,37_RayMorley-0638.jpg,Brett Williams Studios LLC,Brett Williams,100% Chain of Title (Non-Scraped),17 U.S.C. § 106,Mandatory Disclosure Summary,37f9027259428ba4f8fd4e213f6a4b7a,Ai_Samples _Ready/08_Executive_Portraits/37_RayMorley-0638.jpg,2026-05-06 10:56:46
08_Executive_Portraits,53_AndreaGiometti-0906.jpg,Brett Williams Studios LLC,Brett Williams,100% Chain of Title (Non-Scraped),17 U.S.C. § 106,Mandatory Disclosure Summary,c3e1e368b31d0aac820ce4e486fe09f1,Ai_Samples _Ready/08_Executive_Portraits/53_AndreaGiometti-0906.jpg,2026-05-06 10:56:46
08_Executive_Portraits,53_AndreaGiometti-0912.jpg,Brett Williams Studios LLC,Brett Williams,100% Chain of Title (Non-Scraped),17 U.S.C. § 106,Mandatory Disclosure Summary,059f4131b1004958cf01591a40409e73,Ai_Samples _Ready/08_Executive_Portraits/53_AndreaGiometti-0912.jpg,2026-05-06 10:56:46
08_Executive_Portraits,48_ChrisThompson-0834.jpg,Brett Williams Studios LLC,Brett Williams,100% Chain of Title (Non-Scraped),17 U.S.C. § 106,Mandatory Disclosure Summary,6b8d49213b3b37af613963d9108762d0,Ai_Samples _Ready/08_Executive_Portraits/48_ChrisThompson-0834.jpg,2026-05-06 10:56:46
08_Executive_Portraits,53_AndreaGiometti-0913.jpg,Brett Williams Studios LLC,Brett Williams,100% Chain of Title (Non-Scraped),17 U.S.C. § 106,Mandatory Disclosure Summary,6f79eaa9a99b3a662aba9ae5cb1fb2b7,Ai_Samples _Ready/08_Executive_Portraits/53_AndreaGiometti-0913.jpg,2026-05-06 10:56:46
08_Executive_Portraits,53_AndreaGiometti-0907.jpg,Brett Williams Studios LLC,Brett Williams,100% Chain of Title (Non-Scraped),17 U.S.C. § 106,Mandatory Disclosure Summary,a86d0debb66d81b5dae5a4114d8becf6,Ai_Samples _Ready/08_Executive_Portraits/53_AndreaGiometti-0907.jpg,2026-05-06 10:56:46
08_Executive_Portraits,37_RayMorley-0639.jpg,Brett Williams Studios LLC,Brett Williams,100% Chain of Title (Non-Scraped),17 U.S.C. § 106,Mandatory Disclosure Summary,742eef3af417a340fa1b5b73b5e91af3,Ai_Samples _Ready/08_Executive_Portraits/37_RayMorley-0639.jpg,2026-05-06 10:56:46
08_Executive_Portraits,11_DawnBalke-0179.jpg,Brett Williams Studios LLC,Brett Williams,100% Chain of Title (Non-Scraped),17 U.S.C. § 106,Mandatory Disclosure Summary,49ef89beb950de10210aaccdcbff7c6b,Ai_Samples _Ready/08_Executive_Portraits/11_DawnBalke-0179.jpg,2026-05-06 10:56:46
08_Executive_Portraits,66_MunMunMalik-1138.jpg,Brett Williams Studios LLC,Brett Williams,100% Chain of Title (Non-Scraped),17 U.S.C. § 106,Mandatory Disclosure Summary,c2627fccec28aeaf3ffd52ae79793621,Ai_Samples _Ready/08_Executive_Portraits/66_MunMunMalik-1138.jpg,2026-05-06 10:56:46
08_Executive_Portraits,44_DaveRoberts-0744.jpg,Brett Williams Studios LLC,Brett Williams,100% Chain of Title (Non-Scraped),17 U.S.C. § 106,Mandatory Disclosure Summary,0fe489e7fb0b09288be987604643519b,Ai_Samples _Ready/08_Executive_Portraits/44_DaveRoberts-0744.jpg,2026-05-06 10:56:46
08_Executive_Portraits,44_DaveRoberts-0750.jpg,Brett Williams Studios LLC,Brett Williams,100% Chain of Title (Non-Scraped),17 U.S.C. § 106,Mandatory Disclosure Summary,3698888da5107ab3642bf4de54a55ee6,Ai_Samples _Ready/08_Executive_Portraits/44_DaveRoberts-0750.jpg,2026-05-06 10:56:46
08_Executive_Portraits,28_CarltonDSouza-0497.jpg,Brett Williams Studios LLC,Brett Williams,100% Chain of Title (Non-Scraped),17 U.S.C. § 106,Mandatory Disclosure Summary,7c70a905daa9c5b4de4a1e6195003065,Ai_Samples _Ready/08_Executive_Portraits/28_CarltonDSouza-0497.jpg,2026-05-06 10:56:46
08_Executive_Portraits,60_LynnElliott-1027.jpg,Brett Williams Studios LLC,Brett Williams,100% Chain of Title (Non-Scraped),17 U.S.C. § 106,Mandatory Disclosure Summary,d5ce8d1645eb8a8bb1c495ebc4618f49,Ai_Samples _Ready/08_Executive_Portraits/60_LynnElliott-1027.jpg,2026-05-06 10:56:46
08_Executive_Portraits,60_LynnElliott-1033.jpg,Brett Williams Studios LLC,Brett Williams,100% Chain of Title (Non-Scraped),17 U.S.C. § 106,Mandatory Disclosure Summary,2aef46ba241c1e339c2013ec28c2684a,Ai_Samples _Ready/08_Executive_Portraits/60_LynnElliott-1033.jpg,2026-05-06 10:56:46
08_Executive_Portraits,23_AmberLogan-0417.jpg,Brett Williams Studios LLC,Brett Williams,100% Chain of Title (Non-Scraped),17 U.S.C. § 106,Mandatory Disclosure Summary,6aa3111065a8d91c4fe4371a49b16426,Ai_Samples _Ready/08_Executive_Portraits/23_AmberLogan-0417.jpg,2026-05-06 10:56:46
08_Executive_Portraits,30_AnneMarie-0517.jpg,Brett Williams Studios LLC,Brett Williams,100% Chain of Title (Non-Scraped),17 U.S.C. § 106,Mandatory Disclosure Summary,243592bfa8a5074d3bf0638d102562e4,Ai_Samples _Ready/08_Executive_Portraits/30_AnneMarie-0517.jpg,2026-05-06 10:56:46
08_Executive_Portraits,46_TomHarvell-0795.jpg,Brett Williams Studios LLC,Brett Williams,100% Chain of Title (Non-Scraped),17 U.S.C. § 106,Mandatory Disclosure Summary,f8461ffb01ef33d61b1b374948505506,Ai_Samples _Ready/08_Executive_Portraits/46_TomHarvell-0795.jpg,2026-05-06 10:56:46
08_Executive_Portraits,56_AnthonyTauszky-0962.jpg,Brett Williams Studios LLC,Brett Williams,100% Chain of Title (Non-Scraped),17 U.S.C. § 106,Mandatory Disclosure Summary,76d0fbc0d3a8c3a4bf2c2a1b42cbe955,Ai_Samples _Ready/08_Executive_Portraits/56_AnthonyTauszky-0962.jpg,2026-05-06 10:56:46
08_Executive_Portraits,26_GeorgePiper-0475.jpg,Brett Williams Studios LLC,Brett Williams,100% Chain of Title (Non-Scraped),17 U.S.C. § 106,Mandatory Disclosure Summary,8ec0718ef0a1b05d978455b413906df1,Ai_Samples _Ready/08_Executive_Portraits/26_GeorgePiper-0475.jpg,2026-05-06 10:56:46
08_Executive_Portraits,19_PaigeKarno-0306.jpg,Brett Williams Studios LLC,Brett Williams,100% Chain of Title (Non-Scraped),17 U.S.C. § 106,Mandatory Disclosure Summary,eae8ad44d180ddf89522da7b45f3033d,Ai_Samples _Ready/08_Executive_Portraits/19_PaigeKarno-0306.jpg,2026-05-06 10:56:46
08_Executive_Portraits,19_PaigeKarno-0312.jpg,Brett Williams Studios LLC,Brett Williams,100% Chain of Title (Non-Scraped),17 U.S.C. § 106,Mandatory Disclosure Summary,517ff17f500a32241a5473a99fca7f3c,Ai_Samples _Ready/08_Executive_Portraits/19_PaigeKarno-0312.jpg,2026-05-06 10:56:46
08_Executive_Portraits,27_SteveSevick-0489.jpg,Brett Williams Studios LLC,Brett Williams,100% Chain of Title (Non-Scraped),17 U.S.C. § 106,Mandatory Disclosure Summary,e7fdf2f76a93e38ca144a44f124e99ee,Ai_Samples _Ready/08_Executive_Portraits/27_SteveSevick-0489.jpg,2026-05-06 10:56:46
08_Executive_Portraits,01_LizCarlton-0022.jpg,Brett Williams Studios LLC,Brett Williams,100% Chain of Title (Non-Scraped),17 U.S.C. § 106,Mandatory Disclosure Summary,54ed1efb07a2d80cef65b56d480d63d5,Ai_Samples _Ready/08_Executive_Portraits/01_LizCarlton-0022.jpg,2026-05-06 10:56:46
08_Executive_Portraits,46_TomHarvell-0805.jpg,Brett Williams Studios LLC,Brett Williams,100% Chain of Title (Non-Scraped),17 U.S.C. § 106,Mandatory Disclosure Summary,e678302a9b8626308a3477adc08b2470,Ai_Samples _Ready/08_Executive_Portraits/46_TomHarvell-0805.jpg,2026-05-06 10:56:46
08_Executive_Portraits,19_PaigeKarno-0299.jpg,Brett Williams Studios LLC,Brett Williams,100% Chain of Title (Non-Scraped),17 U.S.C. § 106,Mandatory Disclosure Summary,e9e411144fcdded37ffca0e07fb1abe5,Ai_Samples _Ready/08_Executive_Portraits/19_PaigeKarno-0299.jpg,2026-05-06 10:56:46
08_Executive_Portraits,39_ChrisHarrell-0664.jpg,Brett Williams Studios LLC,Brett Williams,100% Chain of Title (Non-Scraped),17 U.S.C. § 106,Mandatory Disclosure Summary,e20a8917726c65f4c5b6051049e6d2d7,Ai_Samples _Ready/08_Executive_Portraits/39_ChrisHarrell-0664.jpg,2026-05-06 10:56:46
08_Executive_Portraits,61_TimFitzgerald-1048.jpg,Brett Williams Studios LLC,Brett Williams,100% Chain of Title (Non-Scraped),17 U.S.C. § 106,Mandatory Disclosure Summary,2b05655ec8bdbad2243bb684bfd1550a,Ai_Samples _Ready/08_Executive_Portraits/61_TimFitzgerald-1048.jpg,2026-05-06 10:56:46
08_Executive_Portraits,31_HeatherWhite-0539.jpg,Brett Williams Studios LLC,Brett Williams,100% Chain of Title (Non-Scraped),17 U.S.C. § 106,Mandatory Disclosure Summary,e48464d5286016f607ceb5dad25959ba,Ai_Samples _Ready/08_Executive_Portraits/31_HeatherWhite-0539.jpg,2026-05-06 10:56:46
08_Executive_Portraits,39_ChrisHarrell-0670.jpg,Brett Williams Studios LLC,Brett Williams,100% Chain of Title (Non-Scraped),17 U.S.C. § 106,Mandatory Disclosure Summary,e9ca6d5c134d6c13d572c5a3e7988c45,Ai_Samples _Ready/08_Executive_Portraits/39_ChrisHarrell-0670.jpg,2026-05-06 10:56:46
08_Executive_Portraits,05_SONYA-0104.jpg,Brett Williams Studios LLC,Brett Williams,100% Chain of Title (Non-Scraped),17 U.S.C. § 106,Mandatory Disclosure Summary,134cdcfdb3ca2ae425248539556d4942,Ai_Samples _Ready/08_Executive_Portraits/05_SONYA-0104.jpg,2026-05-06 10:56:46
08_Executive_Portraits,63_MukeshDubey-1077.jpg,Brett Williams Studios LLC,Brett Williams,100% Chain of Title (Non-Scraped),17 U.S.C. § 106,Mandatory Disclosure Summary,dbc5a3c6048bce883786783462efcc63,Ai_Samples _Ready/08_Executive_Portraits/63_MukeshDubey-1077.jpg,2026-05-06 10:56:46
08_Executive_Portraits,47_JeremyFrank-0825.jpg,Brett Williams Studios LLC,Brett Williams,100% Chain of Title (Non-Scraped),17 U.S.C. § 106,Mandatory Disclosure Summary,fb4b50b50e1988576831d01dbf26168f,Ai_Samples _Ready/08_Executive_Portraits/47_JeremyFrank-0825.jpg,2026-05-06 10:56:46
08_Executive_Portraits,55_AnthonyPicardi-0947.jpg,Brett Williams Studios LLC,Brett Williams,100% Chain of Title (Non-Scraped),17 U.S.C. § 106,Mandatory Disclosure Summary,67a821e82e90fdf9fd72b17816a2202f,Ai_Samples _Ready/08_Executive_Portraits/55_AnthonyPicardi-0947.jpg,2026-05-06 10:56:46
08_Executive_Portraits,35_AndrewMishler-0617.jpg,Brett Williams Studios LLC,Brett Williams,100% Chain of Title (Non-Scraped),17 U.S.C. § 106,Mandatory Disclosure Summary,b1bc268f55bbb7068a89aca667014b97,Ai_Samples _Ready/08_Executive_Portraits/35_AndrewMishler-0617.jpg,2026-05-06 10:56:46
08_Executive_Portraits,54_JohnBader-0935.jpg,Brett Williams Studios LLC,Brett Williams,100% Chain of Title (Non-Scraped),17 U.S.C. § 106,Mandatory Disclosure Summary,9bb17de2115d638a062b053216c856c5,Ai_Samples _Ready/08_Executive_Portraits/54_JohnBader-0935.jpg,2026-05-06 10:56:46
08_Executive_Portraits,18_LaurieMitchell-0293.jpg,Brett Williams Studios LLC,Brett Williams,100% Chain of Title (Non-Scraped),17 U.S.C. § 106,Mandatory Disclosure Summary,7d813a62cb3b3f50b484e2f5ac9b9b15,Ai_Samples _Ready/08_Executive_Portraits/18_LaurieMitchell-0293.jpg,2026-05-06 10:56:46
08_Executive_Portraits,38_MichaelPacek-0658.jpg,Brett Williams Studios LLC,Brett Williams,100% Chain of Title (Non-Scraped),17 U.S.C. § 106,Mandatory Disclosure Summary,2866972f661adcd0df1a2fe18cee3395,Ai_Samples _Ready/08_Executive_Portraits/38_MichaelPacek-0658.jpg,2026-05-06 10:56:46
08_Executive_Portraits,18_LaurieMitchell-0287.jpg,Brett Williams Studios LLC,Brett Williams,100% Chain of Title (Non-Scraped),17 U.S.C. § 106,Mandatory Disclosure Summary,7f181add8ad831bafc8292da4c012a62,Ai_Samples _Ready/08_Executive_Portraits/18_LaurieMitchell-0287.jpg,2026-05-06 10:56:46
08_Executive_Portraits,13_JerryGentle-0205.jpg,Brett Williams Studios LLC,Brett Williams,100% Chain of Title (Non-Scraped),17 U.S.C. § 106,Mandatory Disclosure Summary,463369b3595e838ca2d1831b3d6d13a4,Ai_Samples _Ready/08_Executive_Portraits/13_JerryGentle-0205.jpg,2026-05-06 10:56:46
08_Executive_Portraits,24_OrlandoRamirez-0428.jpg,Brett Williams Studios LLC,Brett Williams,100% Chain of Title (Non-Scraped),17 U.S.C. § 106,Mandatory Disclosure Summary,fb15d2f2d14b2c63bfee687a015f58a1,Ai_Samples _Ready/08_Executive_Portraits/24_OrlandoRamirez-0428.jpg,2026-05-06 10:56:46
08_Executive_Portraits,53_AndreaGiometti-0898.jpg,Brett Williams Studios LLC,Brett Williams,100% Chain of Title (Non-Scraped),17 U.S.C. § 106,Mandatory Disclosure Summary,e4006f8fbdd14f2c454211fadc28ccce,Ai_Samples _Ready/08_Executive_Portraits/53_AndreaGiometti-0898.jpg,2026-05-06 10:56:46
08_Executive_Portraits,58_JoshTrujilo-0997.jpg,Brett Williams Studios LLC,Brett Williams,100% Chain of Title (Non-Scraped),17 U.S.C. § 106,Mandatory Disclosure Summary,2f047e77b5b18068167dafe75a837975,Ai_Samples _Ready/08_Executive_Portraits/58_JoshTrujilo-0997.jpg,2026-05-06 10:56:46
08_Executive_Portraits,32_ChristinaWarner-0582.jpg,Brett Williams Studios LLC,Brett Williams,100% Chain of Title (Non-Scraped),17 U.S.C. § 106,Mandatory Disclosure Summary,83bb18d39ebc0b822af903115876fbd8,Ai_Samples _Ready/08_Executive_Portraits/32_ChristinaWarner-0582.jpg,2026-05-06 10:56:46
08_Executive_Portraits,02_SusanDomagalski-0038.jpg,Brett Williams Studios LLC,Brett Williams,100% Chain of Title (Non-Scraped),17 U.S.C. § 106,Mandatory Disclosure Summary,a4e286a1100882bcfae7768074cd1822,Ai_Samples _Ready/08_Executive_Portraits/02_SusanDomagalski-0038.jpg,2026-05-06 10:56:46
08_Executive_Portraits,00_Test-0017.jpg,Brett Williams Studios LLC,Brett Williams,100% Chain of Title (Non-Scraped),17 U.S.C. § 106,Mandatory Disclosure Summary,bb8150f04e57bbbb03776f2acb791441,Ai_Samples _Ready/08_Executive_Portraits/00_Test-0017.jpg,2026-05-06 10:56:46
08_Executive_Portraits,09_DavidWeinstein-0134.jpg,Brett Williams Studios LLC,Brett Williams,100% Chain of Title (Non-Scraped),17 U.S.C. § 106,Mandatory Disclosure Summary,13096b11e4b612b92ff37a0b94d2b5af,Ai_Samples _Ready/08_Executive_Portraits/09_DavidWeinstein-0134.jpg,2026-05-06 10:56:46
08_Executive_Portraits,32_ChristinaWarner-0569.jpg,Brett Williams Studios LLC,Brett Williams,100% Chain of Title (Non-Scraped),17 U.S.C. § 106,Mandatory Disclosure Summary,6ad2330fc94076323268500949a7ac2f,Ai_Samples _Ready/08_Executive_Portraits/32_ChristinaWarner-0569.jpg,2026-05-06 10:56:46
08_Executive_Portraits,32_ChristinaWarner-0555.jpg,Brett Williams Studios LLC,Brett Williams,100% Chain of Title (Non-Scraped),17 U.S.C. § 106,Mandatory Disclosure Summary,d92839dab4fe9d0c41db12a77af9ce90,Ai_Samples _Ready/08_Executive_Portraits/32_ChristinaWarner-0555.jpg,2026-05-06 10:56:46
08_Executive_Portraits,03_JennifferYellin-0061.jpg,Brett Williams Studios LLC,Brett Williams,100% Chain of Title (Non-Scraped),17 U.S.C. § 106,Mandatory Disclosure Summary,a0959f575c09c91dd6d496fe8f4575bb,Ai_Samples _Ready/08_Executive_Portraits/03_JennifferYellin-0061.jpg,2026-05-06 10:56:46
08_Executive_Portraits,17_LanaFoladare-0276.jpg,Brett Williams Studios LLC,Brett Williams,100% Chain of Title (Non-Scraped),17 U.S.C. § 106,Mandatory Disclosure Summary,7d84375cdb5c5be6787d0fdc20fd22f9,Ai_Samples _Ready/08_Executive_Portraits/17_LanaFoladare-0276.jpg,2026-05-06 10:56:46
08_Executive_Portraits,50_EricParrott-0865.jpg,Brett Williams Studios LLC,Brett Williams,100% Chain of Title (Non-Scraped),17 U.S.C. § 106,Mandatory Disclosure Summary,096c8f64efa4952d46ae528062b5c2a3,Ai_Samples _Ready/08_Executive_Portraits/50_EricParrott-0865.jpg,2026-05-06 10:56:46
08_Executive_Portraits,49_GaryRinedollar-0844.jpg,Brett Williams Studios LLC,Brett Williams,100% Chain of Title (Non-Scraped),17 U.S.C. § 106,Mandatory Disclosure Summary,d621d0a2b093002fdbbbf9fb987c9493,Ai_Samples _Ready/08_Executive_Portraits/49_GaryRinedollar-0844.jpg,2026-05-06 10:56:46
08_Executive_Portraits,08_BritniWillborn-0127.jpg,Brett Williams Studios LLC,Brett Williams,100% Chain of Title (Non-Scraped),17 U.S.C. § 106,Mandatory Disclosure Summary,d5df7343a7b11a1fef7e8f70a85f1cc8,Ai_Samples _Ready/08_Executive_Portraits/08_BritniWillborn-0127.jpg,2026-05-06 10:56:46
08_Executive_Portraits,41_JeffNoble-0711.jpg,Brett Williams Studios LLC,Brett Williams,100% Chain of Title (Non-Scraped),17 U.S.C. § 106,Mandatory Disclosure Summary,1214d3d2930c734cdda8b646d6c5feb5,Ai_Samples _Ready/08_Executive_Portraits/41_JeffNoble-0711.jpg,2026-05-06 10:56:46
08_Executive_Portraits,41_JeffNoble-0705.jpg,Brett Williams Studios LLC,Brett Williams,100% Chain of Title (Non-Scraped),17 U.S.C. § 106,Mandatory Disclosure Summary,45f6065089625e7ac14a7b63f85e22a1,Ai_Samples _Ready/08_Executive_Portraits/41_JeffNoble-0705.jpg,2026-05-06 10:56:46
08_Executive_Portraits,64_StaceyEpstein-1095.jpg,Brett Williams Studios LLC,Brett Williams,100% Chain of Title (Non-Scraped),17 U.S.C. § 106,Mandatory Disclosure Summary,4ab72068423d243c104f2ba54a11e125,Ai_Samples _Ready/08_Executive_Portraits/64_StaceyEpstein-1095.jpg,2026-05-06 10:56:46
08_Executive_Portraits,52_DuaneFisher-0888.jpg,Brett Williams Studios LLC,Brett Williams,100% Chain of Title (Non-Scraped),17 U.S.C. § 106,Mandatory Disclosure Summary,ae7fa632320ee6216bd12c3c561a4a09,Ai_Samples _Ready/08_Executive_Portraits/52_DuaneFisher-0888.jpg,2026-05-06 10:56:46
08_Executive_Portraits,10_HeatherGodek-0151.jpg,Brett Williams Studios LLC,Brett Williams,100% Chain of Title (Non-Scraped),17 U.S.C. § 106,Mandatory Disclosure Summary,1b69d7148f02113cbebb979fe5f9ec98,Ai_Samples _Ready/08_Executive_Portraits/10_HeatherGodek-0151.jpg,2026-05-06 10:56:46
08_Executive_Portraits,10_HeatherGodek-0145.jpg,Brett Williams Studios LLC,Brett Williams,100% Chain of Title (Non-Scraped),17 U.S.C. § 106,Mandatory Disclosure Summary,a1d506b3fd2eeb044a4d63dab0ef9052,Ai_Samples _Ready/08_Executive_Portraits/10_HeatherGodek-0145.jpg,2026-05-06 10:56:46
08_Executive_Portraits,62_VasuprakashJinka-1060.jpg,Brett Williams Studios LLC,Brett Williams,100% Chain of Title (Non-Scraped),17 U.S.C. § 106,Mandatory Disclosure Summary,96ec9bf29eb0df65045f157b8ba82ef6,Ai_Samples _Ready/08_Executive_Portraits/62_VasuprakashJinka-1060.jpg,2026-05-06 10:56:46
08_Executive_Portraits,59_YiuTingLau-1011.jpg,Brett Williams Studios LLC,Brett Williams,100% Chain of Title (Non-Scraped),17 U.S.C. § 106,Mandatory Disclosure Summary,085c726af11660113792ee9b48b0616f,Ai_Samples _Ready/08_Executive_Portraits/59_YiuTingLau-1011.jpg,2026-05-06 10:56:46
08_Executive_Portraits,14_GillianComito-0218.jpg,Brett Williams Studios LLC,Brett Williams,100% Chain of Title (Non-Scraped),17 U.S.C. § 106,Mandatory Disclosure Summary,c86457a032fdb0954241c18cfe8a2845,Ai_Samples _Ready/08_Executive_Portraits/14_GillianComito-0218.jpg,2026-05-06 10:56:46
08_Executive_Portraits,14_GillianComito-0230.jpg,Brett Williams Studios LLC,Brett Williams,100% Chain of Title (Non-Scraped),17 U.S.C. § 106,Mandatory Disclosure Summary,9dfe36d428fee307301de47445fbdd2a,Ai_Samples _Ready/08_Executive_Portraits/14_GillianComito-0230.jpg,2026-05-06 10:56:46
08_Executive_Portraits,45_ShannonRevolinski-0780.jpg,Brett Williams Studios LLC,Brett Williams,100% Chain of Title (Non-Scraped),17 U.S.C. § 106,Mandatory Disclosure Summary,f4c23adbc470b1f62cfe70a25d49c324,Ai_Samples _Ready/08_Executive_Portraits/45_ShannonRevolinski-0780.jpg,2026-05-06 10:56:46
08_Executive_Portraits,12_TimothyBowen-0189.jpg,Brett Williams Studios LLC,Brett Williams,100% Chain of Title (Non-Scraped),17 U.S.C. § 106,Mandatory Disclosure Summary,93523ae0227b9a0e0428cba429f3b8c5,Ai_Samples _Ready/08_Executive_Portraits/12_TimothyBowen-0189.jpg,2026-05-06 10:56:46
08_Executive_Portraits,25_AllanAlexopulos-0456.jpg,Brett Williams Studios LLC,Brett Williams,100% Chain of Title (Non-Scraped),17 U.S.C. § 106,Mandatory Disclosure Summary,afb8c414126a6730c0095d1183327480,Ai_Samples _Ready/08_Executive_Portraits/25_AllanAlexopulos-0456.jpg,2026-05-06 10:56:46
08_Executive_Portraits,25_AllanAlexopulos-0457.jpg,Brett Williams Studios LLC,Brett Williams,100% Chain of Title (Non-Scraped),17 U.S.C. § 106,Mandatory Disclosure Summary,456ebb288198251ffaf67232bd69f19a,Ai_Samples _Ready/08_Executive_Portraits/25_AllanAlexopulos-0457.jpg,2026-05-06 10:56:46
08_Executive_Portraits,21_TomStille-0369.jpg,Brett Williams Studios LLC,Brett Williams,100% Chain of Title (Non-Scraped),17 U.S.C. § 106,Mandatory Disclosure Summary,75d19f193e9e8d4cea248a100bfcbeea,Ai_Samples _Ready/08_Executive_Portraits/21_TomStille-0369.jpg,2026-05-06 10:56:46
08_Executive_Portraits,14_GillianComito-0231.jpg,Brett Williams Studios LLC,Brett Williams,100% Chain of Title (Non-Scraped),17 U.S.C. § 106,Mandatory Disclosure Summary,0989364a13c0b125ce5beb15fcdd8987,Ai_Samples _Ready/08_Executive_Portraits/14_GillianComito-0231.jpg,2026-05-06 10:56:46
08_Executive_Portraits,14_GillianComito-0225.jpg,Brett Williams Studios LLC,Brett Williams,100% Chain of Title (Non-Scraped),17 U.S.C. § 106,Mandatory Disclosure Summary,5f88acf81206d1453be1ae25eff00d4c,Ai_Samples _Ready/08_Executive_Portraits/14_GillianComito-0225.jpg,2026-05-06 10:56:46
08_Executive_Portraits,62_VasuprakashJinka-1061.jpg,Brett Williams Studios LLC,Brett Williams,100% Chain of Title (Non-Scraped),17 U.S.C. § 106,Mandatory Disclosure Summary,016572c4e03ee3ca996301640efbb09f,Ai_Samples _Ready/08_Executive_Portraits/62_VasuprakashJinka-1061.jpg,2026-05-06 10:56:46
08_Executive_Portraits,59_YiuTingLau-1010.jpg,Brett Williams Studios LLC,Brett Williams,100% Chain of Title (Non-Scraped),17 U.S.C. § 106,Mandatory Disclosure Summary,3748eb9bbf289a7fd0af189065fd3cd0,Ai_Samples _Ready/08_Executive_Portraits/59_YiuTingLau-1010.jpg,2026-05-06 10:56:46
08_Executive_Portraits,57_ThomasIlic-0980.jpg,Brett Williams Studios LLC,Brett Williams,100% Chain of Title (Non-Scraped),17 U.S.C. § 106,Mandatory Disclosure Summary,bd9da4d3e4438f1992cd7aa923647454,Ai_Samples _Ready/08_Executive_Portraits/57_ThomasIlic-0980.jpg,2026-05-06 10:56:46
08_Executive_Portraits,10_HeatherGodek-0144.jpg,Brett Williams Studios LLC,Brett Williams,100% Chain of Title (Non-Scraped),17 U.S.C. § 106,Mandatory Disclosure Summary,805dd522251b1d3ae5ec8220ef757f33,Ai_Samples _Ready/08_Executive_Portraits/10_HeatherGodek-0144.jpg,2026-05-06 10:56:46
08_Executive_Portraits,52_DuaneFisher-0889.jpg,Brett Williams Studios LLC,Brett Williams,100% Chain of Title (Non-Scraped),17 U.S.C. § 106,Mandatory Disclosure Summary,1384f548d6cb5f2d5ebd4a9fe783d192,Ai_Samples _Ready/08_Executive_Portraits/52_DuaneFisher-0889.jpg,2026-05-06 10:56:46
08_Executive_Portraits,08_BritniWillborn-0132.jpg,Brett Williams Studios LLC,Brett Williams,100% Chain of Title (Non-Scraped),17 U.S.C. § 106,Mandatory Disclosure Summary,ba7b87f34167a7fb764306e15d6d039f,Ai_Samples _Ready/08_Executive_Portraits/08_BritniWillborn-0132.jpg,2026-05-06 10:56:46
08_Executive_Portraits,49_GaryRinedollar-0851.jpg,Brett Williams Studios LLC,Brett Williams,100% Chain of Title (Non-Scraped),17 U.S.C. § 106,Mandatory Disclosure Summary,16e1be74113045d1490961a2f54f8e2e,Ai_Samples _Ready/08_Executive_Portraits/49_GaryRinedollar-0851.jpg,2026-05-06 10:56:46
08_Executive_Portraits,41_JeffNoble-0710.jpg,Brett Williams Studios LLC,Brett Williams,100% Chain of Title (Non-Scraped),17 U.S.C. § 106,Mandatory Disclosure Summary,b8f2fe4d301b8a236455bf772a85f012,Ai_Samples _Ready/08_Executive_Portraits/41_JeffNoble-0710.jpg,2026-05-06 10:56:46
08_Executive_Portraits,08_BritniWillborn-0126.jpg,Brett Williams Studios LLC,Brett Williams,100% Chain of Title (Non-Scraped),17 U.S.C. § 106,Mandatory Disclosure Summary,4cbba9a460fb999ebd90a9ddad6b2cbb,Ai_Samples _Ready/08_Executive_Portraits/08_BritniWillborn-0126.jpg,2026-05-06 10:56:46
08_Executive_Portraits,49_GaryRinedollar-0845.jpg,Brett Williams Studios LLC,Brett Williams,100% Chain of Title (Non-Scraped),17 U.S.C. § 106,Mandatory Disclosure Summary,2c451af7432a8581250ab55d7bed9b5e,Ai_Samples _Ready/08_Executive_Portraits/49_GaryRinedollar-0845.jpg,2026-05-06 10:56:46
08_Executive_Portraits,50_EricParrott-0870.jpg,Brett Williams Studios LLC,Brett Williams,100% Chain of Title (Non-Scraped),17 U.S.C. § 106,Mandatory Disclosure Summary,8d8d86f1d0383167c6f42bd2a77bfb91,Ai_Samples _Ready/08_Executive_Portraits/50_EricParrott-0870.jpg,2026-05-06 10:56:46
08_Executive_Portraits,50_EricParrott-0864.jpg,Brett Williams Studios LLC,Brett Williams,100% Chain of Title (Non-Scraped),17 U.S.C. § 106,Mandatory Disclosure Summary,ff97260d628ed988c530d1a1262f292e,Ai_Samples _Ready/08_Executive_Portraits/50_EricParrott-0864.jpg,2026-05-06 10:56:46
08_Executive_Portraits,17_LanaFoladare-0277.jpg,Brett Williams Studios LLC,Brett Williams,100% Chain of Title (Non-Scraped),17 U.S.C. § 106,Mandatory Disclosure Summary,9be1b7ee9a874c276132a13911c9ddde,Ai_Samples _Ready/08_Executive_Portraits/17_LanaFoladare-0277.jpg,2026-05-06 10:56:46
08_Executive_Portraits,20_KarieDeGraffenreid-0366.jpg,Brett Williams Studios LLC,Brett Williams,100% Chain of Title (Non-Scraped),17 U.S.C. § 106,Mandatory Disclosure Summary,d78ca4391ab6ec53fa887f8ccda08947,Ai_Samples _Ready/08_Executive_Portraits/20_KarieDeGraffenreid-0366.jpg,2026-05-06 10:56:46
08_Executive_Portraits,32_ChristinaWarner-0554.jpg,Brett Williams Studios LLC,Brett Williams,100% Chain of Title (Non-Scraped),17 U.S.C. § 106,Mandatory Disclosure Summary,794c62a5be6c553a8580103427819af7,Ai_Samples _Ready/08_Executive_Portraits/32_ChristinaWarner-0554.jpg,2026-05-06 10:56:46
08_Executive_Portraits,32_ChristinaWarner-0568.jpg,Brett Williams Studios LLC,Brett Williams,100% Chain of Title (Non-Scraped),17 U.S.C. § 106,Mandatory Disclosure Summary,52e0fee6fcf08492ee3d717fd4d4b7d0,Ai_Samples _Ready/08_Executive_Portraits/32_ChristinaWarner-0568.jpg,2026-05-06 10:56:46
08_Executive_Portraits,09_DavidWeinstein-0135.jpg,Brett Williams Studios LLC,Brett Williams,100% Chain of Title (Non-Scraped),17 U.S.C. § 106,Mandatory Disclosure Summary,318c070eee3f833ea24eb1bbdff62c16,Ai_Samples _Ready/08_Executive_Portraits/09_DavidWeinstein-0135.jpg,2026-05-06 10:56:46
08_Executive_Portraits,00_Test-0016.jpg,Brett Williams Studios LLC,Brett Williams,100% Chain of Title (Non-Scraped),17 U.S.C. § 106,Mandatory Disclosure Summary,d080a1a619c437fcf02c39c94d2426c2,Ai_Samples _Ready/08_Executive_Portraits/00_Test-0016.jpg,2026-05-06 10:56:46
08_Executive_Portraits,02_SusanDomagalski-0039.jpg,Brett Williams Studios LLC,Brett Williams,100% Chain of Title (Non-Scraped),17 U.S.C. § 106,Mandatory Disclosure Summary,fd5d50e55ab879c6b40bc29c326b1889,Ai_Samples _Ready/08_Executive_Portraits/02_SusanDomagalski-0039.jpg,2026-05-06 10:56:46
08_Executive_Portraits,32_ChristinaWarner-0583.jpg,Brett Williams Studios LLC,Brett Williams,100% Chain of Title (Non-Scraped),17 U.S.C. § 106,Mandatory Disclosure Summary,f65c126e6cc733bba67141c5df07e31d,Ai_Samples _Ready/08_Executive_Portraits/32_ChristinaWarner-0583.jpg,2026-05-06 10:56:46
08_Executive_Portraits,58_JoshTrujilo-0996.jpg,Brett Williams Studios LLC,Brett Williams,100% Chain of Title (Non-Scraped),17 U.S.C. § 106,Mandatory Disclosure Summary,b65cd250042af21526a613052e305098,Ai_Samples _Ready/08_Executive_Portraits/58_JoshTrujilo-0996.jpg,2026-05-06 10:56:46
08_Executive_Portraits,58_JoshTrujilo-0994.jpg,Brett Williams Studios LLC,Brett Williams,100% Chain of Title (Non-Scraped),17 U.S.C. § 106,Mandatory Disclosure Summary,c6d174527de15d4b899d56b6fb1408f6,Ai_Samples _Ready/08_Executive_Portraits/58_JoshTrujilo-0994.jpg,2026-05-06 10:56:46
08_Executive_Portraits,16_JohnRobles-0253.jpg,Brett Williams Studios LLC,Brett Williams,100% Chain of Title (Non-Scraped),17 U.S.C. § 106,Mandatory Disclosure Summary,307dbab7db5c9870d7b5dc6d4ddc0d25,Ai_Samples _Ready/08_Executive_Portraits/16_JohnRobles-0253.jpg,2026-05-06 10:56:46
08_Executive_Portraits,33_JoeSimoni-0600.jpg,Brett Williams Studios LLC,Brett Williams,100% Chain of Title (Non-Scraped),17 U.S.C. § 106,Mandatory Disclosure Summary,d97175ab4f5b1a05555123393cf3599a,Ai_Samples _Ready/08_Executive_Portraits/33_JoeSimoni-0600.jpg,2026-05-06 10:56:46
08_Executive_Portraits,32_ChristinaWarner-0581.jpg,Brett Williams Studios LLC,Brett Williams,100% Chain of Title (Non-Scraped),17 U.S.C. § 106,Mandatory Disclosure Summary,70e38f0fb2c929128e96a55bad84abaa,Ai_Samples _Ready/08_Executive_Portraits/32_ChristinaWarner-0581.jpg,2026-05-06 10:56:46
08_Executive_Portraits,09_DavidWeinstein-0137.jpg,Brett Williams Studios LLC,Brett Williams,100% Chain of Title (Non-Scraped),17 U.S.C. § 106,Mandatory Disclosure Summary,fcc03ab2a0f06e480e3472c38762b2a3,Ai_Samples _Ready/08_Executive_Portraits/09_DavidWeinstein-0137.jpg,2026-05-06 10:56:46
08_Executive_Portraits,31_HeatherWhite-0549.jpg,Brett Williams Studios LLC,Brett Williams,100% Chain of Title (Non-Scraped),17 U.S.C. § 106,Mandatory Disclosure Summary,687e644a59d091d973b8948d9e65dc72,Ai_Samples _Ready/08_Executive_Portraits/31_HeatherWhite-0549.jpg,2026-05-06 10:56:46
08_Executive_Portraits,17_LanaFoladare-0275.jpg,Brett Williams Studios LLC,Brett Williams,100% Chain of Title (Non-Scraped),17 U.S.C. § 106,Mandatory Disclosure Summary,6c89bb0a18fa287191c7a8b522d80a6e,Ai_Samples _Ready/08_Executive_Portraits/17_LanaFoladare-0275.jpg,2026-05-06 10:56:46
08_Executive_Portraits,20_KarieDeGraffenreid-0364.jpg,Brett Williams Studios LLC,Brett Williams,100% Chain of Title (Non-Scraped),17 U.S.C. § 106,Mandatory Disclosure Summary,55f4d29fabe08d39524787b4568f6807,Ai_Samples _Ready/08_Executive_Portraits/20_KarieDeGraffenreid-0364.jpg,2026-05-06 10:56:46
08_Executive_Portraits,61_TimFitzgerald-1038.jpg,Brett Williams Studios LLC,Brett Williams,100% Chain of Title (Non-Scraped),17 U.S.C. § 106,Mandatory Disclosure Summary,2dde30dfc394df32e5fa7a2befc56fab,Ai_Samples _Ready/08_Executive_Portraits/61_TimFitzgerald-1038.jpg,2026-05-06 10:56:46
08_Executive_Portraits,04_MATTHEWBREWER-0073.jpg,Brett Williams Studios LLC,Brett Williams,100% Chain of Title (Non-Scraped),17 U.S.C. § 106,Mandatory Disclosure Summary,844acda6b6b0da7a5bed81636c928ed3,Ai_Samples _Ready/08_Executive_Portraits/04_MATTHEWBREWER-0073.jpg,2026-05-06 10:56:46
08_Executive_Portraits,20_KarieDeGraffenreid-0358.jpg,Brett Williams Studios LLC,Brett Williams,100% Chain of Title (Non-Scraped),17 U.S.C. § 106,Mandatory Disclosure Summary,5baa06f0790da1344d1890a626bbdd32,Ai_Samples _Ready/08_Executive_Portraits/20_KarieDeGraffenreid-0358.jpg,2026-05-06 10:56:46
08_Executive_Portraits,50_EricParrott-0866.jpg,Brett Williams Studios LLC,Brett Williams,100% Chain of Title (Non-Scraped),17 U.S.C. § 106,Mandatory Disclosure Summary,b8158538f8c7f3f20768cbf58ae63eff,Ai_Samples _Ready/08_Executive_Portraits/50_EricParrott-0866.jpg,2026-05-06 10:56:46
08_Executive_Portraits,41_JeffNoble-0706.jpg,Brett Williams Studios LLC,Brett Williams,100% Chain of Title (Non-Scraped),17 U.S.C. § 106,Mandatory Disclosure Summary,c2b6de93ffc25eba92cf2eecd318d17d,Ai_Samples _Ready/08_Executive_Portraits/41_JeffNoble-0706.jpg,2026-05-06 10:56:46
08_Executive_Portraits,08_BritniWillborn-0130.jpg,Brett Williams Studios LLC,Brett Williams,100% Chain of Title (Non-Scraped),17 U.S.C. § 106,Mandatory Disclosure Summary,9ec200ece2e862cb49a967bab8640b38,Ai_Samples _Ready/08_Executive_Portraits/08_BritniWillborn-0130.jpg,2026-05-06 10:56:46
08_Executive_Portraits,64_StaceyEpstein-1096.jpg,Brett Williams Studios LLC,Brett Williams,100% Chain of Title (Non-Scraped),17 U.S.C. § 106,Mandatory Disclosure Summary,335e115ded4e4a4f134cd9711d732be4,Ai_Samples _Ready/08_Executive_Portraits/64_StaceyEpstein-1096.jpg,2026-05-06 10:56:46
08_Executive_Portraits,49_GaryRinedollar-0847.jpg,Brett Williams Studios LLC,Brett Williams,100% Chain of Title (Non-Scraped),17 U.S.C. § 106,Mandatory Disclosure Summary,0d365a588e6c535493134bf66a23119a,Ai_Samples _Ready/08_Executive_Portraits/49_GaryRinedollar-0847.jpg,2026-05-06 10:56:46
08_Executive_Portraits,64_StaceyEpstein-1082.jpg,Brett Williams Studios LLC,Brett Williams,100% Chain of Title (Non-Scraped),17 U.S.C. § 106,Mandatory Disclosure Summary,32dbcba9feed4c7718394fa60ff9399e,Ai_Samples _Ready/08_Executive_Portraits/64_StaceyEpstein-1082.jpg,2026-05-06 10:56:46
08_Executive_Portraits,41_JeffNoble-0712.jpg,Brett Williams Studios LLC,Brett Williams,100% Chain of Title (Non-Scraped),17 U.S.C. § 106,Mandatory Disclosure Summary,4b5926586ef02413696004823672ad6a,Ai_Samples _Ready/08_Executive_Portraits/41_JeffNoble-0712.jpg,2026-05-06 10:56:46
08_Executive_Portraits,41_JeffNoble-0699.jpg,Brett Williams Studios LLC,Brett Williams,100% Chain of Title (Non-Scraped),17 U.S.C. § 106,Mandatory Disclosure Summary,869561319816c20f7c86b64b3683a158,Ai_Samples _Ready/08_Executive_Portraits/41_JeffNoble-0699.jpg,2026-05-06 10:56:46
08_Executive_Portraits,10_HeatherGodek-0152.jpg,Brett Williams Studios LLC,Brett Williams,100% Chain of Title (Non-Scraped),17 U.S.C. § 106,Mandatory Disclosure Summary,77876534d6a17ff2866c825cb34310d4,Ai_Samples _Ready/08_Executive_Portraits/10_HeatherGodek-0152.jpg,2026-05-06 10:56:46
08_Executive_Portraits,51_MattHurst-0872.jpg,Brett Williams Studios LLC,Brett Williams,100% Chain of Title (Non-Scraped),17 U.S.C. § 106,Mandatory Disclosure Summary,028cc5716a1cde1e23fb75891130b297,Ai_Samples _Ready/08_Executive_Portraits/51_MattHurst-0872.jpg,2026-05-06 10:56:46
08_Executive_Portraits,57_ThomasIlic-0982.jpg,Brett Williams Studios LLC,Brett Williams,100% Chain of Title (Non-Scraped),17 U.S.C. § 106,Mandatory Disclosure Summary,d65db7a3203923bdd44e6139cdd74285,Ai_Samples _Ready/08_Executive_Portraits/57_ThomasIlic-0982.jpg,2026-05-06 10:56:46
08_Executive_Portraits,62_VasuprakashJinka-1063.jpg,Brett Williams Studios LLC,Brett Williams,100% Chain of Title (Non-Scraped),17 U.S.C. § 106,Mandatory Disclosure Summary,6834cc0e49ae11af7187122977912c49,Ai_Samples _Ready/08_Executive_Portraits/62_VasuprakashJinka-1063.jpg,2026-05-06 10:56:46
08_Executive_Portraits,33_JoeSimoni-0589.jpg,Brett Williams Studios LLC,Brett Williams,100% Chain of Title (Non-Scraped),17 U.S.C. § 106,Mandatory Disclosure Summary,09d473589a92c591dbb5f64017178fbd,Ai_Samples _Ready/08_Executive_Portraits/33_JoeSimoni-0589.jpg,2026-05-06 10:56:46
08_Executive_Portraits,19_PaigeKarno-0389.jpg,Brett Williams Studios LLC,Brett Williams,100% Chain of Title (Non-Scraped),17 U.S.C. § 106,Mandatory Disclosure Summary,7ddf40b1c0739ab6a122365a5835e0e5,Ai_Samples _Ready/08_Executive_Portraits/19_PaigeKarno-0389.jpg,2026-05-06 10:56:46
08_Executive_Portraits,45_ShannonRevolinski-0768.jpg,Brett Williams Studios LLC,Brett Williams,100% Chain of Title (Non-Scraped),17 U.S.C. § 106,Mandatory Disclosure Summary,b5a11e4b0dd6634e0603797df6a2704c,Ai_Samples _Ready/08_Executive_Portraits/45_ShannonRevolinski-0768.jpg,2026-05-06 10:56:46
08_Executive_Portraits,14_GillianComito-0233.jpg,Brett Williams Studios LLC,Brett Williams,100% Chain of Title (Non-Scraped),17 U.S.C. § 106,Mandatory Disclosure Summary,5ed3e239dc3623d455a96b6e3778ff29,Ai_Samples _Ready/08_Executive_Portraits/14_GillianComito-0233.jpg,2026-05-06 10:56:46
08_Executive_Portraits,14_GillianComito-0227.jpg,Brett Williams Studios LLC,Brett Williams,100% Chain of Title (Non-Scraped),17 U.S.C. § 106,Mandatory Disclosure Summary,91f3c7ba98b1e233e75146a799bd5d98,Ai_Samples _Ready/08_Executive_Portraits/14_GillianComito-0227.jpg,2026-05-06 10:56:46
08_Executive_Portraits,25_AllanAlexopulos-0455.jpg,Brett Williams Studios LLC,Brett Williams,100% Chain of Title (Non-Scraped),17 U.S.C. § 106,Mandatory Disclosure Summary,eba264302ac83137a87ce4a18b2118e0,Ai_Samples _Ready/08_Executive_Portraits/25_AllanAlexopulos-0455.jpg,2026-05-06 10:56:46
08_Executive_Portraits,45_ShannonRevolinski-0782.jpg,Brett Williams Studios LLC,Brett Williams,100% Chain of Title (Non-Scraped),17 U.S.C. § 106,Mandatory Disclosure Summary,9db74a085550b7ceef8f2c7633c9a862,Ai_Samples _Ready/08_Executive_Portraits/45_ShannonRevolinski-0782.jpg,2026-05-06 10:56:46
08_Executive_Portraits,25_AllanAlexopulos-0454.jpg,Brett Williams Studios LLC,Brett Williams,100% Chain of Title (Non-Scraped),17 U.S.C. § 106,Mandatory Disclosure Summary,358af5522b8ddc95fe16554ed34c7ee8,Ai_Samples _Ready/08_Executive_Portraits/25_AllanAlexopulos-0454.jpg,2026-05-06 10:56:46
08_Executive_Portraits,14_GillianComito-0226.jpg,Brett Williams Studios LLC,Brett Williams,100% Chain of Title (Non-Scraped),17 U.S.C. § 106,Mandatory Disclosure Summary,3fe246697263e04474b4840995cb03aa,Ai_Samples _Ready/08_Executive_Portraits/14_GillianComito-0226.jpg,2026-05-06 10:56:46
08_Executive_Portraits,14_GillianComito-0232.jpg,Brett Williams Studios LLC,Brett Williams,100% Chain of Title (Non-Scraped),17 U.S.C. § 106,Mandatory Disclosure Summary,72a26f201fa628b8af7a82d3cd6063e5,Ai_Samples _Ready/08_Executive_Portraits/14_GillianComito-0232.jpg,2026-05-06 10:56:46
08_Executive_Portraits,45_ShannonRevolinski-0769.jpg,Brett Williams Studios LLC,Brett Williams,100% Chain of Title (Non-Scraped),17 U.S.C. § 106,Mandatory Disclosure Summary,34d62400cdb2397f35a623bdc64c26e8,Ai_Samples _Ready/08_Executive_Portraits/45_ShannonRevolinski-0769.jpg,2026-05-06 10:56:46
08_Executive_Portraits,59_YiuTingLau-1007.jpg,Brett Williams Studios LLC,Brett Williams,100% Chain of Title (Non-Scraped),17 U.S.C. § 106,Mandatory Disclosure Summary,9a9cd5d2ecfc2808d0145a15584d8b3d,Ai_Samples _Ready/08_Executive_Portraits/59_YiuTingLau-1007.jpg,2026-05-06 10:56:46
08_Executive_Portraits,62_VasuprakashJinka-1062.jpg,Brett Williams Studios LLC,Brett Williams,100% Chain of Title (Non-Scraped),17 U.S.C. § 106,Mandatory Disclosure Summary,e22db4dbd4db9404e8cd3e6e13bf6f04,Ai_Samples _Ready/08_Executive_Portraits/62_VasuprakashJinka-1062.jpg,2026-05-06 10:56:46
08_Executive_Portraits,51_MattHurst-0873.jpg,Brett Williams Studios LLC,Brett Williams,100% Chain of Title (Non-Scraped),17 U.S.C. § 106,Mandatory Disclosure Summary,0ef50c18cdd7a7de5091dc5242ae9f2b,Ai_Samples _Ready/08_Executive_Portraits/51_MattHurst-0873.jpg,2026-05-06 10:56:46
08_Executive_Portraits,57_ThomasIlic-0983.jpg,Brett Williams Studios LLC,Brett Williams,100% Chain of Title (Non-Scraped),17 U.S.C. § 106,Mandatory Disclosure Summary,7e2dd56754c2064708984307764b17bc,Ai_Samples _Ready/08_Executive_Portraits/57_ThomasIlic-0983.jpg,2026-05-06 10:56:46
08_Executive_Portraits,41_JeffNoble-0698.jpg,Brett Williams Studios LLC,Brett Williams,100% Chain of Title (Non-Scraped),17 U.S.C. § 106,Mandatory Disclosure Summary,321b851dcd8dedab57c3ba59969d7312,Ai_Samples _Ready/08_Executive_Portraits/41_JeffNoble-0698.jpg,2026-05-06 10:56:46
08_Executive_Portraits,10_HeatherGodek-0153.jpg,Brett Williams Studios LLC,Brett Williams,100% Chain of Title (Non-Scraped),17 U.S.C. § 106,Mandatory Disclosure Summary,5b3cf95ac7e5aa0affffddd89d84de03,Ai_Samples _Ready/08_Executive_Portraits/10_HeatherGodek-0153.jpg,2026-05-06 10:56:46
08_Executive_Portraits,10_HeatherGodek-0147.jpg,Brett Williams Studios LLC,Brett Williams,100% Chain of Title (Non-Scraped),17 U.S.C. § 106,Mandatory Disclosure Summary,6292518594631d5c99434cabebfe9372,Ai_Samples _Ready/08_Executive_Portraits/10_HeatherGodek-0147.jpg,2026-05-06 10:56:46
08_Executive_Portraits,41_JeffNoble-0713.jpg,Brett Williams Studios LLC,Brett Williams,100% Chain of Title (Non-Scraped),17 U.S.C. § 106,Mandatory Disclosure Summary,d6b132b512bd8932066aa2f10ddc8497,Ai_Samples _Ready/08_Executive_Portraits/41_JeffNoble-0713.jpg,2026-05-06 10:56:46
08_Executive_Portraits,64_StaceyEpstein-1083.jpg,Brett Williams Studios LLC,Brett Williams,100% Chain of Title (Non-Scraped),17 U.S.C. § 106,Mandatory Disclosure Summary,fe5bbcd88f62737907fb926e1104e91d,Ai_Samples _Ready/08_Executive_Portraits/64_StaceyEpstein-1083.jpg,2026-05-06 10:56:46
08_Executive_Portraits,08_BritniWillborn-0125.jpg,Brett Williams Studios LLC,Brett Williams,100% Chain of Title (Non-Scraped),17 U.S.C. § 106,Mandatory Disclosure Summary,1cd866d238d3aea90d90bc84fe015a06,Ai_Samples _Ready/08_Executive_Portraits/08_BritniWillborn-0125.jpg,2026-05-06 10:56:46
08_Executive_Portraits,49_GaryRinedollar-0846.jpg,Brett Williams Studios LLC,Brett Williams,100% Chain of Title (Non-Scraped),17 U.S.C. § 106,Mandatory Disclosure Summary,28b6240618f245aa65c19e8131e48280,Ai_Samples _Ready/08_Executive_Portraits/49_GaryRinedollar-0846.jpg,2026-05-06 10:56:46
08_Executive_Portraits,64_StaceyEpstein-1097.jpg,Brett Williams Studios LLC,Brett Williams,100% Chain of Title (Non-Scraped),17 U.S.C. § 106,Mandatory Disclosure Summary,96876b254838436208d8a68c537feb04,Ai_Samples _Ready/08_Executive_Portraits/64_StaceyEpstein-1097.jpg,2026-05-06 10:56:46
08_Executive_Portraits,08_BritniWillborn-0131.jpg,Brett Williams Studios LLC,Brett Williams,100% Chain of Title (Non-Scraped),17 U.S.C. § 106,Mandatory Disclosure Summary,e9ce3b9cff803b36b4c320facf15ce34,Ai_Samples _Ready/08_Executive_Portraits/08_BritniWillborn-0131.jpg,2026-05-06 10:56:46
08_Executive_Portraits,49_GaryRinedollar-0852.jpg,Brett Williams Studios LLC,Brett Williams,100% Chain of Title (Non-Scraped),17 U.S.C. § 106,Mandatory Disclosure Summary,cce04628c7ac9c6c08bb3a7ff25bd918,Ai_Samples _Ready/08_Executive_Portraits/49_GaryRinedollar-0852.jpg,2026-05-06 10:56:46
08_Executive_Portraits,41_JeffNoble-0707.jpg,Brett Williams Studios LLC,Brett Williams,100% Chain of Title (Non-Scraped),17 U.S.C. § 106,Mandatory Disclosure Summary,950e62cb30b546a4d8eec8e548812337,Ai_Samples _Ready/08_Executive_Portraits/41_JeffNoble-0707.jpg,2026-05-06 10:56:46
08_Executive_Portraits,50_EricParrott-0867.jpg,Brett Williams Studios LLC,Brett Williams,100% Chain of Title (Non-Scraped),17 U.S.C. § 106,Mandatory Disclosure Summary,481f0f6aea7d082cb6bdc283d050559e,Ai_Samples _Ready/08_Executive_Portraits/50_EricParrott-0867.jpg,2026-05-06 10:56:46
08_Executive_Portraits,61_TimFitzgerald-1039.jpg,Brett Williams Studios LLC,Brett Williams,100% Chain of Title (Non-Scraped),17 U.S.C. § 106,Mandatory Disclosure Summary,49af350dbc03a620e12720c6296d4c3b,Ai_Samples _Ready/08_Executive_Portraits/61_TimFitzgerald-1039.jpg,2026-05-06 10:56:46
08_Executive_Portraits,20_KarieDeGraffenreid-0365.jpg,Brett Williams Studios LLC,Brett Williams,100% Chain of Title (Non-Scraped),17 U.S.C. § 106,Mandatory Disclosure Summary,9487204b1729b00ba7d31662e00530e8,Ai_Samples _Ready/08_Executive_Portraits/20_KarieDeGraffenreid-0365.jpg,2026-05-06 10:56:46
08_Executive_Portraits,31_HeatherWhite-0548.jpg,Brett Williams Studios LLC,Brett Williams,100% Chain of Title (Non-Scraped),17 U.S.C. § 106,Mandatory Disclosure Summary,346cbcbca90607f2e4659a5277dc2888,Ai_Samples _Ready/08_Executive_Portraits/31_HeatherWhite-0548.jpg,2026-05-06 10:56:46
08_Executive_Portraits,17_LanaFoladare-0274.jpg,Brett Williams Studios LLC,Brett Williams,100% Chain of Title (Non-Scraped),17 U.S.C. § 106,Mandatory Disclosure Summary,5b3efebbcef9b7c73011ee689780fd57,Ai_Samples _Ready/08_Executive_Portraits/17_LanaFoladare-0274.jpg,2026-05-06 10:56:46
08_Executive_Portraits,32_ChristinaWarner-0557.jpg,Brett Williams Studios LLC,Brett Williams,100% Chain of Title (Non-Scraped),17 U.S.C. § 106,Mandatory Disclosure Summary,e9f1aa81687f4ea983677f47ced8bf9f,Ai_Samples _Ready/08_Executive_Portraits/32_ChristinaWarner-0557.jpg,2026-05-06 10:56:46
08_Executive_Portraits,32_ChristinaWarner-0580.jpg,Brett Williams Studios LLC,Brett Williams,100% Chain of Title (Non-Scraped),17 U.S.C. § 106,Mandatory Disclosure Summary,f8e3e559d4b6e6ce3504a250a0b420b5,Ai_Samples _Ready/08_Executive_Portraits/32_ChristinaWarner-0580.jpg,2026-05-06 10:56:46
08_Executive_Portraits,58_JoshTrujilo-0995.jpg,Brett Williams Studios LLC,Brett Williams,100% Chain of Title (Non-Scraped),17 U.S.C. § 106,Mandatory Disclosure Summary,8b582d0ecfdc47c54b32e0bae87f2af1,Ai_Samples _Ready/08_Executive_Portraits/58_JoshTrujilo-0995.jpg,2026-05-06 10:56:46
08_Executive_Portraits,16_JohnRobles-0252.jpg,Brett Williams Studios LLC,Brett Williams,100% Chain of Title (Non-Scraped),17 U.S.C. § 106,Mandatory Disclosure Summary,43d954cc04cfb552c3e78ab41f51754e,Ai_Samples _Ready/08_Executive_Portraits/16_JohnRobles-0252.jpg,2026-05-06 10:56:46
08_Executive_Portraits,32_ChristinaWarner-0584.jpg,Brett Williams Studios LLC,Brett Williams,100% Chain of Title (Non-Scraped),17 U.S.C. § 106,Mandatory Disclosure Summary,ee6807a5df11c3cc81892f5240b7f320,Ai_Samples _Ready/08_Executive_Portraits/32_ChristinaWarner-0584.jpg,2026-05-06 10:56:46
08_Executive_Portraits,16_JohnRobles-0256.jpg,Brett Williams Studios LLC,Brett Williams,100% Chain of Title (Non-Scraped),17 U.S.C. § 106,Mandatory Disclosure Summary,85c49e9ba59b852937e4dc0e4220a005,Ai_Samples _Ready/08_Executive_Portraits/16_JohnRobles-0256.jpg,2026-05-06 10:56:46
08_Executive_Portraits,32_ChristinaWarner-0553.jpg,Brett Williams Studios LLC,Brett Williams,100% Chain of Title (Non-Scraped),17 U.S.C. § 106,Mandatory Disclosure Summary,15332fb27392a9d511ba7de280afc602,Ai_Samples _Ready/08_Executive_Portraits/32_ChristinaWarner-0553.jpg,2026-05-06 10:56:46
08_Executive_Portraits,04_MATTHEWBREWER-0076.jpg,Brett Williams Studios LLC,Brett Williams,100% Chain of Title (Non-Scraped),17 U.S.C. § 106,Mandatory Disclosure Summary,13377acc33097ca30320c13fe38a167a,Ai_Samples _Ready/08_Executive_Portraits/04_MATTHEWBREWER-0076.jpg,2026-05-06 10:56:46
08_Executive_Portraits,17_LanaFoladare-0270.jpg,Brett Williams Studios LLC,Brett Williams,100% Chain of Title (Non-Scraped),17 U.S.C. § 106,Mandatory Disclosure Summary,82995271511a6671117f3ee703630a96,Ai_Samples _Ready/08_Executive_Portraits/17_LanaFoladare-0270.jpg,2026-05-06 10:56:46
08_Executive_Portraits,20_KarieDeGraffenreid-0361.jpg,Brett Williams Studios LLC,Brett Williams,100% Chain of Title (Non-Scraped),17 U.S.C. § 106,Mandatory Disclosure Summary,d2fef84fc28a564ccacf30d366fe53fe,Ai_Samples _Ready/08_Executive_Portraits/20_KarieDeGraffenreid-0361.jpg,2026-05-06 10:56:46
08_Executive_Portraits,41_JeffNoble-0703.jpg,Brett Williams Studios LLC,Brett Williams,100% Chain of Title (Non-Scraped),17 U.S.C. § 106,Mandatory Disclosure Summary,8180b4f055c6f6ae53f0f250268bfbe9,Ai_Samples _Ready/08_Executive_Portraits/41_JeffNoble-0703.jpg,2026-05-06 10:56:46
08_Executive_Portraits,49_GaryRinedollar-0856.jpg,Brett Williams Studios LLC,Brett Williams,100% Chain of Title (Non-Scraped),17 U.S.C. § 106,Mandatory Disclosure Summary,dcd06c4791cc61134395ec6fbd4c9038,Ai_Samples _Ready/08_Executive_Portraits/49_GaryRinedollar-0856.jpg,2026-05-06 10:56:46
08_Executive_Portraits,57_ThomasIlic-0987.jpg,Brett Williams Studios LLC,Brett Williams,100% Chain of Title (Non-Scraped),17 U.S.C. § 106,Mandatory Disclosure Summary,179c449ec3b459cfbc964fbce4a3be97,Ai_Samples _Ready/08_Executive_Portraits/57_ThomasIlic-0987.jpg,2026-05-06 10:56:46
08_Executive_Portraits,51_MattHurst-0877.jpg,Brett Williams Studios LLC,Brett Williams,100% Chain of Title (Non-Scraped),17 U.S.C. § 106,Mandatory Disclosure Summary,340ae918b9ec563ff3447f89f79a1254,Ai_Samples _Ready/08_Executive_Portraits/51_MattHurst-0877.jpg,2026-05-06 10:56:46
08_Executive_Portraits,19_PaigeKarno-0401.jpg,Brett Williams Studios LLC,Brett Williams,100% Chain of Title (Non-Scraped),17 U.S.C. § 106,Mandatory Disclosure Summary,e6ad45b30033154106bd5ad17f4682c8,Ai_Samples _Ready/08_Executive_Portraits/19_PaigeKarno-0401.jpg,2026-05-06 10:56:46
08_Executive_Portraits,10_HeatherGodek-0143.jpg,Brett Williams Studios LLC,Brett Williams,100% Chain of Title (Non-Scraped),17 U.S.C. § 106,Mandatory Disclosure Summary,eca8e6fb06c005c03383b608bfb59a6f,Ai_Samples _Ready/08_Executive_Portraits/10_HeatherGodek-0143.jpg,2026-05-06 10:56:46
08_Executive_Portraits,33_JoeSimoni-0598.jpg,Brett Williams Studios LLC,Brett Williams,100% Chain of Title (Non-Scraped),17 U.S.C. § 106,Mandatory Disclosure Summary,0406ded66b053ca108b4e3b794ee09dd,Ai_Samples _Ready/08_Executive_Portraits/33_JoeSimoni-0598.jpg,2026-05-06 10:56:46
08_Executive_Portraits,62_VasuprakashJinka-1066.jpg,Brett Williams Studios LLC,Brett Williams,100% Chain of Title (Non-Scraped),17 U.S.C. § 106,Mandatory Disclosure Summary,c6468fda77da7b1ce94bf8a47706d514,Ai_Samples _Ready/08_Executive_Portraits/62_VasuprakashJinka-1066.jpg,2026-05-06 10:56:46
08_Executive_Portraits,57_ThomasIlic-0978.jpg,Brett Williams Studios LLC,Brett Williams,100% Chain of Title (Non-Scraped),17 U.S.C. § 106,Mandatory Disclosure Summary,16fbf489af6e63e553678e16bbcc523f,Ai_Samples _Ready/08_Executive_Portraits/57_ThomasIlic-0978.jpg,2026-05-06 10:56:46
08_Executive_Portraits,34_SteveTripp-0609.jpg,Brett Williams Studios LLC,Brett Williams,100% Chain of Title (Non-Scraped),17 U.S.C. § 106,Mandatory Disclosure Summary,d52ee8851595dd5d5ea45b9f2601e6d5,Ai_Samples _Ready/08_Executive_Portraits/34_SteveTripp-0609.jpg,2026-05-06 10:56:46
08_Executive_Portraits,14_GillianComito-0222.jpg,Brett Williams Studios LLC,Brett Williams,100% Chain of Title (Non-Scraped),17 U.S.C. § 106,Mandatory Disclosure Summary,a6cff02d733e7eb0d2423f854ed3f4f6,Ai_Samples _Ready/08_Executive_Portraits/14_GillianComito-0222.jpg,2026-05-06 10:56:46
08_Executive_Portraits,45_ShannonRevolinski-0779.jpg,Brett Williams Studios LLC,Brett Williams,100% Chain of Title (Non-Scraped),17 U.S.C. § 106,Mandatory Disclosure Summary,b65e2dea0085724d3c31db64c84ca65f,Ai_Samples _Ready/08_Executive_Portraits/45_ShannonRevolinski-0779.jpg,2026-05-06 10:56:46
08_Executive_Portraits,48_ChrisThompson-0840.jpg,Brett Williams Studios LLC,Brett Williams,100% Chain of Title (Non-Scraped),17 U.S.C. § 106,Mandatory Disclosure Summary,f6e4e43c08507778f583c4c51a8b8673,Ai_Samples _Ready/08_Executive_Portraits/48_ChrisThompson-0840.jpg,2026-05-06 10:56:46
08_Executive_Portraits,48_ChrisThompson-0841.jpg,Brett Williams Studios LLC,Brett Williams,100% Chain of Title (Non-Scraped),17 U.S.C. § 106,Mandatory Disclosure Summary,3d9637b1dadab73aae7d2d0f0a848714,Ai_Samples _Ready/08_Executive_Portraits/48_ChrisThompson-0841.jpg,2026-05-06 10:56:46
08_Executive_Portraits,07_LaddLaird-0114.jpg,Brett Williams Studios LLC,Brett Williams,100% Chain of Title (Non-Scraped),17 U.S.C. § 106,Mandatory Disclosure Summary,9c9e0f617c35efdef477b0323a13ccba,Ai_Samples _Ready/08_Executive_Portraits/07_LaddLaird-0114.jpg,2026-05-06 10:56:46
08_Executive_Portraits,45_ShannonRevolinski-0787.jpg,Brett Williams Studios LLC,Brett Williams,100% Chain of Title (Non-Scraped),17 U.S.C. § 106,Mandatory Disclosure Summary,afba0f865e554e66cebc204439b85931,Ai_Samples _Ready/08_Executive_Portraits/45_ShannonRevolinski-0787.jpg,2026-05-06 10:56:46
08_Executive_Portraits,25_AllanAlexopulos-0451.jpg,Brett Williams Studios LLC,Brett Williams,100% Chain of Title (Non-Scraped),17 U.S.C. § 106,Mandatory Disclosure Summary,1e7501c43a47ad2c6d63f20b8ee55726,Ai_Samples _Ready/08_Executive_Portraits/25_AllanAlexopulos-0451.jpg,2026-05-06 10:56:46
08_Executive_Portraits,34_SteveTripp-0608.jpg,Brett Williams Studios LLC,Brett Williams,100% Chain of Title (Non-Scraped),17 U.S.C. § 106,Mandatory Disclosure Summary,35e7d39f2b18ba58f138c22817d95720,Ai_Samples _Ready/08_Executive_Portraits/34_SteveTripp-0608.jpg,2026-05-06 10:56:46
08_Executive_Portraits,14_GillianComito-0223.jpg,Brett Williams Studios LLC,Brett Williams,100% Chain of Title (Non-Scraped),17 U.S.C. § 106,Mandatory Disclosure Summary,6115757e6dab18d934929146dc0342cc,Ai_Samples _Ready/08_Executive_Portraits/14_GillianComito-0223.jpg,2026-05-06 10:56:46
08_Executive_Portraits,57_ThomasIlic-0979.jpg,Brett Williams Studios LLC,Brett Williams,100% Chain of Title (Non-Scraped),17 U.S.C. § 106,Mandatory Disclosure Summary,372f9fefbf2e15d9837359c530bb3a22,Ai_Samples _Ready/08_Executive_Portraits/57_ThomasIlic-0979.jpg,2026-05-06 10:56:46
08_Executive_Portraits,33_JoeSimoni-0599.jpg,Brett Williams Studios LLC,Brett Williams,100% Chain of Title (Non-Scraped),17 U.S.C. § 106,Mandatory Disclosure Summary,83125c056cfef769154e03ba94dca107,Ai_Samples _Ready/08_Executive_Portraits/33_JoeSimoni-0599.jpg,2026-05-06 10:56:46
08_Executive_Portraits,40_LeoRota-0675.jpg,Brett Williams Studios LLC,Brett Williams,100% Chain of Title (Non-Scraped),17 U.S.C. § 106,Mandatory Disclosure Summary,8c69d01dd3329c54c67e712f167bd0bb,Ai_Samples _Ready/08_Executive_Portraits/40_LeoRota-0675.jpg,2026-05-06 10:56:46
08_Executive_Portraits,19_PaigeKarno-0400.jpg,Brett Williams Studios LLC,Brett Williams,100% Chain of Title (Non-Scraped),17 U.S.C. § 106,Mandatory Disclosure Summary,e5089797ca32c7db81734624f3b3f407,Ai_Samples _Ready/08_Executive_Portraits/19_PaigeKarno-0400.jpg,2026-05-06 10:56:46
08_Executive_Portraits,10_HeatherGodek-0142.jpg,Brett Williams Studios LLC,Brett Williams,100% Chain of Title (Non-Scraped),17 U.S.C. § 106,Mandatory Disclosure Summary,fe0a92adf3edbadc90bdd9d322fc4c72,Ai_Samples _Ready/08_Executive_Portraits/10_HeatherGodek-0142.jpg,2026-05-06 10:56:46
08_Executive_Portraits,57_ThomasIlic-0986.jpg,Brett Williams Studios LLC,Brett Williams,100% Chain of Title (Non-Scraped),17 U.S.C. § 106,Mandatory Disclosure Summary,7d65be146144a1b6098112ed89eecf2c,Ai_Samples _Ready/08_Executive_Portraits/57_ThomasIlic-0986.jpg,2026-05-06 10:56:46
08_Executive_Portraits,51_MattHurst-0876.jpg,Brett Williams Studios LLC,Brett Williams,100% Chain of Title (Non-Scraped),17 U.S.C. § 106,Mandatory Disclosure Summary,a57cc698087a7b5abd2480597c3a5328,Ai_Samples _Ready/08_Executive_Portraits/51_MattHurst-0876.jpg,2026-05-06 10:56:46
08_Executive_Portraits,50_EricParrott-0862.jpg,Brett Williams Studios LLC,Brett Williams,100% Chain of Title (Non-Scraped),17 U.S.C. § 106,Mandatory Disclosure Summary,ebc115825160fe987fbfff50cf0a2c36,Ai_Samples _Ready/08_Executive_Portraits/50_EricParrott-0862.jpg,2026-05-06 10:56:46
08_Executive_Portraits,64_StaceyEpstein-1086.jpg,Brett Williams Studios LLC,Brett Williams,100% Chain of Title (Non-Scraped),17 U.S.C. § 106,Mandatory Disclosure Summary,3d5de12f80c07e1831e642e50b86ee74,Ai_Samples _Ready/08_Executive_Portraits/64_StaceyEpstein-1086.jpg,2026-05-06 10:56:46
08_Executive_Portraits,49_GaryRinedollar-0857.jpg,Brett Williams Studios LLC,Brett Williams,100% Chain of Title (Non-Scraped),17 U.S.C. § 106,Mandatory Disclosure Summary,334b7dec47e62b7fc5b4e19ab4ca9db5,Ai_Samples _Ready/08_Executive_Portraits/49_GaryRinedollar-0857.jpg,2026-05-06 10:56:46
08_Executive_Portraits,41_JeffNoble-0702.jpg,Brett Williams Studios LLC,Brett Williams,100% Chain of Title (Non-Scraped),17 U.S.C. § 106,Mandatory Disclosure Summary,f1a7ead917a413edee725708487655e4,Ai_Samples _Ready/08_Executive_Portraits/41_JeffNoble-0702.jpg,2026-05-06 10:56:46
08_Executive_Portraits,03_JennifferYellin-0066.jpg,Brett Williams Studios LLC,Brett Williams,100% Chain of Title (Non-Scraped),17 U.S.C. § 106,Mandatory Disclosure Summary,9a11572037c6b704c64bdb63459d51ec,Ai_Samples _Ready/08_Executive_Portraits/03_JennifferYellin-0066.jpg,2026-05-06 10:56:46
08_Executive_Portraits,20_KarieDeGraffenreid-0360.jpg,Brett Williams Studios LLC,Brett Williams,100% Chain of Title (Non-Scraped),17 U.S.C. § 106,Mandatory Disclosure Summary,7ebc553c66421f58a201afc51f5dfbc1,Ai_Samples _Ready/08_Executive_Portraits/20_KarieDeGraffenreid-0360.jpg,2026-05-06 10:56:46
08_Executive_Portraits,17_LanaFoladare-0265.jpg,Brett Williams Studios LLC,Brett Williams,100% Chain of Title (Non-Scraped),17 U.S.C. § 106,Mandatory Disclosure Summary,1020bc5bba7d8bda4b7ebca7be1be5c5,Ai_Samples _Ready/08_Executive_Portraits/17_LanaFoladare-0265.jpg,2026-05-06 10:56:46
08_Executive_Portraits,17_LanaFoladare-0271.jpg,Brett Williams Studios LLC,Brett Williams,100% Chain of Title (Non-Scraped),17 U.S.C. § 106,Mandatory Disclosure Summary,803ffd7a3e7d28e81fcd3b823ecaadff,Ai_Samples _Ready/08_Executive_Portraits/17_LanaFoladare-0271.jpg,2026-05-06 10:56:46
08_Executive_Portraits,16_JohnRobles-0257.jpg,Brett Williams Studios LLC,Brett Williams,100% Chain of Title (Non-Scraped),17 U.S.C. § 106,Mandatory Disclosure Summary,53e5d1c39dad4c89aeff347f162c3613,Ai_Samples _Ready/08_Executive_Portraits/16_JohnRobles-0257.jpg,2026-05-06 10:56:46
08_Executive_Portraits,32_ChristinaWarner-0585.jpg,Brett Williams Studios LLC,Brett Williams,100% Chain of Title (Non-Scraped),17 U.S.C. § 106,Mandatory Disclosure Summary,968000b6fbcfdaf358ecf8a5cf8c7125,Ai_Samples _Ready/08_Executive_Portraits/32_ChristinaWarner-0585.jpg,2026-05-06 10:56:46
08_Executive_Portraits,24_OrlandoRamirez-0448.jpg,Brett Williams Studios LLC,Brett Williams,100% Chain of Title (Non-Scraped),17 U.S.C. § 106,Mandatory Disclosure Summary,1977bd773218141744ddc3f3010c9918,Ai_Samples _Ready/08_Executive_Portraits/24_OrlandoRamirez-0448.jpg,2026-05-06 10:56:46
08_Executive_Portraits,32_ChristinaWarner-0587.jpg,Brett Williams Studios LLC,Brett Williams,100% Chain of Title (Non-Scraped),17 U.S.C. § 106,Mandatory Disclosure Summary,959bd374f2f6ddd5c301bebad5fef2a6,Ai_Samples _Ready/08_Executive_Portraits/32_ChristinaWarner-0587.jpg,2026-05-06 10:56:46
08_Executive_Portraits,16_JohnRobles-0255.jpg,Brett Williams Studios LLC,Brett Williams,100% Chain of Title (Non-Scraped),17 U.S.C. § 106,Mandatory Disclosure Summary,2cd10d75d6750340b42b851f9459f6d9,Ai_Samples _Ready/08_Executive_Portraits/16_JohnRobles-0255.jpg,2026-05-06 10:56:46
08_Executive_Portraits,32_ChristinaWarner-0578.jpg,Brett Williams Studios LLC,Brett Williams,100% Chain of Title (Non-Scraped),17 U.S.C. § 106,Mandatory Disclosure Summary,585200ff1db08acf4a55d42657bc25e3,Ai_Samples _Ready/08_Executive_Portraits/32_ChristinaWarner-0578.jpg,2026-05-06 10:56:46
08_Executive_Portraits,29_NateZaleski-0508.jpg,Brett Williams Studios LLC,Brett Williams,100% Chain of Title (Non-Scraped),17 U.S.C. § 106,Mandatory Disclosure Summary,28e06722e56cb7fd5e0761ad2050321e,Ai_Samples _Ready/08_Executive_Portraits/29_NateZaleski-0508.jpg,2026-05-06 10:56:46
08_Executive_Portraits,03_JennifferYellin-0058.jpg,Brett Williams Studios LLC,Brett Williams,100% Chain of Title (Non-Scraped),17 U.S.C. § 106,Mandatory Disclosure Summary,e6fd8bd69a73e4826e430db98bc9e523,Ai_Samples _Ready/08_Executive_Portraits/03_JennifferYellin-0058.jpg,2026-05-06 10:56:46
08_Executive_Portraits,17_LanaFoladare-0267.jpg,Brett Williams Studios LLC,Brett Williams,100% Chain of Title (Non-Scraped),17 U.S.C. § 106,Mandatory Disclosure Summary,301061c0aa64702cd0f08b44383a8196,Ai_Samples _Ready/08_Executive_Portraits/17_LanaFoladare-0267.jpg,2026-05-06 10:56:46
08_Executive_Portraits,03_JennifferYellin-0064.jpg,Brett Williams Studios LLC,Brett Williams,100% Chain of Title (Non-Scraped),17 U.S.C. § 106,Mandatory Disclosure Summary,9467a24e62208a8af7b292b30e353816,Ai_Samples _Ready/08_Executive_Portraits/03_JennifferYellin-0064.jpg,2026-05-06 10:56:46
08_Executive_Portraits,03_JennifferYellin-0070.jpg,Brett Williams Studios LLC,Brett Williams,100% Chain of Title (Non-Scraped),17 U.S.C. § 106,Mandatory Disclosure Summary,c89b2b695943321b82afeef313a3a8d4,Ai_Samples _Ready/08_Executive_Portraits/03_JennifferYellin-0070.jpg,2026-05-06 10:56:46
08_Executive_Portraits,49_GaryRinedollar-0855.jpg,Brett Williams Studios LLC,Brett Williams,100% Chain of Title (Non-Scraped),17 U.S.C. § 106,Mandatory Disclosure Summary,dfa1462cd181ab970b02af094d779f57,Ai_Samples _Ready/08_Executive_Portraits/49_GaryRinedollar-0855.jpg,2026-05-06 10:56:46
08_Executive_Portraits,64_StaceyEpstein-1090.jpg,Brett Williams Studios LLC,Brett Williams,100% Chain of Title (Non-Scraped),17 U.S.C. § 106,Mandatory Disclosure Summary,83ae01de1309f3d08b575c3601442f69,Ai_Samples _Ready/08_Executive_Portraits/64_StaceyEpstein-1090.jpg,2026-05-06 10:56:46
08_Executive_Portraits,15_SteveNava-0239.jpg,Brett Williams Studios LLC,Brett Williams,100% Chain of Title (Non-Scraped),17 U.S.C. § 106,Mandatory Disclosure Summary,2a497adf086d83612254444d7b385515,Ai_Samples _Ready/08_Executive_Portraits/15_SteveNava-0239.jpg,2026-05-06 10:56:46
08_Executive_Portraits,57_ThomasIlic-0990.jpg,Brett Williams Studios LLC,Brett Williams,100% Chain of Title (Non-Scraped),17 U.S.C. § 106,Mandatory Disclosure Summary,7c8503df4f81a59097e5f92b69bc295f,Ai_Samples _Ready/08_Executive_Portraits/57_ThomasIlic-0990.jpg,2026-05-06 10:56:46
08_Executive_Portraits,40_LeoRota-0677.jpg,Brett Williams Studios LLC,Brett Williams,100% Chain of Title (Non-Scraped),17 U.S.C. § 106,Mandatory Disclosure Summary,e9ddcb762686dc7b45cf7a0152b3e5e1,Ai_Samples _Ready/08_Executive_Portraits/40_LeoRota-0677.jpg,2026-05-06 10:56:46
08_Executive_Portraits,10_HeatherGodek-0154.jpg,Brett Williams Studios LLC,Brett Williams,100% Chain of Title (Non-Scraped),17 U.S.C. § 106,Mandatory Disclosure Summary,682c5bb454c94a2f7d28d953b9f9a2d4,Ai_Samples _Ready/08_Executive_Portraits/10_HeatherGodek-0154.jpg,2026-05-06 10:56:46
08_Executive_Portraits,19_PaigeKarno-0402.jpg,Brett Williams Studios LLC,Brett Williams,100% Chain of Title (Non-Scraped),17 U.S.C. § 106,Mandatory Disclosure Summary,865d5199c40df96b8cb605f8eabc5086,Ai_Samples _Ready/08_Executive_Portraits/19_PaigeKarno-0402.jpg,2026-05-06 10:56:46
08_Executive_Portraits,40_LeoRota-0688.jpg,Brett Williams Studios LLC,Brett Williams,100% Chain of Title (Non-Scraped),17 U.S.C. § 106,Mandatory Disclosure Summary,4309548c2cc66a77420fadcef403a191,Ai_Samples _Ready/08_Executive_Portraits/40_LeoRota-0688.jpg,2026-05-06 10:56:46
08_Executive_Portraits,59_YiuTingLau-1014.jpg,Brett Williams Studios LLC,Brett Williams,100% Chain of Title (Non-Scraped),17 U.S.C. § 106,Mandatory Disclosure Summary,9cf51377638f9739545aef67ed9aa5cc,Ai_Samples _Ready/08_Executive_Portraits/59_YiuTingLau-1014.jpg,2026-05-06 10:56:46
08_Executive_Portraits,62_VasuprakashJinka-1065.jpg,Brett Williams Studios LLC,Brett Williams,100% Chain of Title (Non-Scraped),17 U.S.C. § 106,Mandatory Disclosure Summary,fbfde98acf8eba2c09b13ae42b6aed20,Ai_Samples _Ready/08_Executive_Portraits/62_VasuprakashJinka-1065.jpg,2026-05-06 10:56:46
08_Executive_Portraits,62_VasuprakashJinka-1059.jpg,Brett Williams Studios LLC,Brett Williams,100% Chain of Title (Non-Scraped),17 U.S.C. § 106,Mandatory Disclosure Summary,5a13d4e037fe0b48b7a9cf01e866426e,Ai_Samples _Ready/08_Executive_Portraits/62_VasuprakashJinka-1059.jpg,2026-05-06 10:56:46
08_Executive_Portraits,14_GillianComito-0221.jpg,Brett Williams Studios LLC,Brett Williams,100% Chain of Title (Non-Scraped),17 U.S.C. § 106,Mandatory Disclosure Summary,a0df97495245460fab4f39732e66918d,Ai_Samples _Ready/08_Executive_Portraits/14_GillianComito-0221.jpg,2026-05-06 10:56:46
08_Executive_Portraits,14_GillianComito-0235.jpg,Brett Williams Studios LLC,Brett Williams,100% Chain of Title (Non-Scraped),17 U.S.C. § 106,Mandatory Disclosure Summary,50f1f4ca7d242ccb0ac116b22b23bdc7,Ai_Samples _Ready/08_Executive_Portraits/14_GillianComito-0235.jpg,2026-05-06 10:56:46
08_Executive_Portraits,12_TimothyBowen-0198.jpg,Brett Williams Studios LLC,Brett Williams,100% Chain of Title (Non-Scraped),17 U.S.C. § 106,Mandatory Disclosure Summary,7b61f05df6de63a77350b400bdbc7954,Ai_Samples _Ready/08_Executive_Portraits/12_TimothyBowen-0198.jpg,2026-05-06 10:56:46
08_Executive_Portraits,25_AllanAlexopulos-0453.jpg,Brett Williams Studios LLC,Brett Williams,100% Chain of Title (Non-Scraped),17 U.S.C. § 106,Mandatory Disclosure Summary,d232f2db935521400e2f561827a26e95,Ai_Samples _Ready/08_Executive_Portraits/25_AllanAlexopulos-0453.jpg,2026-05-06 10:56:46
08_Executive_Portraits,48_ChrisThompson-0843.jpg,Brett Williams Studios LLC,Brett Williams,100% Chain of Title (Non-Scraped),17 U.S.C. § 106,Mandatory Disclosure Summary,26ca989a40f7b329d64e285f28076553,Ai_Samples _Ready/08_Executive_Portraits/48_ChrisThompson-0843.jpg,2026-05-06 10:56:46
08_Executive_Portraits,07_LaddLaird-0116.jpg,Brett Williams Studios LLC,Brett Williams,100% Chain of Title (Non-Scraped),17 U.S.C. § 106,Mandatory Disclosure Summary,2fc7764fc60fea80b8c9bc355380d12f,Ai_Samples _Ready/08_Executive_Portraits/07_LaddLaird-0116.jpg,2026-05-06 10:56:46
08_Executive_Portraits,36_ParkerGeorge-0629.jpg,Brett Williams Studios LLC,Brett Williams,100% Chain of Title (Non-Scraped),17 U.S.C. § 106,Mandatory Disclosure Summary,a539fa1d95c163672ac0737a8a678272,Ai_Samples _Ready/08_Executive_Portraits/36_ParkerGeorge-0629.jpg,2026-05-06 10:56:46
08_Executive_Portraits,36_ParkerGeorge-0628.jpg,Brett Williams Studios LLC,Brett Williams,100% Chain of Title (Non-Scraped),17 U.S.C. § 106,Mandatory Disclosure Summary,be76d9432bae335535b5029b6e5ddabc,Ai_Samples _Ready/08_Executive_Portraits/36_ParkerGeorge-0628.jpg,2026-05-06 10:56:46
08_Executive_Portraits,48_ChrisThompson-0842.jpg,Brett Williams Studios LLC,Brett Williams,100% Chain of Title (Non-Scraped),17 U.S.C. § 106,Mandatory Disclosure Summary,8b0e7ff176765194a8d65a4a5baf2553,Ai_Samples _Ready/08_Executive_Portraits/48_ChrisThompson-0842.jpg,2026-05-06 10:56:46
08_Executive_Portraits,25_AllanAlexopulos-0452.jpg,Brett Williams Studios LLC,Brett Williams,100% Chain of Title (Non-Scraped),17 U.S.C. § 106,Mandatory Disclosure Summary,88f0148e2ccfe9a162a9ccb0386f0daf,Ai_Samples _Ready/08_Executive_Portraits/25_AllanAlexopulos-0452.jpg,2026-05-06 10:56:46
08_Executive_Portraits,45_ShannonRevolinski-0784.jpg,Brett Williams Studios LLC,Brett Williams,100% Chain of Title (Non-Scraped),17 U.S.C. § 106,Mandatory Disclosure Summary,a0fbcdfeb7abd0110b9689f377e43aff,Ai_Samples _Ready/08_Executive_Portraits/45_ShannonRevolinski-0784.jpg,2026-05-06 10:56:46
08_Executive_Portraits,21_TomStille-0378.jpg,Brett Williams Studios LLC,Brett Williams,100% Chain of Title (Non-Scraped),17 U.S.C. § 106,Mandatory Disclosure Summary,6fd83b9a476a11fb7717de6639881636,Ai_Samples _Ready/08_Executive_Portraits/21_TomStille-0378.jpg,2026-05-06 10:56:46
08_Executive_Portraits,14_GillianComito-0234.jpg,Brett Williams Studios LLC,Brett Williams,100% Chain of Title (Non-Scraped),17 U.S.C. § 106,Mandatory Disclosure Summary,3acd5cadc0d6dc767ff5181205d17467,Ai_Samples _Ready/08_Executive_Portraits/14_GillianComito-0234.jpg,2026-05-06 10:56:46
08_Executive_Portraits,14_GillianComito-0220.jpg,Brett Williams Studios LLC,Brett Williams,100% Chain of Title (Non-Scraped),17 U.S.C. § 106,Mandatory Disclosure Summary,63d11919d2748a1102d055061b3d1fb9,Ai_Samples _Ready/08_Executive_Portraits/14_GillianComito-0220.jpg,2026-05-06 10:56:46
08_Executive_Portraits,62_VasuprakashJinka-1058.jpg,Brett Williams Studios LLC,Brett Williams,100% Chain of Title (Non-Scraped),17 U.S.C. § 106,Mandatory Disclosure Summary,6baf65341dd6adba2d424b2bc042f540,Ai_Samples _Ready/08_Executive_Portraits/62_VasuprakashJinka-1058.jpg,2026-05-06 10:56:46
08_Executive_Portraits,40_LeoRota-0689.jpg,Brett Williams Studios LLC,Brett Williams,100% Chain of Title (Non-Scraped),17 U.S.C. § 106,Mandatory Disclosure Summary,4c14436bd9adf9b2e724be05530264f8,Ai_Samples _Ready/08_Executive_Portraits/40_LeoRota-0689.jpg,2026-05-06 10:56:46
08_Executive_Portraits,19_PaigeKarno-0403.jpg,Brett Williams Studios LLC,Brett Williams,100% Chain of Title (Non-Scraped),17 U.S.C. § 106,Mandatory Disclosure Summary,626acb237ac51b378570071effdd897d,Ai_Samples _Ready/08_Executive_Portraits/19_PaigeKarno-0403.jpg,2026-05-06 10:56:46
08_Executive_Portraits,40_LeoRota-0676.jpg,Brett Williams Studios LLC,Brett Williams,100% Chain of Title (Non-Scraped),17 U.S.C. § 106,Mandatory Disclosure Summary,8e1046dbbbdb147ea74c3e6fb1869c36,Ai_Samples _Ready/08_Executive_Portraits/40_LeoRota-0676.jpg,2026-05-06 10:56:46
08_Executive_Portraits,10_HeatherGodek-0155.jpg,Brett Williams Studios LLC,Brett Williams,100% Chain of Title (Non-Scraped),17 U.S.C. § 106,Mandatory Disclosure Summary,1caa8afbbfda1b30249676ea18c0eb6a,Ai_Samples _Ready/08_Executive_Portraits/10_HeatherGodek-0155.jpg,2026-05-06 10:56:46
08_Executive_Portraits,51_MattHurst-0875.jpg,Brett Williams Studios LLC,Brett Williams,100% Chain of Title (Non-Scraped),17 U.S.C. § 106,Mandatory Disclosure Summary,b333025e58a57044dbc30e2eb601a1bf,Ai_Samples _Ready/08_Executive_Portraits/51_MattHurst-0875.jpg,2026-05-06 10:56:46
08_Executive_Portraits,57_ThomasIlic-0991.jpg,Brett Williams Studios LLC,Brett Williams,100% Chain of Title (Non-Scraped),17 U.S.C. § 106,Mandatory Disclosure Summary,67c9ce592156bfdba538bb044e707a05,Ai_Samples _Ready/08_Executive_Portraits/57_ThomasIlic-0991.jpg,2026-05-06 10:56:46
08_Executive_Portraits,15_SteveNava-0238.jpg,Brett Williams Studios LLC,Brett Williams,100% Chain of Title (Non-Scraped),17 U.S.C. § 106,Mandatory Disclosure Summary,70bf4f183972f3c9ce34b7a87ad7e31c,Ai_Samples _Ready/08_Executive_Portraits/15_SteveNava-0238.jpg,2026-05-06 10:56:46
08_Executive_Portraits,50_EricParrott-0861.jpg,Brett Williams Studios LLC,Brett Williams,100% Chain of Title (Non-Scraped),17 U.S.C. § 106,Mandatory Disclosure Summary,af3189c35efc883e1ceb4553c4be0030,Ai_Samples _Ready/08_Executive_Portraits/50_EricParrott-0861.jpg,2026-05-06 10:56:46
08_Executive_Portraits,64_StaceyEpstein-1091.jpg,Brett Williams Studios LLC,Brett Williams,100% Chain of Title (Non-Scraped),17 U.S.C. § 106,Mandatory Disclosure Summary,710a9a0979dfa06866b7145221376955,Ai_Samples _Ready/08_Executive_Portraits/64_StaceyEpstein-1091.jpg,2026-05-06 10:56:46
08_Executive_Portraits,49_GaryRinedollar-0854.jpg,Brett Williams Studios LLC,Brett Williams,100% Chain of Title (Non-Scraped),17 U.S.C. § 106,Mandatory Disclosure Summary,75e672d626983197a21c5ec61d53cc25,Ai_Samples _Ready/08_Executive_Portraits/49_GaryRinedollar-0854.jpg,2026-05-06 10:56:46
08_Executive_Portraits,41_JeffNoble-0701.jpg,Brett Williams Studios LLC,Brett Williams,100% Chain of Title (Non-Scraped),17 U.S.C. § 106,Mandatory Disclosure Summary,7f62fc96866db7c0e7d036d347979f9e,Ai_Samples _Ready/08_Executive_Portraits/41_JeffNoble-0701.jpg,2026-05-06 10:56:46
08_Executive_Portraits,03_JennifferYellin-0071.jpg,Brett Williams Studios LLC,Brett Williams,100% Chain of Title (Non-Scraped),17 U.S.C. § 106,Mandatory Disclosure Summary,b8900bbac2614a63e31bce463ffa1fec,Ai_Samples _Ready/08_Executive_Portraits/03_JennifferYellin-0071.jpg,2026-05-06 10:56:46
08_Executive_Portraits,17_LanaFoladare-0272.jpg,Brett Williams Studios LLC,Brett Williams,100% Chain of Title (Non-Scraped),17 U.S.C. § 106,Mandatory Disclosure Summary,2d5968d1eae388e3b6668ffc115bb3a4,Ai_Samples _Ready/08_Executive_Portraits/17_LanaFoladare-0272.jpg,2026-05-06 10:56:46
08_Executive_Portraits,17_LanaFoladare-0266.jpg,Brett Williams Studios LLC,Brett Williams,100% Chain of Title (Non-Scraped),17 U.S.C. § 106,Mandatory Disclosure Summary,8a39efad52cb50135878e1d1e457d742,Ai_Samples _Ready/08_Executive_Portraits/17_LanaFoladare-0266.jpg,2026-05-06 10:56:46
08_Executive_Portraits,20_KarieDeGraffenreid-0363.jpg,Brett Williams Studios LLC,Brett Williams,100% Chain of Title (Non-Scraped),17 U.S.C. § 106,Mandatory Disclosure Summary,1cfe135e8cf104f2f4492554e48a3683,Ai_Samples _Ready/08_Executive_Portraits/20_KarieDeGraffenreid-0363.jpg,2026-05-06 10:56:46
08_Executive_Portraits,04_MATTHEWBREWER-0074.jpg,Brett Williams Studios LLC,Brett Williams,100% Chain of Title (Non-Scraped),17 U.S.C. § 106,Mandatory Disclosure Summary,075241479210f32cff753a8e3892e613,Ai_Samples _Ready/08_Executive_Portraits/04_MATTHEWBREWER-0074.jpg,2026-05-06 10:56:46
08_Executive_Portraits,03_JennifferYellin-0059.jpg,Brett Williams Studios LLC,Brett Williams,100% Chain of Title (Non-Scraped),17 U.S.C. § 106,Mandatory Disclosure Summary,70e6c3125c2fd9cf5c09638499df8118,Ai_Samples _Ready/08_Executive_Portraits/03_JennifferYellin-0059.jpg,2026-05-06 10:56:46
08_Executive_Portraits,32_ChristinaWarner-0579.jpg,Brett Williams Studios LLC,Brett Williams,100% Chain of Title (Non-Scraped),17 U.S.C. § 106,Mandatory Disclosure Summary,6c02962d761a5c11e012b0cc1f24f1da,Ai_Samples _Ready/08_Executive_Portraits/32_ChristinaWarner-0579.jpg,2026-05-06 10:56:46
08_Executive_Portraits,29_NateZaleski-0509.jpg,Brett Williams Studios LLC,Brett Williams,100% Chain of Title (Non-Scraped),17 U.S.C. § 106,Mandatory Disclosure Summary,a2676c84e76d4979b009fb50199f9146,Ai_Samples _Ready/08_Executive_Portraits/29_NateZaleski-0509.jpg,2026-05-06 10:56:46
08_Executive_Portraits,16_JohnRobles-0254.jpg,Brett Williams Studios LLC,Brett Williams,100% Chain of Title (Non-Scraped),17 U.S.C. § 106,Mandatory Disclosure Summary,d0fec78ec6dd05cb0f51ff9ff074b100,Ai_Samples _Ready/08_Executive_Portraits/16_JohnRobles-0254.jpg,2026-05-06 10:56:46
08_Executive_Portraits,32_ChristinaWarner-0586.jpg,Brett Williams Studios LLC,Brett Williams,100% Chain of Title (Non-Scraped),17 U.S.C. § 106,Mandatory Disclosure Summary,8fd99eaf8bbf057eedb509284587ae03,Ai_Samples _Ready/08_Executive_Portraits/32_ChristinaWarner-0586.jpg,2026-05-06 10:56:46
08_Executive_Portraits,06_BrianMajor-0108.jpg,Brett Williams Studios LLC,Brett Williams,100% Chain of Title (Non-Scraped),17 U.S.C. § 106,Mandatory Disclosure Summary,ac3241c5184aa48c3c2801b4ab324348,Ai_Samples _Ready/08_Executive_Portraits/06_BrianMajor-0108.jpg,2026-05-06 10:56:46
05_Teen_Fashion (25_JPEGS):,DSC_3840.jpg,Brett Williams Studios LLC,Brett Williams,100% Chain of Title (Non-Scraped),17 U.S.C. § 106,Mandatory Disclosure Summary,d0b8d70406b769e95c23ec225348a010,Ai_Samples _Ready/05_Teen_Fashion (25_JPEGS):/DSC_3840.jpg,2026-05-06 10:56:46
05_Teen_Fashion (25_JPEGS):,DSC_4234.jpg,Brett Williams Studios LLC,Brett Williams,100% Chain of Title (Non-Scraped),17 U.S.C. § 106,Mandatory Disclosure Summary,6daa02a626af9772dfc8602991668a13,Ai_Samples _Ready/05_Teen_Fashion (25_JPEGS):/DSC_4234.jpg,2026-05-06 10:56:46
05_Teen_Fashion (25_JPEGS):,DSC_4383.jpg,Brett Williams Studios LLC,Brett Williams,100% Chain of Title (Non-Scraped),17 U.S.C. § 106,Mandatory Disclosure Summary,852258b70244634336635422c9255eb2,Ai_Samples _Ready/05_Teen_Fashion (25_JPEGS):/DSC_4383.jpg,2026-05-06 10:56:46
05_Teen_Fashion (25_JPEGS):,DSC_4169.jpg,Brett Williams Studios LLC,Brett Williams,100% Chain of Title (Non-Scraped),17 U.S.C. § 106,Mandatory Disclosure Summary,9ceeeafa68367e3f88a5d7f67fe4bfb8,Ai_Samples _Ready/05_Teen_Fashion (25_JPEGS):/DSC_4169.jpg,2026-05-06 10:56:46
05_Teen_Fashion (25_JPEGS):,DSC_4384.jpg,Brett Williams Studios LLC,Brett Williams,100% Chain of Title (Non-Scraped),17 U.S.C. § 106,Mandatory Disclosure Summary,d6b779c15866771d20786ce3c3c43b34,Ai_Samples _Ready/05_Teen_Fashion (25_JPEGS):/DSC_4384.jpg,2026-05-06 10:56:46
05_Teen_Fashion (25_JPEGS):,DSC_4233.jpg,Brett Williams Studios LLC,Brett Williams,100% Chain of Title (Non-Scraped),17 U.S.C. § 106,Mandatory Disclosure Summary,8c79ecce04e7ec54307b4bdc6b150b93,Ai_Samples _Ready/05_Teen_Fashion (25_JPEGS):/DSC_4233.jpg,2026-05-06 10:56:46
05_Teen_Fashion (25_JPEGS):,DSC_4780.jpg,Brett Williams Studios LLC,Brett Williams,100% Chain of Title (Non-Scraped),17 U.S.C. § 106,Mandatory Disclosure Summary,811fbff4242b6a7d58bff62111deaab1,Ai_Samples _Ready/05_Teen_Fashion (25_JPEGS):/DSC_4780.jpg,2026-05-06 10:56:46
05_Teen_Fashion (25_JPEGS):,DSC_3944.jpg,Brett Williams Studios LLC,Brett Williams,100% Chain of Title (Non-Scraped),17 U.S.C. § 106,Mandatory Disclosure Summary,6db4ea2aa57c82dbe474a4e4f2bea071,Ai_Samples _Ready/05_Teen_Fashion (25_JPEGS):/DSC_3944.jpg,2026-05-06 10:56:46
05_Teen_Fashion (25_JPEGS):,DSC_5073.jpg,Brett Williams Studios LLC,Brett Williams,100% Chain of Title (Non-Scraped),17 U.S.C. § 106,Mandatory Disclosure Summary,fa47adde077a67bd2a5173c2e77622b5,Ai_Samples _Ready/05_Teen_Fashion (25_JPEGS):/DSC_5073.jpg,2026-05-06 10:56:46
05_Teen_Fashion (25_JPEGS):,DSC_3619.jpg,Brett Williams Studios LLC,Brett Williams,100% Chain of Title (Non-Scraped),17 U.S.C. § 106,Mandatory Disclosure Summary,57e8ac6b7d958b267d529ef2668a3ac5,Ai_Samples _Ready/05_Teen_Fashion (25_JPEGS):/DSC_3619.jpg,2026-05-06 10:56:46
05_Teen_Fashion (25_JPEGS):,DSC_4567.jpg,Brett Williams Studios LLC,Brett Williams,100% Chain of Title (Non-Scraped),17 U.S.C. § 106,Mandatory Disclosure Summary,17032e6a7a59e655b8a25b39d2752219,Ai_Samples _Ready/05_Teen_Fashion (25_JPEGS):/DSC_4567.jpg,2026-05-06 10:56:46
05_Teen_Fashion (25_JPEGS):,DSC_5243.jpg,Brett Williams Studios LLC,Brett Williams,100% Chain of Title (Non-Scraped),17 U.S.C. § 106,Mandatory Disclosure Summary,3ce42eca81253171aca770f397158c31,Ai_Samples _Ready/05_Teen_Fashion (25_JPEGS):/DSC_5243.jpg,2026-05-06 10:56:46
05_Teen_Fashion (25_JPEGS):,DSC_4809.jpg,Brett Williams Studios LLC,Brett Williams,100% Chain of Title (Non-Scraped),17 U.S.C. § 106,Mandatory Disclosure Summary,f39e651c171c1d7adc444516ebed9b90,Ai_Samples _Ready/05_Teen_Fashion (25_JPEGS):/DSC_4809.jpg,2026-05-06 10:56:46
05_Teen_Fashion (25_JPEGS):,DSC_4010.jpg,Brett Williams Studios LLC,Brett Williams,100% Chain of Title (Non-Scraped),17 U.S.C. § 106,Mandatory Disclosure Summary,fdbb8e2c21b5aae9fe904118d83af615,Ai_Samples _Ready/05_Teen_Fashion (25_JPEGS):/DSC_4010.jpg,2026-05-06 10:56:46
05_Teen_Fashion (25_JPEGS):,DSC_3352.jpg,Brett Williams Studios LLC,Brett Williams,100% Chain of Title (Non-Scraped),17 U.S.C. § 106,Mandatory Disclosure Summary,f06fb01a1668d57263962b4b619b45ca,Ai_Samples _Ready/05_Teen_Fashion (25_JPEGS):/DSC_3352.jpg,2026-05-06 10:56:46
05_Teen_Fashion (25_JPEGS):,DSC_3420.jpg,Brett Williams Studios LLC,Brett Williams,100% Chain of Title (Non-Scraped),17 U.S.C. § 106,Mandatory Disclosure Summary,f07b5b5b1e7d95ac65ed075a8164ac34,Ai_Samples _Ready/05_Teen_Fashion (25_JPEGS):/DSC_3420.jpg,2026-05-06 10:56:46
05_Teen_Fashion (25_JPEGS):,DSC_3811.jpg,Brett Williams Studios LLC,Brett Williams,100% Chain of Title (Non-Scraped),17 U.S.C. § 106,Mandatory Disclosure Summary,2bdae9dcd35016af9a9450c86961c14e,Ai_Samples _Ready/05_Teen_Fashion (25_JPEGS):/DSC_3811.jpg,2026-05-06 10:56:46
05_Teen_Fashion (25_JPEGS):,DSC_5126.jpg,Brett Williams Studios LLC,Brett Williams,100% Chain of Title (Non-Scraped),17 U.S.C. § 106,Mandatory Disclosure Summary,83acbb205024c87785d1733e87ebe554,Ai_Samples _Ready/05_Teen_Fashion (25_JPEGS):/DSC_5126.jpg,2026-05-06 10:56:46
05_Teen_Fashion (25_JPEGS):,DSC_4520 2.jpg,Brett Williams Studios LLC,Brett Williams,100% Chain of Title (Non-Scraped),17 U.S.C. § 106,Mandatory Disclosure Summary,4a21460c83f32f20837f61ad20badbe1,Ai_Samples _Ready/05_Teen_Fashion (25_JPEGS):/DSC_4520 2.jpg,2026-05-06 10:56:46
05_Teen_Fashion (25_JPEGS):,DSC_4464.jpg,Brett Williams Studios LLC,Brett Williams,100% Chain of Title (Non-Scraped),17 U.S.C. § 106,Mandatory Disclosure Summary,a678e98b3b43ae4f246f29b2c515151a,Ai_Samples _Ready/05_Teen_Fashion (25_JPEGS):/DSC_4464.jpg,2026-05-06 10:56:46
05_Teen_Fashion (25_JPEGS):,DSC_3686.jpg,Brett Williams Studios LLC,Brett Williams,100% Chain of Title (Non-Scraped),17 U.S.C. § 106,Mandatory Disclosure Summary,d95287e9f4c672baabc862444794f4f5,Ai_Samples _Ready/05_Teen_Fashion (25_JPEGS):/DSC_3686.jpg,2026-05-06 10:56:46
05_Teen_Fashion (25_JPEGS):,DSC_3719.jpg,Brett Williams Studios LLC,Brett Williams,100% Chain of Title (Non-Scraped),17 U.S.C. § 106,Mandatory Disclosure Summary,8181fa9e1c7fd57963621d18b075a4f5,Ai_Samples _Ready/05_Teen_Fashion (25_JPEGS):/DSC_3719.jpg,2026-05-06 10:56:46
05_Teen_Fashion (25_JPEGS):,DSC_5225.jpg,Brett Williams Studios LLC,Brett Williams,100% Chain of Title (Non-Scraped),17 U.S.C. § 106,Mandatory Disclosure Summary,60927f04f6dd74464844e4a18918c771,Ai_Samples _Ready/05_Teen_Fashion (25_JPEGS):/DSC_5225.jpg,2026-05-06 10:56:46
05_Teen_Fashion (25_JPEGS):,DSC_3495.jpg,Brett Williams Studios LLC,Brett Williams,100% Chain of Title (Non-Scraped),17 U.S.C. § 106,Mandatory Disclosure Summary,6f52fa6a1f4112fd10853995ff6436e0,Ai_Samples _Ready/05_Teen_Fashion (25_JPEGS):/DSC_3495.jpg,2026-05-06 10:56:46
05_Teen_Fashion (25_JPEGS):,DSC_3293.jpg,Brett Williams Studios LLC,Brett Williams,100% Chain of Title (Non-Scraped),17 U.S.C. § 106,Mandatory Disclosure Summary,e9da336b6bdc5c2f03531964de9262fc,Ai_Samples _Ready/05_Teen_Fashion (25_JPEGS):/DSC_3293.jpg,2026-05-06 10:56:46
13_FootWear_shoes,DSC_0970.jpg,Brett Williams Studios LLC,Brett Williams,100% Chain of Title (Non-Scraped),17 U.S.C. § 106,Mandatory Disclosure Summary,6a0fb7a431cec2f84003331cfb1dbe36,Ai_Samples _Ready/13_FootWear_shoes/DSC_0970.jpg,2026-05-06 10:56:46
13_FootWear_shoes,DSC_0967.jpg,Brett Williams Studios LLC,Brett Williams,100% Chain of Title (Non-Scraped),17 U.S.C. § 106,Mandatory Disclosure Summary,f52a013814c58115bb77fa5ee3b8dc7b,Ai_Samples _Ready/13_FootWear_shoes/DSC_0967.jpg,2026-05-06 10:56:46
13_FootWear_shoes,DSC_0989.jpg,Brett Williams Studios LLC,Brett Williams,100% Chain of Title (Non-Scraped),17 U.S.C. § 106,Mandatory Disclosure Summary,228d6da8a631b3e69ba4730ecff2282d,Ai_Samples _Ready/13_FootWear_shoes/DSC_0989.jpg,2026-05-06 10:56:46
13_FootWear_shoes,DSC_0976.jpg,Brett Williams Studios LLC,Brett Williams,100% Chain of Title (Non-Scraped),17 U.S.C. § 106,Mandatory Disclosure Summary,db2d5d016fc92c50e5eae5d7c72b3c48,Ai_Samples _Ready/13_FootWear_shoes/DSC_0976.jpg,2026-05-06 10:56:46
13_FootWear_shoes,DSC_1063.jpg,Brett Williams Studios LLC,Brett Williams,100% Chain of Title (Non-Scraped),17 U.S.C. § 106,Mandatory Disclosure Summary,89ac1e0cb4f56c30284d35c51a852a81,Ai_Samples _Ready/13_FootWear_shoes/DSC_1063.jpg,2026-05-06 10:56:46
13_FootWear_shoes,DSC_0974.jpg,Brett Williams Studios LLC,Brett Williams,100% Chain of Title (Non-Scraped),17 U.S.C. § 106,Mandatory Disclosure Summary,dbde59607407e780e6799a21987171bc,Ai_Samples _Ready/13_FootWear_shoes/DSC_0974.jpg,2026-05-06 10:56:46
13_FootWear_shoes,DSC_0975.jpg,Brett Williams Studios LLC,Brett Williams,100% Chain of Title (Non-Scraped),17 U.S.C. § 106,Mandatory Disclosure Summary,c61c146f0502137bae2e483d02461c8c,Ai_Samples _Ready/13_FootWear_shoes/DSC_0975.jpg,2026-05-06 10:56:46
13_FootWear_shoes,DSC_0907.jpg,Brett Williams Studios LLC,Brett Williams,100% Chain of Title (Non-Scraped),17 U.S.C. § 106,Mandatory Disclosure Summary,dd29a2decb349e09ce859b0ddfbcdd4a,Ai_Samples _Ready/13_FootWear_shoes/DSC_0907.jpg,2026-05-06 10:56:46
13_FootWear_shoes,DSC_1004.jpg,Brett Williams Studios LLC,Brett Williams,100% Chain of Title (Non-Scraped),17 U.S.C. § 106,Mandatory Disclosure Summary,a40dbb387afcbc006090d528c46ff054,Ai_Samples _Ready/13_FootWear_shoes/DSC_1004.jpg,2026-05-06 10:56:46
13_FootWear_shoes,DSC_0911.jpg,Brett Williams Studios LLC,Brett Williams,100% Chain of Title (Non-Scraped),17 U.S.C. § 106,Mandatory Disclosure Summary,80726d589ef8a914f829be07fc958e3d,Ai_Samples _Ready/13_FootWear_shoes/DSC_0911.jpg,2026-05-06 10:56:46
13_FootWear_shoes,DSC_0910.jpg,Brett Williams Studios LLC,Brett Williams,100% Chain of Title (Non-Scraped),17 U.S.C. § 106,Mandatory Disclosure Summary,4d553e6c256e5065005219ae2a216e2a,Ai_Samples _Ready/13_FootWear_shoes/DSC_0910.jpg,2026-05-06 10:56:46
13_FootWear_shoes,DSC_1011.jpg,Brett Williams Studios LLC,Brett Williams,100% Chain of Title (Non-Scraped),17 U.S.C. § 106,Mandatory Disclosure Summary,dcf22034e5b40f30e68858eb4b4d6961,Ai_Samples _Ready/13_FootWear_shoes/DSC_1011.jpg,2026-05-06 10:56:46
13_FootWear_shoes,DSC_1001.jpg,Brett Williams Studios LLC,Brett Williams,100% Chain of Title (Non-Scraped),17 U.S.C. § 106,Mandatory Disclosure Summary,cb4fcc09476aa12e912ebb9417844460,Ai_Samples _Ready/13_FootWear_shoes/DSC_1001.jpg,2026-05-06 10:56:46
13_FootWear_shoes,DSC_0914.jpg,Brett Williams Studios LLC,Brett Williams,100% Chain of Title (Non-Scraped),17 U.S.C. § 106,Mandatory Disclosure Summary,09235979b9972c3210d01fb07c7456d2,Ai_Samples _Ready/13_FootWear_shoes/DSC_0914.jpg,2026-05-06 10:56:46
13_FootWear_shoes,DSC_1002.jpg,Brett Williams Studios LLC,Brett Williams,100% Chain of Title (Non-Scraped),17 U.S.C. § 106,Mandatory Disclosure Summary,d4b9c7888f387b19abec4940190bdb8b,Ai_Samples _Ready/13_FootWear_shoes/DSC_1002.jpg,2026-05-06 10:56:46
13_FootWear_shoes,DSC_1016.jpg,Brett Williams Studios LLC,Brett Williams,100% Chain of Title (Non-Scraped),17 U.S.C. § 106,Mandatory Disclosure Summary,2748922f74d3fc9a75c86b6fea85601d,Ai_Samples _Ready/13_FootWear_shoes/DSC_1016.jpg,2026-05-06 10:56:46
13_FootWear_shoes,DSC_1032.jpg,Brett Williams Studios LLC,Brett Williams,100% Chain of Title (Non-Scraped),17 U.S.C. § 106,Mandatory Disclosure Summary,7d20ab73a61b2baa24164abca4d0c4dd,Ai_Samples _Ready/13_FootWear_shoes/DSC_1032.jpg,2026-05-06 10:56:46
13_FootWear_shoes,DSC_0927.jpg,Brett Williams Studios LLC,Brett Williams,100% Chain of Title (Non-Scraped),17 U.S.C. § 106,Mandatory Disclosure Summary,34fe78b814bad3a56012a6bf31cce53c,Ai_Samples _Ready/13_FootWear_shoes/DSC_0927.jpg,2026-05-06 10:56:46
13_FootWear_shoes,DSC_0926.jpg,Brett Williams Studios LLC,Brett Williams,100% Chain of Title (Non-Scraped),17 U.S.C. § 106,Mandatory Disclosure Summary,bc2e1bf75deb0768fb0c96f8d4e9e125,Ai_Samples _Ready/13_FootWear_shoes/DSC_0926.jpg,2026-05-06 10:56:46
13_FootWear_shoes,DSC_1025.jpg,Brett Williams Studios LLC,Brett Williams,100% Chain of Title (Non-Scraped),17 U.S.C. § 106,Mandatory Disclosure Summary,2c09c7152cc94d732ddb9a64f2c21a0b,Ai_Samples _Ready/13_FootWear_shoes/DSC_1025.jpg,2026-05-06 10:56:46
13_FootWear_shoes,DSC_1020.jpg,Brett Williams Studios LLC,Brett Williams,100% Chain of Title (Non-Scraped),17 U.S.C. § 106,Mandatory Disclosure Summary,750035a3acc301d132d82b8d8bb8a8c0,Ai_Samples _Ready/13_FootWear_shoes/DSC_1020.jpg,2026-05-06 10:56:46
13_FootWear_shoes,DSC_1008.jpg,Brett Williams Studios LLC,Brett Williams,100% Chain of Title (Non-Scraped),17 U.S.C. § 106,Mandatory Disclosure Summary,71c8b0923e50c44adec7d55c3abab453,Ai_Samples _Ready/13_FootWear_shoes/DSC_1008.jpg,2026-05-06 10:56:46
13_FootWear_shoes,DSC_0909.jpg,Brett Williams Studios LLC,Brett Williams,100% Chain of Title (Non-Scraped),17 U.S.C. § 106,Mandatory Disclosure Summary,216d44a608bc5c4f5243895b96e94b53,Ai_Samples _Ready/13_FootWear_shoes/DSC_0909.jpg,2026-05-06 10:56:46
13_FootWear_shoes,DSC_1044.jpg,Brett Williams Studios LLC,Brett Williams,100% Chain of Title (Non-Scraped),17 U.S.C. § 106,Mandatory Disclosure Summary,26ec2af64738037f07ee8ba54462840d,Ai_Samples _Ready/13_FootWear_shoes/DSC_1044.jpg,2026-05-06 10:56:46
13_FootWear_shoes,DSC_1046.jpg,Brett Williams Studios LLC,Brett Williams,100% Chain of Title (Non-Scraped),17 U.S.C. § 106,Mandatory Disclosure Summary,5f403038ffa17d6fd0619da9b9d49d00,Ai_Samples _Ready/13_FootWear_shoes/DSC_1046.jpg,2026-05-06 10:56:46
13_FootWear_shoes,DSC_0981.jpg,Brett Williams Studios LLC,Brett Williams,100% Chain of Title (Non-Scraped),17 U.S.C. § 106,Mandatory Disclosure Summary,8f20140e058e9e9366eb7075785cf23c,Ai_Samples _Ready/13_FootWear_shoes/DSC_0981.jpg,2026-05-06 10:56:46
13_FootWear_shoes,DSC_0995.jpg,Brett Williams Studios LLC,Brett Williams,100% Chain of Title (Non-Scraped),17 U.S.C. § 106,Mandatory Disclosure Summary,2909ea704dd4491b51f1805e9fbba21e,Ai_Samples _Ready/13_FootWear_shoes/DSC_0995.jpg,2026-05-06 10:56:46
13_FootWear_shoes,DSC_0994.jpg,Brett Williams Studios LLC,Brett Williams,100% Chain of Title (Non-Scraped),17 U.S.C. § 106,Mandatory Disclosure Summary,0a50f244f18470068330a618ae8e4b34,Ai_Samples _Ready/13_FootWear_shoes/DSC_0994.jpg,2026-05-06 10:56:46
13_FootWear_shoes,DSC_1056.jpg,Brett Williams Studios LLC,Brett Williams,100% Chain of Title (Non-Scraped),17 U.S.C. § 106,Mandatory Disclosure Summary,98bc1b64e4965db10a396e586eef6915,Ai_Samples _Ready/13_FootWear_shoes/DSC_1056.jpg,2026-05-06 10:56:46
13_FootWear_shoes,DSC_0969.jpg,Brett Williams Studios LLC,Brett Williams,100% Chain of Title (Non-Scraped),17 U.S.C. § 106,Mandatory Disclosure Summary,85f53da1e6809ef231ecfd27dac4959e,Ai_Samples _Ready/13_FootWear_shoes/DSC_0969.jpg,2026-05-06 10:56:46
13_FootWear_shoes,DSC_0983.jpg,Brett Williams Studios LLC,Brett Williams,100% Chain of Title (Non-Scraped),17 U.S.C. § 106,Mandatory Disclosure Summary,bcf0b3889b4bad29f016390fd0226871,Ai_Samples _Ready/13_FootWear_shoes/DSC_0983.jpg,2026-05-06 10:56:46
03_La_Perla_ lingere_(30_JPEGs):,LP_1174.jpg,Brett Williams Studios LLC,Brett Williams,100% Chain of Title (Non-Scraped),17 U.S.C. § 106,Mandatory Disclosure Summary,1e0f6e1ea9965ec6b670ed99097eea78,Ai_Samples _Ready/03_La_Perla_ lingere_(30_JPEGs):/LP_1174.jpg,2026-05-06 10:56:46
03_La_Perla_ lingere_(30_JPEGs):,LP_1362.jpg,Brett Williams Studios LLC,Brett Williams,100% Chain of Title (Non-Scraped),17 U.S.C. § 106,Mandatory Disclosure Summary,6cfb1cae9a6297ea22da61fd3adc1d74,Ai_Samples _Ready/03_La_Perla_ lingere_(30_JPEGs):/LP_1362.jpg,2026-05-06 10:56:46
03_La_Perla_ lingere_(30_JPEGs):,LP_1028.jpg,Brett Williams Studios LLC,Brett Williams,100% Chain of Title (Non-Scraped),17 U.S.C. § 106,Mandatory Disclosure Summary,7c0a694a5089d9d2034324d1fdeea48b,Ai_Samples _Ready/03_La_Perla_ lingere_(30_JPEGs):/LP_1028.jpg,2026-05-06 10:56:46
03_La_Perla_ lingere_(30_JPEGs):,LP_1000.jpg,Brett Williams Studios LLC,Brett Williams,100% Chain of Title (Non-Scraped),17 U.S.C. § 106,Mandatory Disclosure Summary,5e076da7639d000b631b6b5e04a6a2f9,Ai_Samples _Ready/03_La_Perla_ lingere_(30_JPEGs):/LP_1000.jpg,2026-05-06 10:56:46
03_La_Perla_ lingere_(30_JPEGs):,LP_1016.jpg,Brett Williams Studios LLC,Brett Williams,100% Chain of Title (Non-Scraped),17 U.S.C. § 106,Mandatory Disclosure Summary,d0771f2f4a1783b83546e0b2bf0a8176,Ai_Samples _Ready/03_La_Perla_ lingere_(30_JPEGs):/LP_1016.jpg,2026-05-06 10:56:46
03_La_Perla_ lingere_(30_JPEGs):,LP_1758.jpg,Brett Williams Studios LLC,Brett Williams,100% Chain of Title (Non-Scraped),17 U.S.C. § 106,Mandatory Disclosure Summary,225d8d9e884c473e358332d173be032f,Ai_Samples _Ready/03_La_Perla_ lingere_(30_JPEGs):/LP_1758.jpg,2026-05-06 10:56:46
03_La_Perla_ lingere_(30_JPEGs):,LP_1759.jpg,Brett Williams Studios LLC,Brett Williams,100% Chain of Title (Non-Scraped),17 U.S.C. § 106,Mandatory Disclosure Summary,04e12c4377744f4137e9450b54702b6e,Ai_Samples _Ready/03_La_Perla_ lingere_(30_JPEGs):/LP_1759.jpg,2026-05-06 10:56:46
03_La_Perla_ lingere_(30_JPEGs):,LP_1561.jpg,Brett Williams Studios LLC,Brett Williams,100% Chain of Title (Non-Scraped),17 U.S.C. § 106,Mandatory Disclosure Summary,59476b6b3c9fdf2b079e731333196df3,Ai_Samples _Ready/03_La_Perla_ lingere_(30_JPEGs):/LP_1561.jpg,2026-05-06 10:56:46
03_La_Perla_ lingere_(30_JPEGs):,LP_1738.jpg,Brett Williams Studios LLC,Brett Williams,100% Chain of Title (Non-Scraped),17 U.S.C. § 106,Mandatory Disclosure Summary,2e3d83781f37938dfcdfc591962af0e2,Ai_Samples _Ready/03_La_Perla_ lingere_(30_JPEGs):/LP_1738.jpg,2026-05-06 10:56:46
03_La_Perla_ lingere_(30_JPEGs):,LP_1711.jpg,Brett Williams Studios LLC,Brett Williams,100% Chain of Title (Non-Scraped),17 U.S.C. § 106,Mandatory Disclosure Summary,59535f18a6400086fa368c77c12f5b37,Ai_Samples _Ready/03_La_Perla_ lingere_(30_JPEGs):/LP_1711.jpg,2026-05-06 10:56:46
03_La_Perla_ lingere_(30_JPEGs):,LP_1101.jpg,Brett Williams Studios LLC,Brett Williams,100% Chain of Title (Non-Scraped),17 U.S.C. § 106,Mandatory Disclosure Summary,b42e74666a9761aad3900d2b79bd3d09,Ai_Samples _Ready/03_La_Perla_ lingere_(30_JPEGs):/LP_1101.jpg,2026-05-06 10:56:46
03_La_Perla_ lingere_(30_JPEGs):,LP_1048.jpg,Brett Williams Studios LLC,Brett Williams,100% Chain of Title (Non-Scraped),17 U.S.C. § 106,Mandatory Disclosure Summary,241cf8694e59264c25e529c2c6e1e9d8,Ai_Samples _Ready/03_La_Perla_ lingere_(30_JPEGs):/LP_1048.jpg,2026-05-06 10:56:46
03_La_Perla_ lingere_(30_JPEGs):,LP_1259.jpg,Brett Williams Studios LLC,Brett Williams,100% Chain of Title (Non-Scraped),17 U.S.C. § 106,Mandatory Disclosure Summary,02d19cf3d071dea48e7349d9424af77d,Ai_Samples _Ready/03_La_Perla_ lingere_(30_JPEGs):/LP_1259.jpg,2026-05-06 10:56:46
03_La_Perla_ lingere_(30_JPEGs):,LP_1311.jpg,Brett Williams Studios LLC,Brett Williams,100% Chain of Title (Non-Scraped),17 U.S.C. § 106,Mandatory Disclosure Summary,b612512a27f9b6ff6674395409fc7b3f,Ai_Samples _Ready/03_La_Perla_ lingere_(30_JPEGs):/LP_1311.jpg,2026-05-06 10:56:46
03_La_Perla_ lingere_(30_JPEGs):,LP_1270.jpg,Brett Williams Studios LLC,Brett Williams,100% Chain of Title (Non-Scraped),17 U.S.C. § 106,Mandatory Disclosure Summary,16f559a4b199d98b070e1f55ce67fe69,Ai_Samples _Ready/03_La_Perla_ lingere_(30_JPEGs):/LP_1270.jpg,2026-05-06 10:56:46
03_La_Perla_ lingere_(30_JPEGs):,LP_1066.jpg,Brett Williams Studios LLC,Brett Williams,100% Chain of Title (Non-Scraped),17 U.S.C. § 106,Mandatory Disclosure Summary,a8042d3c7515f082743e3a3268ad33f5,Ai_Samples _Ready/03_La_Perla_ lingere_(30_JPEGs):/LP_1066.jpg,2026-05-06 10:56:46
03_La_Perla_ lingere_(30_JPEGs):,LP_1731.jpg,Brett Williams Studios LLC,Brett Williams,100% Chain of Title (Non-Scraped),17 U.S.C. § 106,Mandatory Disclosure Summary,cfe3733b5405fd5b63f500bb0f58d3b1,Ai_Samples _Ready/03_La_Perla_ lingere_(30_JPEGs):/LP_1731.jpg,2026-05-06 10:56:46
03_La_Perla_ lingere_(30_JPEGs):,LP_1685.jpg,Brett Williams Studios LLC,Brett Williams,100% Chain of Title (Non-Scraped),17 U.S.C. § 106,Mandatory Disclosure Summary,abdcedf9995687b15178c0e109759bb8,Ai_Samples _Ready/03_La_Perla_ lingere_(30_JPEGs):/LP_1685.jpg,2026-05-06 10:56:46
03_La_Perla_ lingere_(30_JPEGs):,LP_1108.jpg,Brett Williams Studios LLC,Brett Williams,100% Chain of Title (Non-Scraped),17 U.S.C. § 106,Mandatory Disclosure Summary,9dbf6f70619a5c50629d3a55b711bb83,Ai_Samples _Ready/03_La_Perla_ lingere_(30_JPEGs):/LP_1108.jpg,2026-05-06 10:56:46
03_La_Perla_ lingere_(30_JPEGs):,LP_1492.jpg,Brett Williams Studios LLC,Brett Williams,100% Chain of Title (Non-Scraped),17 U.S.C. § 106,Mandatory Disclosure Summary,9001afef96c4cf253bf871572718d4f2,Ai_Samples _Ready/03_La_Perla_ lingere_(30_JPEGs):/LP_1492.jpg,2026-05-06 10:56:46
03_La_Perla_ lingere_(30_JPEGs):,LP_1544.jpg,Brett Williams Studios LLC,Brett Williams,100% Chain of Title (Non-Scraped),17 U.S.C. § 106,Mandatory Disclosure Summary,cb6a2b97f505ef789c578fa515504fe1,Ai_Samples _Ready/03_La_Perla_ lingere_(30_JPEGs):/LP_1544.jpg,2026-05-06 10:56:46
03_La_Perla_ lingere_(30_JPEGs):,LP_1381.jpg,Brett Williams Studios LLC,Brett Williams,100% Chain of Title (Non-Scraped),17 U.S.C. § 106,Mandatory Disclosure Summary,db1a29d9a35a7efb1afadaf55a23bd5c,Ai_Samples _Ready/03_La_Perla_ lingere_(30_JPEGs):/LP_1381.jpg,2026-05-06 10:56:46
03_La_Perla_ lingere_(30_JPEGs):,LP_1341.jpg,Brett Williams Studios LLC,Brett Williams,100% Chain of Title (Non-Scraped),17 U.S.C. § 106,Mandatory Disclosure Summary,d3105b59984e7d348cb01fe72d3b06b6,Ai_Samples _Ready/03_La_Perla_ lingere_(30_JPEGs):/LP_1341.jpg,2026-05-06 10:56:46
03_La_Perla_ lingere_(30_JPEGs):,LP_1194.jpg,Brett Williams Studios LLC,Brett Williams,100% Chain of Title (Non-Scraped),17 U.S.C. § 106,Mandatory Disclosure Summary,36efed116105988b4fcd133656f7642a,Ai_Samples _Ready/03_La_Perla_ lingere_(30_JPEGs):/LP_1194.jpg,2026-05-06 10:56:46
03_La_Perla_ lingere_(30_JPEGs):,LP_1036.jpg,Brett Williams Studios LLC,Brett Williams,100% Chain of Title (Non-Scraped),17 U.S.C. § 106,Mandatory Disclosure Summary,9c1a443fa9b8ee63f942608c8b6cad9d,Ai_Samples _Ready/03_La_Perla_ lingere_(30_JPEGs):/LP_1036.jpg,2026-05-06 10:56:46
03_La_Perla_ lingere_(30_JPEGs):,LP_1436.jpg,Brett Williams Studios LLC,Brett Williams,100% Chain of Title (Non-Scraped),17 U.S.C. § 106,Mandatory Disclosure Summary,834169b52be80d919d26d2795ecc6dd0,Ai_Samples _Ready/03_La_Perla_ lingere_(30_JPEGs):/LP_1436.jpg,2026-05-06 10:56:46
03_La_Perla_ lingere_(30_JPEGs):,LP_1152.jpg,Brett Williams Studios LLC,Brett Williams,100% Chain of Title (Non-Scraped),17 U.S.C. § 106,Mandatory Disclosure Summary,97f94cdb5ae8bfc2c2f4f962aa920bac,Ai_Samples _Ready/03_La_Perla_ lingere_(30_JPEGs):/LP_1152.jpg,2026-05-06 10:56:46
03_La_Perla_ lingere_(30_JPEGs):,LP_1386.jpg,Brett Williams Studios LLC,Brett Williams,100% Chain of Title (Non-Scraped),17 U.S.C. § 106,Mandatory Disclosure Summary,a058867d1c85aa38b504b4cbfc044770,Ai_Samples _Ready/03_La_Perla_ lingere_(30_JPEGs):/LP_1386.jpg,2026-05-06 10:56:46
03_La_Perla_ lingere_(30_JPEGs):,LP_1543.jpg,Brett Williams Studios LLC,Brett Williams,100% Chain of Title (Non-Scraped),17 U.S.C. § 106,Mandatory Disclosure Summary,8eb3580083dd36d6e8d8ad856e0458d0,Ai_Samples _Ready/03_La_Perla_ lingere_(30_JPEGs):/LP_1543.jpg,2026-05-06 10:56:46
03_La_Perla_ lingere_(30_JPEGs):,LP_1219.jpg,Brett Williams Studios LLC,Brett Williams,100% Chain of Title (Non-Scraped),17 U.S.C. § 106,Mandatory Disclosure Summary,53686752caa116797eb1b7a119bde29c,Ai_Samples _Ready/03_La_Perla_ lingere_(30_JPEGs):/LP_1219.jpg,2026-05-06 10:56:46
06 Studio_Swimwear_(20_JPEGS):,IMG_7814.jpg,Brett Williams Studios LLC,Brett Williams,100% Chain of Title (Non-Scraped),17 U.S.C. § 106,Mandatory Disclosure Summary,923b75ef97d1270764974ee148a781ab,Ai_Samples _Ready/06 Studio_Swimwear_(20_JPEGS):/IMG_7814.jpg,2026-05-06 10:56:46
06 Studio_Swimwear_(20_JPEGS):,IMG_7196.jpg,Brett Williams Studios LLC,Brett Williams,100% Chain of Title (Non-Scraped),17 U.S.C. § 106,Mandatory Disclosure Summary,1db3c0f73cb301179a338caddcaa91c5,Ai_Samples _Ready/06 Studio_Swimwear_(20_JPEGS):/IMG_7196.jpg,2026-05-06 10:56:46
06 Studio_Swimwear_(20_JPEGS):,IMG_7168.jpg,Brett Williams Studios LLC,Brett Williams,100% Chain of Title (Non-Scraped),17 U.S.C. § 106,Mandatory Disclosure Summary,834a44c629250ee216f3d950ae26939e,Ai_Samples _Ready/06 Studio_Swimwear_(20_JPEGS):/IMG_7168.jpg,2026-05-06 10:56:46
06 Studio_Swimwear_(20_JPEGS):,IMG_7034.jpg,Brett Williams Studios LLC,Brett Williams,100% Chain of Title (Non-Scraped),17 U.S.C. § 106,Mandatory Disclosure Summary,5ad1af4a53cba4031b21d315df7d2fee,Ai_Samples _Ready/06 Studio_Swimwear_(20_JPEGS):/IMG_7034.jpg,2026-05-06 10:56:46
06 Studio_Swimwear_(20_JPEGS):,IMG_7147.jpg,Brett Williams Studios LLC,Brett Williams,100% Chain of Title (Non-Scraped),17 U.S.C. § 106,Mandatory Disclosure Summary,5c90f2c873ff380fab2f63b68d28a77a,Ai_Samples _Ready/06 Studio_Swimwear_(20_JPEGS):/IMG_7147.jpg,2026-05-06 10:56:46
06 Studio_Swimwear_(20_JPEGS):,IMG_8013.jpg,Brett Williams Studios LLC,Brett Williams,100% Chain of Title (Non-Scraped),17 U.S.C. § 106,Mandatory Disclosure Summary,646aafbf7b369c0be6ff5951b4dfafab,Ai_Samples _Ready/06 Studio_Swimwear_(20_JPEGS):/IMG_8013.jpg,2026-05-06 10:56:46
06 Studio_Swimwear_(20_JPEGS):,IMG_7057.jpg,Brett Williams Studios LLC,Brett Williams,100% Chain of Title (Non-Scraped),17 U.S.C. § 106,Mandatory Disclosure Summary,d0f76a1f49136cc98be98e8bdc5a3b52,Ai_Samples _Ready/06 Studio_Swimwear_(20_JPEGS):/IMG_7057.jpg,2026-05-06 10:56:46
06 Studio_Swimwear_(20_JPEGS):,IMG_7725.jpg,Brett Williams Studios LLC,Brett Williams,100% Chain of Title (Non-Scraped),17 U.S.C. § 106,Mandatory Disclosure Summary,c48678d347c9d0ae293a2c82f2a83c0b,Ai_Samples _Ready/06 Studio_Swimwear_(20_JPEGS):/IMG_7725.jpg,2026-05-06 10:56:46
06 Studio_Swimwear_(20_JPEGS):,IMG_6968.jpg,Brett Williams Studios LLC,Brett Williams,100% Chain of Title (Non-Scraped),17 U.S.C. § 106,Mandatory Disclosure Summary,da2ae4aaee31269e0909e519cd34dfa7,Ai_Samples _Ready/06 Studio_Swimwear_(20_JPEGS):/IMG_6968.jpg,2026-05-06 10:56:46
06 Studio_Swimwear_(20_JPEGS):,IMG_7647.jpg,Brett Williams Studios LLC,Brett Williams,100% Chain of Title (Non-Scraped),17 U.S.C. § 106,Mandatory Disclosure Summary,6a8591914692e13e7df66f3fa5a8c4a8,Ai_Samples _Ready/06 Studio_Swimwear_(20_JPEGS):/IMG_7647.jpg,2026-05-06 10:56:46
06 Studio_Swimwear_(20_JPEGS):,IMG_7078.jpg,Brett Williams Studios LLC,Brett Williams,100% Chain of Title (Non-Scraped),17 U.S.C. § 106,Mandatory Disclosure Summary,5b8c90e643dd2617e5673d3f4c4aac3c,Ai_Samples _Ready/06 Studio_Swimwear_(20_JPEGS):/IMG_7078.jpg,2026-05-06 10:56:46
06 Studio_Swimwear_(20_JPEGS):,IMG_8014.jpg,Brett Williams Studios LLC,Brett Williams,100% Chain of Title (Non-Scraped),17 U.S.C. § 106,Mandatory Disclosure Summary,9da633e80095dfb09239c868373e808b,Ai_Samples _Ready/06 Studio_Swimwear_(20_JPEGS):/IMG_8014.jpg,2026-05-06 10:56:46
06 Studio_Swimwear_(20_JPEGS):,IMG_7442.jpg,Brett Williams Studios LLC,Brett Williams,100% Chain of Title (Non-Scraped),17 U.S.C. § 106,Mandatory Disclosure Summary,6f5f372d6eabf5a83e73c7f0f54cb1af,Ai_Samples _Ready/06 Studio_Swimwear_(20_JPEGS):/IMG_7442.jpg,2026-05-06 10:56:46
06 Studio_Swimwear_(20_JPEGS):,IMG_6990.jpg,Brett Williams Studios LLC,Brett Williams,100% Chain of Title (Non-Scraped),17 U.S.C. § 106,Mandatory Disclosure Summary,ea8341f9fac0ff53261ac9291ee049b7,Ai_Samples _Ready/06 Studio_Swimwear_(20_JPEGS):/IMG_6990.jpg,2026-05-06 10:56:46
06 Studio_Swimwear_(20_JPEGS):,IMG_7922.jpg,Brett Williams Studios LLC,Brett Williams,100% Chain of Title (Non-Scraped),17 U.S.C. § 106,Mandatory Disclosure Summary,7bdef78cefd90d220363ef66d5547124,Ai_Samples _Ready/06 Studio_Swimwear_(20_JPEGS):/IMG_7922.jpg,2026-05-06 10:56:46
06 Studio_Swimwear_(20_JPEGS):,IMG_7676.jpg,Brett Williams Studios LLC,Brett Williams,100% Chain of Title (Non-Scraped),17 U.S.C. § 106,Mandatory Disclosure Summary,98265a2b344aa5c819441f9b5fefa034,Ai_Samples _Ready/06 Studio_Swimwear_(20_JPEGS):/IMG_7676.jpg,2026-05-06 10:56:46
06 Studio_Swimwear_(20_JPEGS):,IMG_8118.jpg,Brett Williams Studios LLC,Brett Williams,100% Chain of Title (Non-Scraped),17 U.S.C. § 106,Mandatory Disclosure Summary,ef79046e69e1801a34eaa02cd8fbf73e,Ai_Samples _Ready/06 Studio_Swimwear_(20_JPEGS):/IMG_8118.jpg,2026-05-06 10:56:46
06 Studio_Swimwear_(20_JPEGS):,IMG_7214.jpg,Brett Williams Studios LLC,Brett Williams,100% Chain of Title (Non-Scraped),17 U.S.C. § 106,Mandatory Disclosure Summary,96688291971fa7a5c22fec916dafb426,Ai_Samples _Ready/06 Studio_Swimwear_(20_JPEGS):/IMG_7214.jpg,2026-05-06 10:56:46
06 Studio_Swimwear_(20_JPEGS):,IMG_7370.jpg,Brett Williams Studios LLC,Brett Williams,100% Chain of Title (Non-Scraped),17 U.S.C. § 106,Mandatory Disclosure Summary,170a0d69b735032e4a17687ed982ebb6,Ai_Samples _Ready/06 Studio_Swimwear_(20_JPEGS):/IMG_7370.jpg,2026-05-06 10:56:46
06 Studio_Swimwear_(20_JPEGS):,IMG_7414.jpg,Brett Williams Studios LLC,Brett Williams,100% Chain of Title (Non-Scraped),17 U.S.C. § 106,Mandatory Disclosure Summary,d4b39d9005b1f0b7079278d518d67a1f,Ai_Samples _Ready/06 Studio_Swimwear_(20_JPEGS):/IMG_7414.jpg,2026-05-06 10:56:46
06 Studio_Swimwear_(20_JPEGS):,IMG_7986.jpg,Brett Williams Studios LLC,Brett Williams,100% Chain of Title (Non-Scraped),17 U.S.C. § 106,Mandatory Disclosure Summary,58dc0a9a6f770abae35d32582060fa43,Ai_Samples _Ready/06 Studio_Swimwear_(20_JPEGS):/IMG_7986.jpg,2026-05-06 10:56:46
09_Hollywood_Actors_HeadShots_50_JPEGS):,CRW_8123.jpg,Brett Williams Studios LLC,Brett Williams,100% Chain of Title (Non-Scraped),17 U.S.C. § 106,Mandatory Disclosure Summary,0bc9fc086edaedeaffbaba5f7f757744,Ai_Samples _Ready/09_Hollywood_Actors_HeadShots_50_JPEGS):/CRW_8123.jpg,2026-05-06 10:56:46
09_Hollywood_Actors_HeadShots_50_JPEGS):,staci_ruth.jpg,Brett Williams Studios LLC,Brett Williams,100% Chain of Title (Non-Scraped),17 U.S.C. § 106,Mandatory Disclosure Summary,3c38ad052803a3d392bea167ea7e064b,Ai_Samples _Ready/09_Hollywood_Actors_HeadShots_50_JPEGS):/staci_ruth.jpg,2026-05-06 10:56:46
09_Hollywood_Actors_HeadShots_50_JPEGS):,justin-0185.jpg,Brett Williams Studios LLC,Brett Williams,100% Chain of Title (Non-Scraped),17 U.S.C. § 106,Mandatory Disclosure Summary,23868cda227cf114ca67cad045177710,Ai_Samples _Ready/09_Hollywood_Actors_HeadShots_50_JPEGS):/justin-0185.jpg,2026-05-06 10:56:46
09_Hollywood_Actors_HeadShots_50_JPEGS):,josh-0007.jpg,Brett Williams Studios LLC,Brett Williams,100% Chain of Title (Non-Scraped),17 U.S.C. § 106,Mandatory Disclosure Summary,b1deb09dbb28df13d23d177b965d08f9,Ai_Samples _Ready/09_Hollywood_Actors_HeadShots_50_JPEGS):/josh-0007.jpg,2026-05-06 10:56:46
09_Hollywood_Actors_HeadShots_50_JPEGS):,alita-dawson.jpg,Brett Williams Studios LLC,Brett Williams,100% Chain of Title (Non-Scraped),17 U.S.C. § 106,Mandatory Disclosure Summary,e88943a287a1c3a5863508981f8e667f,Ai_Samples _Ready/09_Hollywood_Actors_HeadShots_50_JPEGS):/alita-dawson.jpg,2026-05-06 10:56:46
09_Hollywood_Actors_HeadShots_50_JPEGS):,placester-73.jpg,Brett Williams Studios LLC,Brett Williams,100% Chain of Title (Non-Scraped),17 U.S.C. § 106,Mandatory Disclosure Summary,f84f5b64db15f96d9947e94c7bdb875e,Ai_Samples _Ready/09_Hollywood_Actors_HeadShots_50_JPEGS):/placester-73.jpg,2026-05-06 10:56:46
09_Hollywood_Actors_HeadShots_50_JPEGS):,DSC_0062_web.jpg,Brett Williams Studios LLC,Brett Williams,100% Chain of Title (Non-Scraped),17 U.S.C. § 106,Mandatory Disclosure Summary,d817689030683f1d509cb15639ae8b44,Ai_Samples _Ready/09_Hollywood_Actors_HeadShots_50_JPEGS):/DSC_0062_web.jpg,2026-05-06 10:56:46
09_Hollywood_Actors_HeadShots_50_JPEGS):,minka_kelly070706bw.jpg,Brett Williams Studios LLC,Brett Williams,100% Chain of Title (Non-Scraped),17 U.S.C. § 106,Mandatory Disclosure Summary,beb550c0390da89bd1a64bf2506becea,Ai_Samples _Ready/09_Hollywood_Actors_HeadShots_50_JPEGS):/minka_kelly070706bw.jpg,2026-05-06 10:56:46
09_Hollywood_Actors_HeadShots_50_JPEGS):,45_ShannonRevolinski-0778-web.jpg,Brett Williams Studios LLC,Brett Williams,100% Chain of Title (Non-Scraped),17 U.S.C. § 106,Mandatory Disclosure Summary,b41bda4d65c228d9618264e1a0a343da,Ai_Samples _Ready/09_Hollywood_Actors_HeadShots_50_JPEGS):/45_ShannonRevolinski-0778-web.jpg,2026-05-06 10:56:46
09_Hollywood_Actors_HeadShots_50_JPEGS):,bm-737.jpg,Brett Williams Studios LLC,Brett Williams,100% Chain of Title (Non-Scraped),17 U.S.C. § 106,Mandatory Disclosure Summary,139f9fced0dcb7facfb777300527a6c2,Ai_Samples _Ready/09_Hollywood_Actors_HeadShots_50_JPEGS):/bm-737.jpg,2026-05-06 10:56:46
09_Hollywood_Actors_HeadShots_50_JPEGS):,IMG_00044.jpg,Brett Williams Studios LLC,Brett Williams,100% Chain of Title (Non-Scraped),17 U.S.C. § 106,Mandatory Disclosure Summary,3afb0b2f4cd962ec22774286102a5c4c,Ai_Samples _Ready/09_Hollywood_Actors_HeadShots_50_JPEGS):/IMG_00044.jpg,2026-05-06 10:56:46
09_Hollywood_Actors_HeadShots_50_JPEGS):,IMG_00050.jpg,Brett Williams Studios LLC,Brett Williams,100% Chain of Title (Non-Scraped),17 U.S.C. § 106,Mandatory Disclosure Summary,7d2f70fb7d644ef9bba1c443afc84717,Ai_Samples _Ready/09_Hollywood_Actors_HeadShots_50_JPEGS):/IMG_00050.jpg,2026-05-06 10:56:46
09_Hollywood_Actors_HeadShots_50_JPEGS):,string-bean-0178-(1).jpg,Brett Williams Studios LLC,Brett Williams,100% Chain of Title (Non-Scraped),17 U.S.C. § 106,Mandatory Disclosure Summary,5748608835e3773a85b6d7dcefe01be6,Ai_Samples _Ready/09_Hollywood_Actors_HeadShots_50_JPEGS):/string-bean-0178-(1).jpg,2026-05-06 10:56:46
09_Hollywood_Actors_HeadShots_50_JPEGS):,caroline-boneham-Brett-williams-boston-headshot-photographer.jpg,Brett Williams Studios LLC,Brett Williams,100% Chain of Title (Non-Scraped),17 U.S.C. § 106,Mandatory Disclosure Summary,b08e715c70d2bde658a7a970df7b312b,Ai_Samples _Ready/09_Hollywood_Actors_HeadShots_50_JPEGS):/caroline-boneham-Brett-williams-boston-headshot-photographer.jpg,2026-05-06 10:56:46
09_Hollywood_Actors_HeadShots_50_JPEGS):,IMG_00045.jpg,Brett Williams Studios LLC,Brett Williams,100% Chain of Title (Non-Scraped),17 U.S.C. § 106,Mandatory Disclosure Summary,3955fa3e55f73f610ee857465b7b47b1,Ai_Samples _Ready/09_Hollywood_Actors_HeadShots_50_JPEGS):/IMG_00045.jpg,2026-05-06 10:56:46
09_Hollywood_Actors_HeadShots_50_JPEGS):,rachel_9272.jpg,Brett Williams Studios LLC,Brett Williams,100% Chain of Title (Non-Scraped),17 U.S.C. § 106,Mandatory Disclosure Summary,ef115727d2bde1a7d32c919ab2c94ad5,Ai_Samples _Ready/09_Hollywood_Actors_HeadShots_50_JPEGS):/rachel_9272.jpg,2026-05-06 10:56:46
09_Hollywood_Actors_HeadShots_50_JPEGS):,kosmetique-label-0583.jpg,Brett Williams Studios LLC,Brett Williams,100% Chain of Title (Non-Scraped),17 U.S.C. § 106,Mandatory Disclosure Summary,5795d7972031901afff8fc41bd790efc,Ai_Samples _Ready/09_Hollywood_Actors_HeadShots_50_JPEGS):/kosmetique-label-0583.jpg,2026-05-06 10:56:46
09_Hollywood_Actors_HeadShots_50_JPEGS):,denice-058.jpg,Brett Williams Studios LLC,Brett Williams,100% Chain of Title (Non-Scraped),17 U.S.C. § 106,Mandatory Disclosure Summary,bb9f4569d0750326742746020263c8ee,Ai_Samples _Ready/09_Hollywood_Actors_HeadShots_50_JPEGS):/denice-058.jpg,2026-05-06 10:56:46
09_Hollywood_Actors_HeadShots_50_JPEGS):,kristoffer-winters.jpg,Brett Williams Studios LLC,Brett Williams,100% Chain of Title (Non-Scraped),17 U.S.C. § 106,Mandatory Disclosure Summary,31562a1562a9a82ee47e04a37095a684,Ai_Samples _Ready/09_Hollywood_Actors_HeadShots_50_JPEGS):/kristoffer-winters.jpg,2026-05-06 10:56:46
09_Hollywood_Actors_HeadShots_50_JPEGS):,Shopaholic-Brett-williams-boston-headshot-photographer.jpg,Brett Williams Studios LLC,Brett Williams,100% Chain of Title (Non-Scraped),17 U.S.C. § 106,Mandatory Disclosure Summary,82c3c004913b277a249c2d46829d2fec,Ai_Samples _Ready/09_Hollywood_Actors_HeadShots_50_JPEGS):/Shopaholic-Brett-williams-boston-headshot-photographer.jpg,2026-05-06 10:56:46
09_Hollywood_Actors_HeadShots_50_JPEGS):,Brett-williams-boston-headshot-photographer-ally.jpg,Brett Williams Studios LLC,Brett Williams,100% Chain of Title (Non-Scraped),17 U.S.C. § 106,Mandatory Disclosure Summary,c025c31b01e1b02b003beb1a3d33a3eb,Ai_Samples _Ready/09_Hollywood_Actors_HeadShots_50_JPEGS):/Brett-williams-boston-headshot-photographer-ally.jpg,2026-05-06 10:56:46
09_Hollywood_Actors_HeadShots_50_JPEGS):,rabbit.jpg,Brett Williams Studios LLC,Brett Williams,100% Chain of Title (Non-Scraped),17 U.S.C. § 106,Mandatory Disclosure Summary,fa7a5b6e8e1d40d7fb3fab65f3eded49,Ai_Samples _Ready/09_Hollywood_Actors_HeadShots_50_JPEGS):/rabbit.jpg,2026-05-06 10:56:46
09_Hollywood_Actors_HeadShots_50_JPEGS):,josh-0012.jpg,Brett Williams Studios LLC,Brett Williams,100% Chain of Title (Non-Scraped),17 U.S.C. § 106,Mandatory Disclosure Summary,aec2a66863218ecd70c68891c05d5496,Ai_Samples _Ready/09_Hollywood_Actors_HeadShots_50_JPEGS):/josh-0012.jpg,2026-05-06 10:56:46
09_Hollywood_Actors_HeadShots_50_JPEGS):,DSC_0637.jpg,Brett Williams Studios LLC,Brett Williams,100% Chain of Title (Non-Scraped),17 U.S.C. § 106,Mandatory Disclosure Summary,72924dcac64b71429a31b72a503a5c28,Ai_Samples _Ready/09_Hollywood_Actors_HeadShots_50_JPEGS):/DSC_0637.jpg,2026-05-06 10:56:46
09_Hollywood_Actors_HeadShots_50_JPEGS):,minka-kelly-esquire-magazine-Brett-williams-boston-headshot-photographer-.jpg,Brett Williams Studios LLC,Brett Williams,100% Chain of Title (Non-Scraped),17 U.S.C. § 106,Mandatory Disclosure Summary,98be743a40e1c2706cfc7f79621a8cab,Ai_Samples _Ready/09_Hollywood_Actors_HeadShots_50_JPEGS):/minka-kelly-esquire-magazine-Brett-williams-boston-headshot-photographer-.jpg,2026-05-06 10:56:46
09_Hollywood_Actors_HeadShots_50_JPEGS):,jax-23_55-copy.jpg,Brett Williams Studios LLC,Brett Williams,100% Chain of Title (Non-Scraped),17 U.S.C. § 106,Mandatory Disclosure Summary,d3f4b55d7e60441e29e46a4a45272849,Ai_Samples _Ready/09_Hollywood_Actors_HeadShots_50_JPEGS):/jax-23_55-copy.jpg,2026-05-06 10:56:46
09_Hollywood_Actors_HeadShots_50_JPEGS):,laura-reagan-029.jpg,Brett Williams Studios LLC,Brett Williams,100% Chain of Title (Non-Scraped),17 U.S.C. § 106,Mandatory Disclosure Summary,2a457a34d239464d455fb2de879c7e4f,Ai_Samples _Ready/09_Hollywood_Actors_HeadShots_50_JPEGS):/laura-reagan-029.jpg,2026-05-06 10:56:46
09_Hollywood_Actors_HeadShots_50_JPEGS):,justin-0185-(1).jpg,Brett Williams Studios LLC,Brett Williams,100% Chain of Title (Non-Scraped),17 U.S.C. § 106,Mandatory Disclosure Summary,b131a792c79c7b511187fda63de4cf2f,Ai_Samples _Ready/09_Hollywood_Actors_HeadShots_50_JPEGS):/justin-0185-(1).jpg,2026-05-06 10:56:46
09_Hollywood_Actors_HeadShots_50_JPEGS):,ksenia4412.jpg,Brett Williams Studios LLC,Brett Williams,100% Chain of Title (Non-Scraped),17 U.S.C. § 106,Mandatory Disclosure Summary,a5df8abc3417431ef04488c7e7e19538,Ai_Samples _Ready/09_Hollywood_Actors_HeadShots_50_JPEGS):/ksenia4412.jpg,2026-05-06 10:56:46
09_Hollywood_Actors_HeadShots_50_JPEGS):,nicole-lindeblad.jpg,Brett Williams Studios LLC,Brett Williams,100% Chain of Title (Non-Scraped),17 U.S.C. § 106,Mandatory Disclosure Summary,fe4f0340293b4e5c191ea80fd1200d88,Ai_Samples _Ready/09_Hollywood_Actors_HeadShots_50_JPEGS):/nicole-lindeblad.jpg,2026-05-06 10:56:46
09_Hollywood_Actors_HeadShots_50_JPEGS):,33_ravel-030-(1).jpg,Brett Williams Studios LLC,Brett Williams,100% Chain of Title (Non-Scraped),17 U.S.C. § 106,Mandatory Disclosure Summary,419ee99dc73bf19ddc85ef8cb86675c1,Ai_Samples _Ready/09_Hollywood_Actors_HeadShots_50_JPEGS):/33_ravel-030-(1).jpg,2026-05-06 10:56:46
09_Hollywood_Actors_HeadShots_50_JPEGS):,CRW_3920.jpg,Brett Williams Studios LLC,Brett Williams,100% Chain of Title (Non-Scraped),17 U.S.C. § 106,Mandatory Disclosure Summary,efd58ed54907427e34ce3215a94aa2b5,Ai_Samples _Ready/09_Hollywood_Actors_HeadShots_50_JPEGS):/CRW_3920.jpg,2026-05-06 10:56:46
09_Hollywood_Actors_HeadShots_50_JPEGS):,kw-093.jpg,Brett Williams Studios LLC,Brett Williams,100% Chain of Title (Non-Scraped),17 U.S.C. § 106,Mandatory Disclosure Summary,8ad816538229a86147adef7026b88647,Ai_Samples _Ready/09_Hollywood_Actors_HeadShots_50_JPEGS):/kw-093.jpg,2026-05-06 10:56:46
09_Hollywood_Actors_HeadShots_50_JPEGS):,eva2-0083-copy.jpg,Brett Williams Studios LLC,Brett Williams,100% Chain of Title (Non-Scraped),17 U.S.C. § 106,Mandatory Disclosure Summary,97ca901d8598a38dfe1e982c7d10b8f1,Ai_Samples _Ready/09_Hollywood_Actors_HeadShots_50_JPEGS):/eva2-0083-copy.jpg,2026-05-06 10:56:46
09_Hollywood_Actors_HeadShots_50_JPEGS):,kevin-0111.jpg,Brett Williams Studios LLC,Brett Williams,100% Chain of Title (Non-Scraped),17 U.S.C. § 106,Mandatory Disclosure Summary,8f93ef84cae81a02ba94f3ad3191adc6,Ai_Samples _Ready/09_Hollywood_Actors_HeadShots_50_JPEGS):/kevin-0111.jpg,2026-05-06 10:56:46
09_Hollywood_Actors_HeadShots_50_JPEGS):,kristina-0005.jpg,Brett Williams Studios LLC,Brett Williams,100% Chain of Title (Non-Scraped),17 U.S.C. § 106,Mandatory Disclosure Summary,f44ebb20da04d3096a91605fc09541c0,Ai_Samples _Ready/09_Hollywood_Actors_HeadShots_50_JPEGS):/kristina-0005.jpg,2026-05-06 10:56:46
09_Hollywood_Actors_HeadShots_50_JPEGS):,DSC_6442.jpg,Brett Williams Studios LLC,Brett Williams,100% Chain of Title (Non-Scraped),17 U.S.C. § 106,Mandatory Disclosure Summary,2d8cc96d5e8bdfd86af93d59b090918d,Ai_Samples _Ready/09_Hollywood_Actors_HeadShots_50_JPEGS):/DSC_6442.jpg,2026-05-06 10:56:46
09_Hollywood_Actors_HeadShots_50_JPEGS):,Brett-williams-boston-headshot-photographer-aron-giannini.jpg,Brett Williams Studios LLC,Brett Williams,100% Chain of Title (Non-Scraped),17 U.S.C. § 106,Mandatory Disclosure Summary,244f05cb2a64128d14734b97ac7eae3b,Ai_Samples _Ready/09_Hollywood_Actors_HeadShots_50_JPEGS):/Brett-williams-boston-headshot-photographer-aron-giannini.jpg,2026-05-06 10:56:46
09_Hollywood_Actors_HeadShots_50_JPEGS):,DSC_6697.jpg,Brett Williams Studios LLC,Brett Williams,100% Chain of Title (Non-Scraped),17 U.S.C. § 106,Mandatory Disclosure Summary,72d4a47fd99f5d15904fc6f2dd5c6d97,Ai_Samples _Ready/09_Hollywood_Actors_HeadShots_50_JPEGS):/DSC_6697.jpg,2026-05-06 10:56:46
09_Hollywood_Actors_HeadShots_50_JPEGS):,IMG_00047.jpg,Brett Williams Studios LLC,Brett Williams,100% Chain of Title (Non-Scraped),17 U.S.C. § 106,Mandatory Disclosure Summary,67158e7401dd37cc5b90ca10774ef6ac,Ai_Samples _Ready/09_Hollywood_Actors_HeadShots_50_JPEGS):/IMG_00047.jpg,2026-05-06 10:56:46
09_Hollywood_Actors_HeadShots_50_JPEGS):,elizabeth-shapirp.jpg,Brett Williams Studios LLC,Brett Williams,100% Chain of Title (Non-Scraped),17 U.S.C. § 106,Mandatory Disclosure Summary,d3ad418037b6b4ac5a0865c8b48e797f,Ai_Samples _Ready/09_Hollywood_Actors_HeadShots_50_JPEGS):/elizabeth-shapirp.jpg,2026-05-06 10:56:46
09_Hollywood_Actors_HeadShots_50_JPEGS):,IMG_00046.jpg,Brett Williams Studios LLC,Brett Williams,100% Chain of Title (Non-Scraped),17 U.S.C. § 106,Mandatory Disclosure Summary,9521a49e3efe653cc4d975afe5afd8fd,Ai_Samples _Ready/09_Hollywood_Actors_HeadShots_50_JPEGS):/IMG_00046.jpg,2026-05-06 10:56:46
09_Hollywood_Actors_HeadShots_50_JPEGS):,DSC_0230.jpg,Brett Williams Studios LLC,Brett Williams,100% Chain of Title (Non-Scraped),17 U.S.C. § 106,Mandatory Disclosure Summary,2821fc74caf72f3e27e3346d8952f3c1,Ai_Samples _Ready/09_Hollywood_Actors_HeadShots_50_JPEGS):/DSC_0230.jpg,2026-05-06 10:56:46
09_Hollywood_Actors_HeadShots_50_JPEGS):,DSC_6866.jpg,Brett Williams Studios LLC,Brett Williams,100% Chain of Title (Non-Scraped),17 U.S.C. § 106,Mandatory Disclosure Summary,5e1494811facd9f1bba3687082ffe165,Ai_Samples _Ready/09_Hollywood_Actors_HeadShots_50_JPEGS):/DSC_6866.jpg,2026-05-06 10:56:46
09_Hollywood_Actors_HeadShots_50_JPEGS):,diana_genlux.jpg,Brett Williams Studios LLC,Brett Williams,100% Chain of Title (Non-Scraped),17 U.S.C. § 106,Mandatory Disclosure Summary,c152e8e703f0a1fb62663136f1e34a62,Ai_Samples _Ready/09_Hollywood_Actors_HeadShots_50_JPEGS):/diana_genlux.jpg,2026-05-06 10:56:46
09_Hollywood_Actors_HeadShots_50_JPEGS):,playa-Brett-williams-boston-headshot-photographer.jpg,Brett Williams Studios LLC,Brett Williams,100% Chain of Title (Non-Scraped),17 U.S.C. § 106,Mandatory Disclosure Summary,42b3028342c8b0d509e1fec77b28b1e3,Ai_Samples _Ready/09_Hollywood_Actors_HeadShots_50_JPEGS):/playa-Brett-williams-boston-headshot-photographer.jpg,2026-05-06 10:56:46
09_Hollywood_Actors_HeadShots_50_JPEGS):,DSC_1462.jpg,Brett Williams Studios LLC,Brett Williams,100% Chain of Title (Non-Scraped),17 U.S.C. § 106,Mandatory Disclosure Summary,22eeba91474d9ab929b8fa1cd9e2213f,Ai_Samples _Ready/09_Hollywood_Actors_HeadShots_50_JPEGS):/DSC_1462.jpg,2026-05-06 10:56:46
09_Hollywood_Actors_HeadShots_50_JPEGS):,jill_watts.jpg,Brett Williams Studios LLC,Brett Williams,100% Chain of Title (Non-Scraped),17 U.S.C. § 106,Mandatory Disclosure Summary,fe4c81baaec5a3a072d67c170278a2e9,Ai_Samples _Ready/09_Hollywood_Actors_HeadShots_50_JPEGS):/jill_watts.jpg,2026-05-06 10:56:46
09_Hollywood_Actors_HeadShots_50_JPEGS):,angela-lima-0109.jpg,Brett Williams Studios LLC,Brett Williams,100% Chain of Title (Non-Scraped),17 U.S.C. § 106,Mandatory Disclosure Summary,63497c37236af8acc4735f00ed37433b,Ai_Samples _Ready/09_Hollywood_Actors_HeadShots_50_JPEGS):/angela-lima-0109.jpg,2026-05-06 10:56:46
09_Hollywood_Actors_HeadShots_50_JPEGS):,stacie_ruthie.jpg,Brett Williams Studios LLC,Brett Williams,100% Chain of Title (Non-Scraped),17 U.S.C. § 106,Mandatory Disclosure Summary,454afaa21d9193c23f7332a4cb327f73,Ai_Samples _Ready/09_Hollywood_Actors_HeadShots_50_JPEGS):/stacie_ruthie.jpg,2026-05-06 10:56:46
09_Hollywood_Actors_HeadShots_50_JPEGS):,BrettW_ENVY__5_08_.jpg,Brett Williams Studios LLC,Brett Williams,100% Chain of Title (Non-Scraped),17 U.S.C. § 106,Mandatory Disclosure Summary,34182f5218b3035f045aa5624f20a295,Ai_Samples _Ready/09_Hollywood_Actors_HeadShots_50_JPEGS):/BrettW_ENVY__5_08_.jpg,2026-05-06 10:56:46
09_Hollywood_Actors_HeadShots_50_JPEGS):,kaitlyn_cullem.jpg,Brett Williams Studios LLC,Brett Williams,100% Chain of Title (Non-Scraped),17 U.S.C. § 106,Mandatory Disclosure Summary,046dae4d2fbc9729a3316a77d44deafc,Ai_Samples _Ready/09_Hollywood_Actors_HeadShots_50_JPEGS):/kaitlyn_cullem.jpg,2026-05-06 10:56:46
09_Hollywood_Actors_HeadShots_50_JPEGS):,dawson-017.jpg,Brett Williams Studios LLC,Brett Williams,100% Chain of Title (Non-Scraped),17 U.S.C. § 106,Mandatory Disclosure Summary,f77c7aa1c9d87d79f69f97323afb7155,Ai_Samples _Ready/09_Hollywood_Actors_HeadShots_50_JPEGS):/dawson-017.jpg,2026-05-06 10:56:46
09_Hollywood_Actors_HeadShots_50_JPEGS):,kw-051.jpg,Brett Williams Studios LLC,Brett Williams,100% Chain of Title (Non-Scraped),17 U.S.C. § 106,Mandatory Disclosure Summary,e9bad71852f69a29eb826ecfa7edfcf2,Ai_Samples _Ready/09_Hollywood_Actors_HeadShots_50_JPEGS):/kw-051.jpg,2026-05-06 10:56:46
09_Hollywood_Actors_HeadShots_50_JPEGS):,sydney-hicks-0057.jpg,Brett Williams Studios LLC,Brett Williams,100% Chain of Title (Non-Scraped),17 U.S.C. § 106,Mandatory Disclosure Summary,ac29f92308ea4ea39f520befd738b70d,Ai_Samples _Ready/09_Hollywood_Actors_HeadShots_50_JPEGS):/sydney-hicks-0057.jpg,2026-05-06 10:56:46
09_Hollywood_Actors_HeadShots_50_JPEGS):,._IMG_00049.jpg,Brett Williams Studios LLC,Brett Williams,100% Chain of Title (Non-Scraped),17 U.S.C. § 106,Mandatory Disclosure Summary,af193f057ab8ed0b6f5927625fd486b7,Ai_Samples _Ready/09_Hollywood_Actors_HeadShots_50_JPEGS):/._IMG_00049.jpg,2026-05-06 10:56:46
09_Hollywood_Actors_HeadShots_50_JPEGS):,DSC_8481.jpg,Brett Williams Studios LLC,Brett Williams,100% Chain of Title (Non-Scraped),17 U.S.C. § 106,Mandatory Disclosure Summary,96d2056cfddb6b6a6d5d15c38e9b78c0,Ai_Samples _Ready/09_Hollywood_Actors_HeadShots_50_JPEGS):/DSC_8481.jpg,2026-05-06 10:56:46
09_Hollywood_Actors_HeadShots_50_JPEGS):,cl-0207.jpg,Brett Williams Studios LLC,Brett Williams,100% Chain of Title (Non-Scraped),17 U.S.C. § 106,Mandatory Disclosure Summary,856ea185aa8a3d0b627296f1f5440c82,Ai_Samples _Ready/09_Hollywood_Actors_HeadShots_50_JPEGS):/cl-0207.jpg,2026-05-06 10:56:46
09_Hollywood_Actors_HeadShots_50_JPEGS):,marinda_2129-copy.jpg,Brett Williams Studios LLC,Brett Williams,100% Chain of Title (Non-Scraped),17 U.S.C. § 106,Mandatory Disclosure Summary,f6bcb871a3735d222ec2e3757a411c72,Ai_Samples _Ready/09_Hollywood_Actors_HeadShots_50_JPEGS):/marinda_2129-copy.jpg,2026-05-06 10:56:46
09_Hollywood_Actors_HeadShots_50_JPEGS):,Jill-Wagner-Brett-williams-boston-headshot-photographer.jpg,Brett Williams Studios LLC,Brett Williams,100% Chain of Title (Non-Scraped),17 U.S.C. § 106,Mandatory Disclosure Summary,ff3f450c039f36744feaedc10b940bed,Ai_Samples _Ready/09_Hollywood_Actors_HeadShots_50_JPEGS):/Jill-Wagner-Brett-williams-boston-headshot-photographer.jpg,2026-05-06 10:56:46
09_Hollywood_Actors_HeadShots_50_JPEGS):,IMG_00042.jpg,Brett Williams Studios LLC,Brett Williams,100% Chain of Title (Non-Scraped),17 U.S.C. § 106,Mandatory Disclosure Summary,387280d5bbce2ec2ec8df48c513ea2e7,Ai_Samples _Ready/09_Hollywood_Actors_HeadShots_50_JPEGS):/IMG_00042.jpg,2026-05-06 10:56:46
09_Hollywood_Actors_HeadShots_50_JPEGS):,IMG_00043.jpg,Brett Williams Studios LLC,Brett Williams,100% Chain of Title (Non-Scraped),17 U.S.C. § 106,Mandatory Disclosure Summary,298908e92536edc6aca122a25edf5f39,Ai_Samples _Ready/09_Hollywood_Actors_HeadShots_50_JPEGS):/IMG_00043.jpg,2026-05-06 10:56:46
09_Hollywood_Actors_HeadShots_50_JPEGS):,DSC_4084.jpg,Brett Williams Studios LLC,Brett Williams,100% Chain of Title (Non-Scraped),17 U.S.C. § 106,Mandatory Disclosure Summary,228e300bb41ba7ac5a314a52a08ee0ef,Ai_Samples _Ready/09_Hollywood_Actors_HeadShots_50_JPEGS):/DSC_4084.jpg,2026-05-06 10:56:46
09_Hollywood_Actors_HeadShots_50_JPEGS):,CRW_0430.jpg,Brett Williams Studios LLC,Brett Williams,100% Chain of Title (Non-Scraped),17 U.S.C. § 106,Mandatory Disclosure Summary,b706289b46a9b282eeea6d48cde75643,Ai_Samples _Ready/09_Hollywood_Actors_HeadShots_50_JPEGS):/CRW_0430.jpg,2026-05-06 10:56:46
09_Hollywood_Actors_HeadShots_50_JPEGS):,._IMG_00048.jpg,Brett Williams Studios LLC,Brett Williams,100% Chain of Title (Non-Scraped),17 U.S.C. § 106,Mandatory Disclosure Summary,af193f057ab8ed0b6f5927625fd486b7,Ai_Samples _Ready/09_Hollywood_Actors_HeadShots_50_JPEGS):/._IMG_00048.jpg,2026-05-06 10:56:46
09_Hollywood_Actors_HeadShots_50_JPEGS):,cynthia.jpg,Brett Williams Studios LLC,Brett Williams,100% Chain of Title (Non-Scraped),17 U.S.C. § 106,Mandatory Disclosure Summary,2b0fcb651907be3dbf0165ed95f11bc9,Ai_Samples _Ready/09_Hollywood_Actors_HeadShots_50_JPEGS):/cynthia.jpg,2026-05-06 10:56:46
09_Hollywood_Actors_HeadShots_50_JPEGS):,anniesgotagun.jpg,Brett Williams Studios LLC,Brett Williams,100% Chain of Title (Non-Scraped),17 U.S.C. § 106,Mandatory Disclosure Summary,672f6c5d4fdb15e57a27d564ee3b5d70,Ai_Samples _Ready/09_Hollywood_Actors_HeadShots_50_JPEGS):/anniesgotagun.jpg,2026-05-06 10:56:46
09_Hollywood_Actors_HeadShots_50_JPEGS):,molly_shade2-copy.jpg,Brett Williams Studios LLC,Brett Williams,100% Chain of Title (Non-Scraped),17 U.S.C. § 106,Mandatory Disclosure Summary,4c7c1fb1c6b53af3c938f19f6a580e43,Ai_Samples _Ready/09_Hollywood_Actors_HeadShots_50_JPEGS):/molly_shade2-copy.jpg,2026-05-06 10:56:46
09_Hollywood_Actors_HeadShots_50_JPEGS):,thrive-0056.jpg,Brett Williams Studios LLC,Brett Williams,100% Chain of Title (Non-Scraped),17 U.S.C. § 106,Mandatory Disclosure Summary,0057f4520fa8374f333b2a404a868273,Ai_Samples _Ready/09_Hollywood_Actors_HeadShots_50_JPEGS):/thrive-0056.jpg,2026-05-06 10:56:46
09_Hollywood_Actors_HeadShots_50_JPEGS):,McK_10_1722806_web.jpg,Brett Williams Studios LLC,Brett Williams,100% Chain of Title (Non-Scraped),17 U.S.C. § 106,Mandatory Disclosure Summary,0de413dd80c45bd9b3f8f89ebfe3c987,Ai_Samples _Ready/09_Hollywood_Actors_HeadShots_50_JPEGS):/McK_10_1722806_web.jpg,2026-05-06 10:56:46
09_Hollywood_Actors_HeadShots_50_JPEGS):,rachel_8008-copy-2.jpg,Brett Williams Studios LLC,Brett Williams,100% Chain of Title (Non-Scraped),17 U.S.C. § 106,Mandatory Disclosure Summary,42351635f7bc4f7eb142cb8c1161ff56,Ai_Samples _Ready/09_Hollywood_Actors_HeadShots_50_JPEGS):/rachel_8008-copy-2.jpg,2026-05-06 10:56:46
09_Hollywood_Actors_HeadShots_50_JPEGS):,CRW_3926.jpg,Brett Williams Studios LLC,Brett Williams,100% Chain of Title (Non-Scraped),17 U.S.C. § 106,Mandatory Disclosure Summary,8fb3ca39fb4298134528f4ae62071f21,Ai_Samples _Ready/09_Hollywood_Actors_HeadShots_50_JPEGS):/CRW_3926.jpg,2026-05-06 10:56:46
09_Hollywood_Actors_HeadShots_50_JPEGS):,olivia.jpg,Brett Williams Studios LLC,Brett Williams,100% Chain of Title (Non-Scraped),17 U.S.C. § 106,Mandatory Disclosure Summary,d22f6da559c93c6fe2f6948543d09ab9,Ai_Samples _Ready/09_Hollywood_Actors_HeadShots_50_JPEGS):/olivia.jpg,2026-05-06 10:56:46
09_Hollywood_Actors_HeadShots_50_JPEGS):,jessica_lucas-0233.jpg,Brett Williams Studios LLC,Brett Williams,100% Chain of Title (Non-Scraped),17 U.S.C. § 106,Mandatory Disclosure Summary,76bf3f30037869b89c232acbe1b619bf,Ai_Samples _Ready/09_Hollywood_Actors_HeadShots_50_JPEGS):/jessica_lucas-0233.jpg,2026-05-06 10:56:46
09_Hollywood_Actors_HeadShots_50_JPEGS):,ach-(1).jpg,Brett Williams Studios LLC,Brett Williams,100% Chain of Title (Non-Scraped),17 U.S.C. § 106,Mandatory Disclosure Summary,551ba6287b614495fc109d627015d703,Ai_Samples _Ready/09_Hollywood_Actors_HeadShots_50_JPEGS):/ach-(1).jpg,2026-05-06 10:56:46
09_Hollywood_Actors_HeadShots_50_JPEGS):,DSC_2018.jpg,Brett Williams Studios LLC,Brett Williams,100% Chain of Title (Non-Scraped),17 U.S.C. § 106,Mandatory Disclosure Summary,0fff8d12357fb2657ea9ad66c737665d,Ai_Samples _Ready/09_Hollywood_Actors_HeadShots_50_JPEGS):/DSC_2018.jpg,2026-05-06 10:56:46
09_Hollywood_Actors_HeadShots_50_JPEGS):,eva2-0083.jpg,Brett Williams Studios LLC,Brett Williams,100% Chain of Title (Non-Scraped),17 U.S.C. § 106,Mandatory Disclosure Summary,e1f0ee6401d93928ee9dcbbee4bc7ef8,Ai_Samples _Ready/09_Hollywood_Actors_HeadShots_50_JPEGS):/eva2-0083.jpg,2026-05-06 10:56:46
09_Hollywood_Actors_HeadShots_50_JPEGS):,59_YiuTingLau-1009.jpg,Brett Williams Studios LLC,Brett Williams,100% Chain of Title (Non-Scraped),17 U.S.C. § 106,Mandatory Disclosure Summary,b6f7ea37b712b776d336d5ea74f963a6,Ai_Samples _Ready/09_Hollywood_Actors_HeadShots_50_JPEGS):/59_YiuTingLau-1009.jpg,2026-05-06 10:56:46
09_Hollywood_Actors_HeadShots_50_JPEGS):,caroline_boneham-Brett-williams-boston-headshot-photographer.jpg,Brett Williams Studios LLC,Brett Williams,100% Chain of Title (Non-Scraped),17 U.S.C. § 106,Mandatory Disclosure Summary,3757dc88f06756e21d441c16a1732d7b,Ai_Samples _Ready/09_Hollywood_Actors_HeadShots_50_JPEGS):/caroline_boneham-Brett-williams-boston-headshot-photographer.jpg,2026-05-06 10:56:46
09_Hollywood_Actors_HeadShots_50_JPEGS):,IMG_00041.jpg,Brett Williams Studios LLC,Brett Williams,100% Chain of Title (Non-Scraped),17 U.S.C. § 106,Mandatory Disclosure Summary,b70b0160c389a8498393c5dbec72a4d1,Ai_Samples _Ready/09_Hollywood_Actors_HeadShots_50_JPEGS):/IMG_00041.jpg,2026-05-06 10:56:46
09_Hollywood_Actors_HeadShots_50_JPEGS):,IMG_00040.jpg,Brett Williams Studios LLC,Brett Williams,100% Chain of Title (Non-Scraped),17 U.S.C. § 106,Mandatory Disclosure Summary,2ba049e11452c623b29bf05045c81d75,Ai_Samples _Ready/09_Hollywood_Actors_HeadShots_50_JPEGS):/IMG_00040.jpg,2026-05-06 10:56:46
09_Hollywood_Actors_HeadShots_50_JPEGS):,kate_johnson.jpg,Brett Williams Studios LLC,Brett Williams,100% Chain of Title (Non-Scraped),17 U.S.C. § 106,Mandatory Disclosure Summary,31415eb2fde08b36dff83f27b05bb6f4,Ai_Samples _Ready/09_Hollywood_Actors_HeadShots_50_JPEGS):/kate_johnson.jpg,2026-05-06 10:56:46
09_Hollywood_Actors_HeadShots_50_JPEGS):,DSC_0171-1.jpg,Brett Williams Studios LLC,Brett Williams,100% Chain of Title (Non-Scraped),17 U.S.C. § 106,Mandatory Disclosure Summary,e00d33ea27782ab612508a90bbddd7f9,Ai_Samples _Ready/09_Hollywood_Actors_HeadShots_50_JPEGS):/DSC_0171-1.jpg,2026-05-06 10:56:46
09_Hollywood_Actors_HeadShots_50_JPEGS):,51_MattHurst-0883.jpg,Brett Williams Studios LLC,Brett Williams,100% Chain of Title (Non-Scraped),17 U.S.C. § 106,Mandatory Disclosure Summary,24f9c1b6a95677eafe1d63c8a031e06f,Ai_Samples _Ready/09_Hollywood_Actors_HeadShots_50_JPEGS):/51_MattHurst-0883.jpg,2026-05-06 10:56:46
09_Hollywood_Actors_HeadShots_50_JPEGS):,DSC_0430.jpg,Brett Williams Studios LLC,Brett Williams,100% Chain of Title (Non-Scraped),17 U.S.C. § 106,Mandatory Disclosure Summary,b2b38f2b3fbf48a76f4465a6bb979b5a,Ai_Samples _Ready/09_Hollywood_Actors_HeadShots_50_JPEGS):/DSC_0430.jpg,2026-05-06 10:56:46
09_Hollywood_Actors_HeadShots_50_JPEGS):,DSC_8389-2-b&w.jpg,Brett Williams Studios LLC,Brett Williams,100% Chain of Title (Non-Scraped),17 U.S.C. § 106,Mandatory Disclosure Summary,fe7ec0dd8ea0709ce1f11aec26401a7d,Ai_Samples _Ready/09_Hollywood_Actors_HeadShots_50_JPEGS):/DSC_8389-2-b&w.jpg,2026-05-06 10:56:46
09_Hollywood_Actors_HeadShots_50_JPEGS):,Amanda-palmer-yellowbird-project-Brett-williams-boston-headshot-photographer.jpg,Brett Williams Studios LLC,Brett Williams,100% Chain of Title (Non-Scraped),17 U.S.C. § 106,Mandatory Disclosure Summary,5dca304af7e9425a8cc49b6c630c2577,Ai_Samples _Ready/09_Hollywood_Actors_HeadShots_50_JPEGS):/Amanda-palmer-yellowbird-project-Brett-williams-boston-headshot-photographer.jpg,2026-05-06 10:56:46
09_Hollywood_Actors_HeadShots_50_JPEGS):,199.jpg,Brett Williams Studios LLC,Brett Williams,100% Chain of Title (Non-Scraped),17 U.S.C. § 106,Mandatory Disclosure Summary,fc37eb749af9c2f903b1af10202dd079,Ai_Samples _Ready/09_Hollywood_Actors_HeadShots_50_JPEGS):/199.jpg,2026-05-06 10:56:46
09_Hollywood_Actors_HeadShots_50_JPEGS):,regan-0036.jpg,Brett Williams Studios LLC,Brett Williams,100% Chain of Title (Non-Scraped),17 U.S.C. § 106,Mandatory Disclosure Summary,8045308d8eaea56adb61cc6b379572e0,Ai_Samples _Ready/09_Hollywood_Actors_HeadShots_50_JPEGS):/regan-0036.jpg,2026-05-06 10:56:46
09_Hollywood_Actors_HeadShots_50_JPEGS):,CRW_0221.jpg,Brett Williams Studios LLC,Brett Williams,100% Chain of Title (Non-Scraped),17 U.S.C. § 106,Mandatory Disclosure Summary,5b6366c209d4d101d653b0f8a63ac852,Ai_Samples _Ready/09_Hollywood_Actors_HeadShots_50_JPEGS):/CRW_0221.jpg,2026-05-06 10:56:46
09_Hollywood_Actors_HeadShots_50_JPEGS):,cynthia~2.jpg,Brett Williams Studios LLC,Brett Williams,100% Chain of Title (Non-Scraped),17 U.S.C. § 106,Mandatory Disclosure Summary,b4a0f2beed33717e722c8f046c669ef1,Ai_Samples _Ready/09_Hollywood_Actors_HeadShots_50_JPEGS):/cynthia~2.jpg,2026-05-06 10:56:46
09_Hollywood_Actors_HeadShots_50_JPEGS):,jacquie2x.jpg,Brett Williams Studios LLC,Brett Williams,100% Chain of Title (Non-Scraped),17 U.S.C. § 106,Mandatory Disclosure Summary,f2d7fac9d766f11c42a9f342f19c3325,Ai_Samples _Ready/09_Hollywood_Actors_HeadShots_50_JPEGS):/jacquie2x.jpg,2026-05-06 10:56:46
09_Hollywood_Actors_HeadShots_50_JPEGS):,09_miss-008.jpg,Brett Williams Studios LLC,Brett Williams,100% Chain of Title (Non-Scraped),17 U.S.C. § 106,Mandatory Disclosure Summary,931ca46c75c2bba545ec247ece8a5240,Ai_Samples _Ready/09_Hollywood_Actors_HeadShots_50_JPEGS):/09_miss-008.jpg,2026-05-06 10:56:46
09_Hollywood_Actors_HeadShots_50_JPEGS):,julie-092.jpg,Brett Williams Studios LLC,Brett Williams,100% Chain of Title (Non-Scraped),17 U.S.C. § 106,Mandatory Disclosure Summary,daf8831bc5f3b3f720f68be35e21807e,Ai_Samples _Ready/09_Hollywood_Actors_HeadShots_50_JPEGS):/julie-092.jpg,2026-05-06 10:56:46
09_Hollywood_Actors_HeadShots_50_JPEGS):,olivia-hardt-06-0408.jpg,Brett Williams Studios LLC,Brett Williams,100% Chain of Title (Non-Scraped),17 U.S.C. § 106,Mandatory Disclosure Summary,b3ec139237a0388f10c25333f91f34ff,Ai_Samples _Ready/09_Hollywood_Actors_HeadShots_50_JPEGS):/olivia-hardt-06-0408.jpg,2026-05-06 10:56:46
09_Hollywood_Actors_HeadShots_50_JPEGS):,regan-0253.jpg,Brett Williams Studios LLC,Brett Williams,100% Chain of Title (Non-Scraped),17 U.S.C. § 106,Mandatory Disclosure Summary,69158beb2df92b3b5d0310d36219f3c3,Ai_Samples _Ready/09_Hollywood_Actors_HeadShots_50_JPEGS):/regan-0253.jpg,2026-05-06 10:56:46
09_Hollywood_Actors_HeadShots_50_JPEGS):,._IMG_00038.jpg,Brett Williams Studios LLC,Brett Williams,100% Chain of Title (Non-Scraped),17 U.S.C. § 106,Mandatory Disclosure Summary,af193f057ab8ed0b6f5927625fd486b7,Ai_Samples _Ready/09_Hollywood_Actors_HeadShots_50_JPEGS):/._IMG_00038.jpg,2026-05-06 10:56:46
09_Hollywood_Actors_HeadShots_50_JPEGS):,._IMG_00010.jpg,Brett Williams Studios LLC,Brett Williams,100% Chain of Title (Non-Scraped),17 U.S.C. § 106,Mandatory Disclosure Summary,af193f057ab8ed0b6f5927625fd486b7,Ai_Samples _Ready/09_Hollywood_Actors_HeadShots_50_JPEGS):/._IMG_00010.jpg,2026-05-06 10:56:46
09_Hollywood_Actors_HeadShots_50_JPEGS):,._IMG_00004.jpg,Brett Williams Studios LLC,Brett Williams,100% Chain of Title (Non-Scraped),17 U.S.C. § 106,Mandatory Disclosure Summary,af193f057ab8ed0b6f5927625fd486b7,Ai_Samples _Ready/09_Hollywood_Actors_HeadShots_50_JPEGS):/._IMG_00004.jpg,2026-05-06 10:56:46
09_Hollywood_Actors_HeadShots_50_JPEGS):,Brett-williams-boston-headshot-photographer-ms22.jpg,Brett Williams Studios LLC,Brett Williams,100% Chain of Title (Non-Scraped),17 U.S.C. § 106,Mandatory Disclosure Summary,8539915bda112f8298a0e7cd5011ce6e,Ai_Samples _Ready/09_Hollywood_Actors_HeadShots_50_JPEGS):/Brett-williams-boston-headshot-photographer-ms22.jpg,2026-05-06 10:56:46
09_Hollywood_Actors_HeadShots_50_JPEGS):,GenLux.jpg,Brett Williams Studios LLC,Brett Williams,100% Chain of Title (Non-Scraped),17 U.S.C. § 106,Mandatory Disclosure Summary,8d3636cec6204c955010824f4c866ebf,Ai_Samples _Ready/09_Hollywood_Actors_HeadShots_50_JPEGS):/GenLux.jpg,2026-05-06 10:56:46
09_Hollywood_Actors_HeadShots_50_JPEGS):,robin-240-copy.jpg,Brett Williams Studios LLC,Brett Williams,100% Chain of Title (Non-Scraped),17 U.S.C. § 106,Mandatory Disclosure Summary,888a5782d2eacbd92f979950181651b6,Ai_Samples _Ready/09_Hollywood_Actors_HeadShots_50_JPEGS):/robin-240-copy.jpg,2026-05-06 10:56:46
09_Hollywood_Actors_HeadShots_50_JPEGS):,DSC_2888.jpg,Brett Williams Studios LLC,Brett Williams,100% Chain of Title (Non-Scraped),17 U.S.C. § 106,Mandatory Disclosure Summary,1c897313a8112bb1e98fb6b4d46f083c,Ai_Samples _Ready/09_Hollywood_Actors_HeadShots_50_JPEGS):/DSC_2888.jpg,2026-05-06 10:56:46
09_Hollywood_Actors_HeadShots_50_JPEGS):,14_GillianComito-0219-1-web.jpg,Brett Williams Studios LLC,Brett Williams,100% Chain of Title (Non-Scraped),17 U.S.C. § 106,Mandatory Disclosure Summary,bde602bb9e4357050251dd15db88745d,Ai_Samples _Ready/09_Hollywood_Actors_HeadShots_50_JPEGS):/14_GillianComito-0219-1-web.jpg,2026-05-06 10:56:46
09_Hollywood_Actors_HeadShots_50_JPEGS):,CRW_1762.jpg,Brett Williams Studios LLC,Brett Williams,100% Chain of Title (Non-Scraped),17 U.S.C. § 106,Mandatory Disclosure Summary,384a8b5f6265d8d28e6aed9480ca8a2d,Ai_Samples _Ready/09_Hollywood_Actors_HeadShots_50_JPEGS):/CRW_1762.jpg,2026-05-06 10:56:46
09_Hollywood_Actors_HeadShots_50_JPEGS):,IMG_00027.jpg,Brett Williams Studios LLC,Brett Williams,100% Chain of Title (Non-Scraped),17 U.S.C. § 106,Mandatory Disclosure Summary,c2f87b264cb1b3ca293eca2ba3bfc702,Ai_Samples _Ready/09_Hollywood_Actors_HeadShots_50_JPEGS):/IMG_00027.jpg,2026-05-06 10:56:46
09_Hollywood_Actors_HeadShots_50_JPEGS):,IMG_00033.jpg,Brett Williams Studios LLC,Brett Williams,100% Chain of Title (Non-Scraped),17 U.S.C. § 106,Mandatory Disclosure Summary,b4b21fa1afc04568dc3f624cb2bba18b,Ai_Samples _Ready/09_Hollywood_Actors_HeadShots_50_JPEGS):/IMG_00033.jpg,2026-05-06 10:56:46
09_Hollywood_Actors_HeadShots_50_JPEGS):,ana-282.jpg,Brett Williams Studios LLC,Brett Williams,100% Chain of Title (Non-Scraped),17 U.S.C. § 106,Mandatory Disclosure Summary,58570fa4f968b70420ce182c9db07b0b,Ai_Samples _Ready/09_Hollywood_Actors_HeadShots_50_JPEGS):/ana-282.jpg,2026-05-06 10:56:46
09_Hollywood_Actors_HeadShots_50_JPEGS):,Brett-williams-boston-headshot-photographer_joe_krafka.jpg,Brett Williams Studios LLC,Brett Williams,100% Chain of Title (Non-Scraped),17 U.S.C. § 106,Mandatory Disclosure Summary,03bb89016ebea890aa6f3157ffb04cfc,Ai_Samples _Ready/09_Hollywood_Actors_HeadShots_50_JPEGS):/Brett-williams-boston-headshot-photographer_joe_krafka.jpg,2026-05-06 10:56:46
09_Hollywood_Actors_HeadShots_50_JPEGS):,rachel-natgeo-Brett-williams-boston-headshot-photographer.jpg,Brett Williams Studios LLC,Brett Williams,100% Chain of Title (Non-Scraped),17 U.S.C. § 106,Mandatory Disclosure Summary,54318d5700546f7b6b7ffb53365c5fa9,Ai_Samples _Ready/09_Hollywood_Actors_HeadShots_50_JPEGS):/rachel-natgeo-Brett-williams-boston-headshot-photographer.jpg,2026-05-06 10:56:46
09_Hollywood_Actors_HeadShots_50_JPEGS):,marinda.jpg,Brett Williams Studios LLC,Brett Williams,100% Chain of Title (Non-Scraped),17 U.S.C. § 106,Mandatory Disclosure Summary,049c85f11425b89c0fb759a8df1b9583,Ai_Samples _Ready/09_Hollywood_Actors_HeadShots_50_JPEGS):/marinda.jpg,2026-05-06 10:56:46
09_Hollywood_Actors_HeadShots_50_JPEGS):,IMG_00032.jpg,Brett Williams Studios LLC,Brett Williams,100% Chain of Title (Non-Scraped),17 U.S.C. § 106,Mandatory Disclosure Summary,5e42b41ebc89aa5ad044ea4704092983,Ai_Samples _Ready/09_Hollywood_Actors_HeadShots_50_JPEGS):/IMG_00032.jpg,2026-05-06 10:56:46
09_Hollywood_Actors_HeadShots_50_JPEGS):,IMG_00026.jpg,Brett Williams Studios LLC,Brett Williams,100% Chain of Title (Non-Scraped),17 U.S.C. § 106,Mandatory Disclosure Summary,355870f122582a17fb3c152f30856145,Ai_Samples _Ready/09_Hollywood_Actors_HeadShots_50_JPEGS):/IMG_00026.jpg,2026-05-06 10:56:46
09_Hollywood_Actors_HeadShots_50_JPEGS):,07_miss-099.jpg,Brett Williams Studios LLC,Brett Williams,100% Chain of Title (Non-Scraped),17 U.S.C. § 106,Mandatory Disclosure Summary,50a79d6fd70b9be58715458d7ea63713,Ai_Samples _Ready/09_Hollywood_Actors_HeadShots_50_JPEGS):/07_miss-099.jpg,2026-05-06 10:56:46
09_Hollywood_Actors_HeadShots_50_JPEGS):,ls-0025.jpg,Brett Williams Studios LLC,Brett Williams,100% Chain of Title (Non-Scraped),17 U.S.C. § 106,Mandatory Disclosure Summary,cbfc9116a724044bdafc5f52ae280a7b,Ai_Samples _Ready/09_Hollywood_Actors_HeadShots_50_JPEGS):/ls-0025.jpg,2026-05-06 10:56:46
09_Hollywood_Actors_HeadShots_50_JPEGS):,rachel-natgeo-Brett-williams-boston-headshot-photographer-copy.jpg,Brett Williams Studios LLC,Brett Williams,100% Chain of Title (Non-Scraped),17 U.S.C. § 106,Mandatory Disclosure Summary,63325ade92b0857a920f829c09c1e095,Ai_Samples _Ready/09_Hollywood_Actors_HeadShots_50_JPEGS):/rachel-natgeo-Brett-williams-boston-headshot-photographer-copy.jpg,2026-05-06 10:56:46
09_Hollywood_Actors_HeadShots_50_JPEGS):,DSC_3489x2rnfix.jpg,Brett Williams Studios LLC,Brett Williams,100% Chain of Title (Non-Scraped),17 U.S.C. § 106,Mandatory Disclosure Summary,56357f6a9c25a09f8468a420056a07f5,Ai_Samples _Ready/09_Hollywood_Actors_HeadShots_50_JPEGS):/DSC_3489x2rnfix.jpg,2026-05-06 10:56:46
09_Hollywood_Actors_HeadShots_50_JPEGS):,600full-laura-regan.jpg,Brett Williams Studios LLC,Brett Williams,100% Chain of Title (Non-Scraped),17 U.S.C. § 106,Mandatory Disclosure Summary,eebefaefd06b02c901cc6016edf08c59,Ai_Samples _Ready/09_Hollywood_Actors_HeadShots_50_JPEGS):/600full-laura-regan.jpg,2026-05-06 10:56:46
09_Hollywood_Actors_HeadShots_50_JPEGS):,sonja-sohn-0074.jpg,Brett Williams Studios LLC,Brett Williams,100% Chain of Title (Non-Scraped),17 U.S.C. § 106,Mandatory Disclosure Summary,8564a185fbf05106573f8266e4fe69fb,Ai_Samples _Ready/09_Hollywood_Actors_HeadShots_50_JPEGS):/sonja-sohn-0074.jpg,2026-05-06 10:56:46
09_Hollywood_Actors_HeadShots_50_JPEGS):,DSC_7661.jpg,Brett Williams Studios LLC,Brett Williams,100% Chain of Title (Non-Scraped),17 U.S.C. § 106,Mandatory Disclosure Summary,6122e7acb15fb325cfd016fffa2cf5bb,Ai_Samples _Ready/09_Hollywood_Actors_HeadShots_50_JPEGS):/DSC_7661.jpg,2026-05-06 10:56:46
09_Hollywood_Actors_HeadShots_50_JPEGS):,._IMG_00005.jpg,Brett Williams Studios LLC,Brett Williams,100% Chain of Title (Non-Scraped),17 U.S.C. § 106,Mandatory Disclosure Summary,af193f057ab8ed0b6f5927625fd486b7,Ai_Samples _Ready/09_Hollywood_Actors_HeadShots_50_JPEGS):/._IMG_00005.jpg,2026-05-06 10:56:46
09_Hollywood_Actors_HeadShots_50_JPEGS):,thrive-0219.jpg,Brett Williams Studios LLC,Brett Williams,100% Chain of Title (Non-Scraped),17 U.S.C. § 106,Mandatory Disclosure Summary,25e6f648608859ee07bd20da0c15846c,Ai_Samples _Ready/09_Hollywood_Actors_HeadShots_50_JPEGS):/thrive-0219.jpg,2026-05-06 10:56:46
09_Hollywood_Actors_HeadShots_50_JPEGS):,minka_kelly070706bw-(20).jpg,Brett Williams Studios LLC,Brett Williams,100% Chain of Title (Non-Scraped),17 U.S.C. § 106,Mandatory Disclosure Summary,216a2f4372aa185436f3e5dcc1e3d653,Ai_Samples _Ready/09_Hollywood_Actors_HeadShots_50_JPEGS):/minka_kelly070706bw-(20).jpg,2026-05-06 10:56:46
09_Hollywood_Actors_HeadShots_50_JPEGS):,._IMG_00011.jpg,Brett Williams Studios LLC,Brett Williams,100% Chain of Title (Non-Scraped),17 U.S.C. § 106,Mandatory Disclosure Summary,af193f057ab8ed0b6f5927625fd486b7,Ai_Samples _Ready/09_Hollywood_Actors_HeadShots_50_JPEGS):/._IMG_00011.jpg,2026-05-06 10:56:46
09_Hollywood_Actors_HeadShots_50_JPEGS):,._IMG_00039.jpg,Brett Williams Studios LLC,Brett Williams,100% Chain of Title (Non-Scraped),17 U.S.C. § 106,Mandatory Disclosure Summary,af193f057ab8ed0b6f5927625fd486b7,Ai_Samples _Ready/09_Hollywood_Actors_HeadShots_50_JPEGS):/._IMG_00039.jpg,2026-05-06 10:56:46
09_Hollywood_Actors_HeadShots_50_JPEGS):,ali-0259.jpg,Brett Williams Studios LLC,Brett Williams,100% Chain of Title (Non-Scraped),17 U.S.C. § 106,Mandatory Disclosure Summary,521718d720811ccb6b01207fbbf1f0fb,Ai_Samples _Ready/09_Hollywood_Actors_HeadShots_50_JPEGS):/ali-0259.jpg,2026-05-06 10:56:46
09_Hollywood_Actors_HeadShots_50_JPEGS):,DSC_3822.jpg,Brett Williams Studios LLC,Brett Williams,100% Chain of Title (Non-Scraped),17 U.S.C. § 106,Mandatory Disclosure Summary,29e9b3e25ce1286df7a82942e301670d,Ai_Samples _Ready/09_Hollywood_Actors_HeadShots_50_JPEGS):/DSC_3822.jpg,2026-05-06 10:56:46
09_Hollywood_Actors_HeadShots_50_JPEGS):,DSC_6782.jpg,Brett Williams Studios LLC,Brett Williams,100% Chain of Title (Non-Scraped),17 U.S.C. § 106,Mandatory Disclosure Summary,01b2b9975cd90a8eeec6fdecf60af682,Ai_Samples _Ready/09_Hollywood_Actors_HeadShots_50_JPEGS):/DSC_6782.jpg,2026-05-06 10:56:46
09_Hollywood_Actors_HeadShots_50_JPEGS):,cynthia~1.jpg,Brett Williams Studios LLC,Brett Williams,100% Chain of Title (Non-Scraped),17 U.S.C. § 106,Mandatory Disclosure Summary,f31c05fe5480bec0f3b8bc57a6d20bc2,Ai_Samples _Ready/09_Hollywood_Actors_HeadShots_50_JPEGS):/cynthia~1.jpg,2026-05-06 10:56:46
09_Hollywood_Actors_HeadShots_50_JPEGS):,DSC_1951.jpg,Brett Williams Studios LLC,Brett Williams,100% Chain of Title (Non-Scraped),17 U.S.C. § 106,Mandatory Disclosure Summary,76fc1a4af2ca9b05718352055cbd8999,Ai_Samples _Ready/09_Hollywood_Actors_HeadShots_50_JPEGS):/DSC_1951.jpg,2026-05-06 10:56:46
09_Hollywood_Actors_HeadShots_50_JPEGS):,placester-52-copy-2.jpg,Brett Williams Studios LLC,Brett Williams,100% Chain of Title (Non-Scraped),17 U.S.C. § 106,Mandatory Disclosure Summary,4df00dbdefd1026b1d0049280eecf3c0,Ai_Samples _Ready/09_Hollywood_Actors_HeadShots_50_JPEGS):/placester-52-copy-2.jpg,2026-05-06 10:56:46
09_Hollywood_Actors_HeadShots_50_JPEGS):,DSC_0656.jpg,Brett Williams Studios LLC,Brett Williams,100% Chain of Title (Non-Scraped),17 U.S.C. § 106,Mandatory Disclosure Summary,b105a40f12bb82b1e1b1aa81b38e3f5f,Ai_Samples _Ready/09_Hollywood_Actors_HeadShots_50_JPEGS):/DSC_0656.jpg,2026-05-06 10:56:46
09_Hollywood_Actors_HeadShots_50_JPEGS):,._IMG_00007.jpg,Brett Williams Studios LLC,Brett Williams,100% Chain of Title (Non-Scraped),17 U.S.C. § 106,Mandatory Disclosure Summary,af193f057ab8ed0b6f5927625fd486b7,Ai_Samples _Ready/09_Hollywood_Actors_HeadShots_50_JPEGS):/._IMG_00007.jpg,2026-05-06 10:56:46
09_Hollywood_Actors_HeadShots_50_JPEGS):,._IMG_00013.jpg,Brett Williams Studios LLC,Brett Williams,100% Chain of Title (Non-Scraped),17 U.S.C. § 106,Mandatory Disclosure Summary,af193f057ab8ed0b6f5927625fd486b7,Ai_Samples _Ready/09_Hollywood_Actors_HeadShots_50_JPEGS):/._IMG_00013.jpg,2026-05-06 10:56:46
09_Hollywood_Actors_HeadShots_50_JPEGS):,sonja-sohn-0062.jpg,Brett Williams Studios LLC,Brett Williams,100% Chain of Title (Non-Scraped),17 U.S.C. § 106,Mandatory Disclosure Summary,f96897307757ce192956ce2f7f8d2fa0,Ai_Samples _Ready/09_Hollywood_Actors_HeadShots_50_JPEGS):/sonja-sohn-0062.jpg,2026-05-06 10:56:46
09_Hollywood_Actors_HeadShots_50_JPEGS):,DSC_7924.jpg,Brett Williams Studios LLC,Brett Williams,100% Chain of Title (Non-Scraped),17 U.S.C. § 106,Mandatory Disclosure Summary,02325aa22f3163658eab6ec38a7f656e,Ai_Samples _Ready/09_Hollywood_Actors_HeadShots_50_JPEGS):/DSC_7924.jpg,2026-05-06 10:56:46
09_Hollywood_Actors_HeadShots_50_JPEGS):,callie-garrison-Brett-williams-boston-headshot-photographer-copy.jpg,Brett Williams Studios LLC,Brett Williams,100% Chain of Title (Non-Scraped),17 U.S.C. § 106,Mandatory Disclosure Summary,911b9081900a3c23b97385e01953f63c,Ai_Samples _Ready/09_Hollywood_Actors_HeadShots_50_JPEGS):/callie-garrison-Brett-williams-boston-headshot-photographer-copy.jpg,2026-05-06 10:56:46
09_Hollywood_Actors_HeadShots_50_JPEGS):,IMG_00030.jpg,Brett Williams Studios LLC,Brett Williams,100% Chain of Title (Non-Scraped),17 U.S.C. § 106,Mandatory Disclosure Summary,c17abdfb7176886051eb10b879ee514e,Ai_Samples _Ready/09_Hollywood_Actors_HeadShots_50_JPEGS):/IMG_00030.jpg,2026-05-06 10:56:46
09_Hollywood_Actors_HeadShots_50_JPEGS):,IMG_00024.jpg,Brett Williams Studios LLC,Brett Williams,100% Chain of Title (Non-Scraped),17 U.S.C. § 106,Mandatory Disclosure Summary,482a4cc61566f6d3de76dec62a9bfd3c,Ai_Samples _Ready/09_Hollywood_Actors_HeadShots_50_JPEGS):/IMG_00024.jpg,2026-05-06 10:56:46
09_Hollywood_Actors_HeadShots_50_JPEGS):,kaitlyn_cullem_0841.jpg,Brett Williams Studios LLC,Brett Williams,100% Chain of Title (Non-Scraped),17 U.S.C. § 106,Mandatory Disclosure Summary,dfaca1bb764b3cf0ae56ee389b17a96b,Ai_Samples _Ready/09_Hollywood_Actors_HeadShots_50_JPEGS):/kaitlyn_cullem_0841.jpg,2026-05-06 10:56:46
09_Hollywood_Actors_HeadShots_50_JPEGS):,IMG_00018.jpg,Brett Williams Studios LLC,Brett Williams,100% Chain of Title (Non-Scraped),17 U.S.C. § 106,Mandatory Disclosure Summary,7e6747c47b0d736c98245cd31eba4900,Ai_Samples _Ready/09_Hollywood_Actors_HeadShots_50_JPEGS):/IMG_00018.jpg,2026-05-06 10:56:46
09_Hollywood_Actors_HeadShots_50_JPEGS):,IMG_00019.jpg,Brett Williams Studios LLC,Brett Williams,100% Chain of Title (Non-Scraped),17 U.S.C. § 106,Mandatory Disclosure Summary,ea1464c3f949f426cde6c6cf810b3b96,Ai_Samples _Ready/09_Hollywood_Actors_HeadShots_50_JPEGS):/IMG_00019.jpg,2026-05-06 10:56:46
09_Hollywood_Actors_HeadShots_50_JPEGS):,IMG_00025.jpg,Brett Williams Studios LLC,Brett Williams,100% Chain of Title (Non-Scraped),17 U.S.C. § 106,Mandatory Disclosure Summary,0a8ccc9848efc822d69f04848781659f,Ai_Samples _Ready/09_Hollywood_Actors_HeadShots_50_JPEGS):/IMG_00025.jpg,2026-05-06 10:56:46
09_Hollywood_Actors_HeadShots_50_JPEGS):,layla-447.jpg,Brett Williams Studios LLC,Brett Williams,100% Chain of Title (Non-Scraped),17 U.S.C. § 106,Mandatory Disclosure Summary,b5fc56ce45f785a365952b89b09c14c9,Ai_Samples _Ready/09_Hollywood_Actors_HeadShots_50_JPEGS):/layla-447.jpg,2026-05-06 10:56:46
09_Hollywood_Actors_HeadShots_50_JPEGS):,DSC_5459.jpg,Brett Williams Studios LLC,Brett Williams,100% Chain of Title (Non-Scraped),17 U.S.C. § 106,Mandatory Disclosure Summary,e5848106fb3c61c20aaf1e3c1f024cd8,Ai_Samples _Ready/09_Hollywood_Actors_HeadShots_50_JPEGS):/DSC_5459.jpg,2026-05-06 10:56:46
09_Hollywood_Actors_HeadShots_50_JPEGS):,IMG_00031.jpg,Brett Williams Studios LLC,Brett Williams,100% Chain of Title (Non-Scraped),17 U.S.C. § 106,Mandatory Disclosure Summary,7baa76e5b6363752548d7a6d87f26ac3,Ai_Samples _Ready/09_Hollywood_Actors_HeadShots_50_JPEGS):/IMG_00031.jpg,2026-05-06 10:56:46
09_Hollywood_Actors_HeadShots_50_JPEGS):,antonia_campbell_huges.jpg,Brett Williams Studios LLC,Brett Williams,100% Chain of Title (Non-Scraped),17 U.S.C. § 106,Mandatory Disclosure Summary,043f36b7c39d8a30b31d7279ebc3b06f,Ai_Samples _Ready/09_Hollywood_Actors_HeadShots_50_JPEGS):/antonia_campbell_huges.jpg,2026-05-06 10:56:46
09_Hollywood_Actors_HeadShots_50_JPEGS):,kaya_larue-Brett-williams-boston-headshot-photographer.jpg,Brett Williams Studios LLC,Brett Williams,100% Chain of Title (Non-Scraped),17 U.S.C. § 106,Mandatory Disclosure Summary,63a341f6d5ab25f8b7c54d4f46f98474,Ai_Samples _Ready/09_Hollywood_Actors_HeadShots_50_JPEGS):/kaya_larue-Brett-williams-boston-headshot-photographer.jpg,2026-05-06 10:56:46
09_Hollywood_Actors_HeadShots_50_JPEGS):,molly-shade-Brett-williams-boston-headshot-photographer-.jpg,Brett Williams Studios LLC,Brett Williams,100% Chain of Title (Non-Scraped),17 U.S.C. § 106,Mandatory Disclosure Summary,70f678a83668aed06931ddc0461d21f8,Ai_Samples _Ready/09_Hollywood_Actors_HeadShots_50_JPEGS):/molly-shade-Brett-williams-boston-headshot-photographer-.jpg,2026-05-06 10:56:46
09_Hollywood_Actors_HeadShots_50_JPEGS):,olga-kurylenko.jpg,Brett Williams Studios LLC,Brett Williams,100% Chain of Title (Non-Scraped),17 U.S.C. § 106,Mandatory Disclosure Summary,497b72e45184820b35c9401089714dc6,Ai_Samples _Ready/09_Hollywood_Actors_HeadShots_50_JPEGS):/olga-kurylenko.jpg,2026-05-06 10:56:46
09_Hollywood_Actors_HeadShots_50_JPEGS):,016cole.jpg,Brett Williams Studios LLC,Brett Williams,100% Chain of Title (Non-Scraped),17 U.S.C. § 106,Mandatory Disclosure Summary,664fa27d08d621d9cc70da4c39bf9ceb,Ai_Samples _Ready/09_Hollywood_Actors_HeadShots_50_JPEGS):/016cole.jpg,2026-05-06 10:56:46
09_Hollywood_Actors_HeadShots_50_JPEGS):,DSC_0092.jpg,Brett Williams Studios LLC,Brett Williams,100% Chain of Title (Non-Scraped),17 U.S.C. § 106,Mandatory Disclosure Summary,134c32044ad05500e0fa1e0afe8a4f64,Ai_Samples _Ready/09_Hollywood_Actors_HeadShots_50_JPEGS):/DSC_0092.jpg,2026-05-06 10:56:46
09_Hollywood_Actors_HeadShots_50_JPEGS):,salomaa-030.jpg,Brett Williams Studios LLC,Brett Williams,100% Chain of Title (Non-Scraped),17 U.S.C. § 106,Mandatory Disclosure Summary,4f8b2c716857f8d257d66e178a08dee0,Ai_Samples _Ready/09_Hollywood_Actors_HeadShots_50_JPEGS):/salomaa-030.jpg,2026-05-06 10:56:46
09_Hollywood_Actors_HeadShots_50_JPEGS):,._IMG_00012.jpg,Brett Williams Studios LLC,Brett Williams,100% Chain of Title (Non-Scraped),17 U.S.C. § 106,Mandatory Disclosure Summary,af193f057ab8ed0b6f5927625fd486b7,Ai_Samples _Ready/09_Hollywood_Actors_HeadShots_50_JPEGS):/._IMG_00012.jpg,2026-05-06 10:56:46
09_Hollywood_Actors_HeadShots_50_JPEGS):,._IMG_00006.jpg,Brett Williams Studios LLC,Brett Williams,100% Chain of Title (Non-Scraped),17 U.S.C. § 106,Mandatory Disclosure Summary,af193f057ab8ed0b6f5927625fd486b7,Ai_Samples _Ready/09_Hollywood_Actors_HeadShots_50_JPEGS):/._IMG_00006.jpg,2026-05-06 10:56:46
09_Hollywood_Actors_HeadShots_50_JPEGS):,caroline_0331.jpg,Brett Williams Studios LLC,Brett Williams,100% Chain of Title (Non-Scraped),17 U.S.C. § 106,Mandatory Disclosure Summary,a56d43551654b00407105dad363d123f,Ai_Samples _Ready/09_Hollywood_Actors_HeadShots_50_JPEGS):/caroline_0331.jpg,2026-05-06 10:56:46
09_Hollywood_Actors_HeadShots_50_JPEGS):,olga_5240-copy.jpg,Brett Williams Studios LLC,Brett Williams,100% Chain of Title (Non-Scraped),17 U.S.C. § 106,Mandatory Disclosure Summary,b425da04995b79dd9a74d79dfbd1dba0,Ai_Samples _Ready/09_Hollywood_Actors_HeadShots_50_JPEGS):/olga_5240-copy.jpg,2026-05-06 10:56:46
09_Hollywood_Actors_HeadShots_50_JPEGS):,Brett-williams-boston-headshot-photographer-placester.jpg,Brett Williams Studios LLC,Brett Williams,100% Chain of Title (Non-Scraped),17 U.S.C. § 106,Mandatory Disclosure Summary,4e93b3cf026b3f3398e6a5576007f880,Ai_Samples _Ready/09_Hollywood_Actors_HeadShots_50_JPEGS):/Brett-williams-boston-headshot-photographer-placester.jpg,2026-05-06 10:56:46
09_Hollywood_Actors_HeadShots_50_JPEGS):,ENVY_H_34_06_hi.jpg,Brett Williams Studios LLC,Brett Williams,100% Chain of Title (Non-Scraped),17 U.S.C. § 106,Mandatory Disclosure Summary,c7e6deac51f06278d1fdf55d6fbd0d1c,Ai_Samples _Ready/09_Hollywood_Actors_HeadShots_50_JPEGS):/ENVY_H_34_06_hi.jpg,2026-05-06 10:56:46
09_Hollywood_Actors_HeadShots_50_JPEGS):,joe_krafka.jpg,Brett Williams Studios LLC,Brett Williams,100% Chain of Title (Non-Scraped),17 U.S.C. § 106,Mandatory Disclosure Summary,5ba580890615f6745e1d7c8b3772d02c,Ai_Samples _Ready/09_Hollywood_Actors_HeadShots_50_JPEGS):/joe_krafka.jpg,2026-05-06 10:56:46
09_Hollywood_Actors_HeadShots_50_JPEGS):,julie-gribble-Brett-williams-boston-headshot-photographer.jpg,Brett Williams Studios LLC,Brett Williams,100% Chain of Title (Non-Scraped),17 U.S.C. § 106,Mandatory Disclosure Summary,8c9b821d9708f4edcd82df96f470af74,Ai_Samples _Ready/09_Hollywood_Actors_HeadShots_50_JPEGS):/julie-gribble-Brett-williams-boston-headshot-photographer.jpg,2026-05-06 10:56:46
09_Hollywood_Actors_HeadShots_50_JPEGS):,denice-Brett-williams-boston-headshot-photographer.jpg,Brett Williams Studios LLC,Brett Williams,100% Chain of Title (Non-Scraped),17 U.S.C. § 106,Mandatory Disclosure Summary,6b632c2e49df5ff9fad2a00d3c9feb80,Ai_Samples _Ready/09_Hollywood_Actors_HeadShots_50_JPEGS):/denice-Brett-williams-boston-headshot-photographer.jpg,2026-05-06 10:56:46
09_Hollywood_Actors_HeadShots_50_JPEGS):,happy-nick.jpg,Brett Williams Studios LLC,Brett Williams,100% Chain of Title (Non-Scraped),17 U.S.C. § 106,Mandatory Disclosure Summary,a16d53495ec162e5b780b81a8f23796f,Ai_Samples _Ready/09_Hollywood_Actors_HeadShots_50_JPEGS):/happy-nick.jpg,2026-05-06 10:56:46
09_Hollywood_Actors_HeadShots_50_JPEGS):,ksenia-nous-Brett-williams-boston-headshot-photographer.jpg,Brett Williams Studios LLC,Brett Williams,100% Chain of Title (Non-Scraped),17 U.S.C. § 106,Mandatory Disclosure Summary,6e22b8e714e2f1ba5ea5c601d03c948c,Ai_Samples _Ready/09_Hollywood_Actors_HeadShots_50_JPEGS):/ksenia-nous-Brett-williams-boston-headshot-photographer.jpg,2026-05-06 10:56:46
09_Hollywood_Actors_HeadShots_50_JPEGS):,stacie_1413.jpg,Brett Williams Studios LLC,Brett Williams,100% Chain of Title (Non-Scraped),17 U.S.C. § 106,Mandatory Disclosure Summary,bc44edeec15b4740c1483cc99ada6e9e,Ai_Samples _Ready/09_Hollywood_Actors_HeadShots_50_JPEGS):/stacie_1413.jpg,2026-05-06 10:56:46
09_Hollywood_Actors_HeadShots_50_JPEGS):,CRW_4218.jpg,Brett Williams Studios LLC,Brett Williams,100% Chain of Title (Non-Scraped),17 U.S.C. § 106,Mandatory Disclosure Summary,d15d463dd769a8470efe2f01084a21fa,Ai_Samples _Ready/09_Hollywood_Actors_HeadShots_50_JPEGS):/CRW_4218.jpg,2026-05-06 10:56:46
09_Hollywood_Actors_HeadShots_50_JPEGS):,minka-kelly-envy-cover.jpg,Brett Williams Studios LLC,Brett Williams,100% Chain of Title (Non-Scraped),17 U.S.C. § 106,Mandatory Disclosure Summary,519e237b90d06aeaeb07e0feb0cdfbc7,Ai_Samples _Ready/09_Hollywood_Actors_HeadShots_50_JPEGS):/minka-kelly-envy-cover.jpg,2026-05-06 10:56:46
09_Hollywood_Actors_HeadShots_50_JPEGS):,._IMG_00002.jpg,Brett Williams Studios LLC,Brett Williams,100% Chain of Title (Non-Scraped),17 U.S.C. § 106,Mandatory Disclosure Summary,af193f057ab8ed0b6f5927625fd486b7,Ai_Samples _Ready/09_Hollywood_Actors_HeadShots_50_JPEGS):/._IMG_00002.jpg,2026-05-06 10:56:46
09_Hollywood_Actors_HeadShots_50_JPEGS):,._IMG_00016.jpg,Brett Williams Studios LLC,Brett Williams,100% Chain of Title (Non-Scraped),17 U.S.C. § 106,Mandatory Disclosure Summary,af193f057ab8ed0b6f5927625fd486b7,Ai_Samples _Ready/09_Hollywood_Actors_HeadShots_50_JPEGS):/._IMG_00016.jpg,2026-05-06 10:56:46
09_Hollywood_Actors_HeadShots_50_JPEGS):,IMG_00009.jpg,Brett Williams Studios LLC,Brett Williams,100% Chain of Title (Non-Scraped),17 U.S.C. § 106,Mandatory Disclosure Summary,d501a81c0eb6056ed42b0d346b3e857b,Ai_Samples _Ready/09_Hollywood_Actors_HeadShots_50_JPEGS):/IMG_00009.jpg,2026-05-06 10:56:46
09_Hollywood_Actors_HeadShots_50_JPEGS):,placester-224.jpg,Brett Williams Studios LLC,Brett Williams,100% Chain of Title (Non-Scraped),17 U.S.C. § 106,Mandatory Disclosure Summary,31d3bb3937e680b7304aa21524e4ef2e,Ai_Samples _Ready/09_Hollywood_Actors_HeadShots_50_JPEGS):/placester-224.jpg,2026-05-06 10:56:46
09_Hollywood_Actors_HeadShots_50_JPEGS):,Asian-babe-Brett-williams-boston-headshot-photographer.jpg,Brett Williams Studios LLC,Brett Williams,100% Chain of Title (Non-Scraped),17 U.S.C. § 106,Mandatory Disclosure Summary,c3408dac65202617356782dbe4db0f16,Ai_Samples _Ready/09_Hollywood_Actors_HeadShots_50_JPEGS):/Asian-babe-Brett-williams-boston-headshot-photographer.jpg,2026-05-06 10:56:46
09_Hollywood_Actors_HeadShots_50_JPEGS):,IMG_00035.jpg,Brett Williams Studios LLC,Brett Williams,100% Chain of Title (Non-Scraped),17 U.S.C. § 106,Mandatory Disclosure Summary,d9f8f6690df67b643657383a87d00244,Ai_Samples _Ready/09_Hollywood_Actors_HeadShots_50_JPEGS):/IMG_00035.jpg,2026-05-06 10:56:46
09_Hollywood_Actors_HeadShots_50_JPEGS):,maurey_sterling.jpg,Brett Williams Studios LLC,Brett Williams,100% Chain of Title (Non-Scraped),17 U.S.C. § 106,Mandatory Disclosure Summary,cf9efe6b96f1a3347e3444b0dc3e87cc,Ai_Samples _Ready/09_Hollywood_Actors_HeadShots_50_JPEGS):/maurey_sterling.jpg,2026-05-06 10:56:46
09_Hollywood_Actors_HeadShots_50_JPEGS):,sarah-184.jpg,Brett Williams Studios LLC,Brett Williams,100% Chain of Title (Non-Scraped),17 U.S.C. § 106,Mandatory Disclosure Summary,a67cda206b615acd7cbe3676ac32da02,Ai_Samples _Ready/09_Hollywood_Actors_HeadShots_50_JPEGS):/sarah-184.jpg,2026-05-06 10:56:46
09_Hollywood_Actors_HeadShots_50_JPEGS):,IMG_00021.jpg,Brett Williams Studios LLC,Brett Williams,100% Chain of Title (Non-Scraped),17 U.S.C. § 106,Mandatory Disclosure Summary,c4f1d671c0ff13acda9c20b9a0711563,Ai_Samples _Ready/09_Hollywood_Actors_HeadShots_50_JPEGS):/IMG_00021.jpg,2026-05-06 10:56:46
09_Hollywood_Actors_HeadShots_50_JPEGS):,IMG_00020.jpg,Brett Williams Studios LLC,Brett Williams,100% Chain of Title (Non-Scraped),17 U.S.C. § 106,Mandatory Disclosure Summary,331ef96dd7f6a372f3cd021294a0eac8,Ai_Samples _Ready/09_Hollywood_Actors_HeadShots_50_JPEGS):/IMG_00020.jpg,2026-05-06 10:56:46
09_Hollywood_Actors_HeadShots_50_JPEGS):,airport_223.jpg,Brett Williams Studios LLC,Brett Williams,100% Chain of Title (Non-Scraped),17 U.S.C. § 106,Mandatory Disclosure Summary,dd979c30b67ab8e8dde2f6dba7608753,Ai_Samples _Ready/09_Hollywood_Actors_HeadShots_50_JPEGS):/airport_223.jpg,2026-05-06 10:56:46
09_Hollywood_Actors_HeadShots_50_JPEGS):,IMG_00034.jpg,Brett Williams Studios LLC,Brett Williams,100% Chain of Title (Non-Scraped),17 U.S.C. § 106,Mandatory Disclosure Summary,44bc42a283e3411c396e38bbac77ab6c,Ai_Samples _Ready/09_Hollywood_Actors_HeadShots_50_JPEGS):/IMG_00034.jpg,2026-05-06 10:56:46
09_Hollywood_Actors_HeadShots_50_JPEGS):,alex-0063.jpg,Brett Williams Studios LLC,Brett Williams,100% Chain of Title (Non-Scraped),17 U.S.C. § 106,Mandatory Disclosure Summary,61e439fb9926a8b1e1b099e701e2b192,Ai_Samples _Ready/09_Hollywood_Actors_HeadShots_50_JPEGS):/alex-0063.jpg,2026-05-06 10:56:46
09_Hollywood_Actors_HeadShots_50_JPEGS):,IMG_00008.jpg,Brett Williams Studios LLC,Brett Williams,100% Chain of Title (Non-Scraped),17 U.S.C. § 106,Mandatory Disclosure Summary,fe3f212fec587fe489f034a683aec202,Ai_Samples _Ready/09_Hollywood_Actors_HeadShots_50_JPEGS):/IMG_00008.jpg,2026-05-06 10:56:46
09_Hollywood_Actors_HeadShots_50_JPEGS):,rachel-Brett-williams-boston-headshot-photographer-.jpg,Brett Williams Studios LLC,Brett Williams,100% Chain of Title (Non-Scraped),17 U.S.C. § 106,Mandatory Disclosure Summary,435db1507f48f83f1bffd107079fe68c,Ai_Samples _Ready/09_Hollywood_Actors_HeadShots_50_JPEGS):/rachel-Brett-williams-boston-headshot-photographer-.jpg,2026-05-06 10:56:46
09_Hollywood_Actors_HeadShots_50_JPEGS):,andrew-patterson-0207-copy.jpg,Brett Williams Studios LLC,Brett Williams,100% Chain of Title (Non-Scraped),17 U.S.C. § 106,Mandatory Disclosure Summary,f41f7252da36c0404f466d68eafb2a83,Ai_Samples _Ready/09_Hollywood_Actors_HeadShots_50_JPEGS):/andrew-patterson-0207-copy.jpg,2026-05-06 10:56:46
09_Hollywood_Actors_HeadShots_50_JPEGS):,jessica_lucas-0326.jpg,Brett Williams Studios LLC,Brett Williams,100% Chain of Title (Non-Scraped),17 U.S.C. § 106,Mandatory Disclosure Summary,83b9b86b9979cd9ae70cbdb9cf4f83ee,Ai_Samples _Ready/09_Hollywood_Actors_HeadShots_50_JPEGS):/jessica_lucas-0326.jpg,2026-05-06 10:56:46
09_Hollywood_Actors_HeadShots_50_JPEGS):,caroline_0171-1.jpg,Brett Williams Studios LLC,Brett Williams,100% Chain of Title (Non-Scraped),17 U.S.C. § 106,Mandatory Disclosure Summary,2a1e0fc0945d0a8f487960382a877ac2,Ai_Samples _Ready/09_Hollywood_Actors_HeadShots_50_JPEGS):/caroline_0171-1.jpg,2026-05-06 10:56:46
09_Hollywood_Actors_HeadShots_50_JPEGS):,._IMG_00017.jpg,Brett Williams Studios LLC,Brett Williams,100% Chain of Title (Non-Scraped),17 U.S.C. § 106,Mandatory Disclosure Summary,af193f057ab8ed0b6f5927625fd486b7,Ai_Samples _Ready/09_Hollywood_Actors_HeadShots_50_JPEGS):/._IMG_00017.jpg,2026-05-06 10:56:46
09_Hollywood_Actors_HeadShots_50_JPEGS):,yellowbird-project-amanda-palmer-Brett-williams-boston-headshot-photographer.jpg,Brett Williams Studios LLC,Brett Williams,100% Chain of Title (Non-Scraped),17 U.S.C. § 106,Mandatory Disclosure Summary,8e9e8b5fdbc6da9d9bdeeacf4528aee4,Ai_Samples _Ready/09_Hollywood_Actors_HeadShots_50_JPEGS):/yellowbird-project-amanda-palmer-Brett-williams-boston-headshot-photographer.jpg,2026-05-06 10:56:46
09_Hollywood_Actors_HeadShots_50_JPEGS):,._IMG_00003.jpg,Brett Williams Studios LLC,Brett Williams,100% Chain of Title (Non-Scraped),17 U.S.C. § 106,Mandatory Disclosure Summary,af193f057ab8ed0b6f5927625fd486b7,Ai_Samples _Ready/09_Hollywood_Actors_HeadShots_50_JPEGS):/._IMG_00003.jpg,2026-05-06 10:56:46
09_Hollywood_Actors_HeadShots_50_JPEGS):,47_JeremyFrank-0813.jpg,Brett Williams Studios LLC,Brett Williams,100% Chain of Title (Non-Scraped),17 U.S.C. § 106,Mandatory Disclosure Summary,e044fdd4ce996976c9bdea4bb764d7f6,Ai_Samples _Ready/09_Hollywood_Actors_HeadShots_50_JPEGS):/47_JeremyFrank-0813.jpg,2026-05-06 10:56:46
09_Hollywood_Actors_HeadShots_50_JPEGS):,Brett-williams-boston-headshot-photographer-laura-reagan.jpg,Brett Williams Studios LLC,Brett Williams,100% Chain of Title (Non-Scraped),17 U.S.C. § 106,Mandatory Disclosure Summary,e87def813cd7f925f987d9d7e7a28f7f,Ai_Samples _Ready/09_Hollywood_Actors_HeadShots_50_JPEGS):/Brett-williams-boston-headshot-photographer-laura-reagan.jpg,2026-05-06 10:56:46
09_Hollywood_Actors_HeadShots_50_JPEGS):,minka-kelly-envy-Brett-williams-boston-headshot-photographer-.jpg,Brett Williams Studios LLC,Brett Williams,100% Chain of Title (Non-Scraped),17 U.S.C. § 106,Mandatory Disclosure Summary,d0d4f9d556a63b436cbe337e36ac5d68,Ai_Samples _Ready/09_Hollywood_Actors_HeadShots_50_JPEGS):/minka-kelly-envy-Brett-williams-boston-headshot-photographer-.jpg,2026-05-06 10:56:46
09_Hollywood_Actors_HeadShots_50_JPEGS):,05_gabby_0537.jpg,Brett Williams Studios LLC,Brett Williams,100% Chain of Title (Non-Scraped),17 U.S.C. § 106,Mandatory Disclosure Summary,369805415ea71358104b0a8ae454345d,Ai_Samples _Ready/09_Hollywood_Actors_HeadShots_50_JPEGS):/05_gabby_0537.jpg,2026-05-06 10:56:46
09_Hollywood_Actors_HeadShots_50_JPEGS):,marinda-9x12_2140.jpg,Brett Williams Studios LLC,Brett Williams,100% Chain of Title (Non-Scraped),17 U.S.C. § 106,Mandatory Disclosure Summary,19f9c3c39632b452eef9d463f787ac2d,Ai_Samples _Ready/09_Hollywood_Actors_HeadShots_50_JPEGS):/marinda-9x12_2140.jpg,2026-05-06 10:56:46
09_Hollywood_Actors_HeadShots_50_JPEGS):,kevin-0438.jpg,Brett Williams Studios LLC,Brett Williams,100% Chain of Title (Non-Scraped),17 U.S.C. § 106,Mandatory Disclosure Summary,ea9b1e4fdc9092c52bffc703c50dec0b,Ai_Samples _Ready/09_Hollywood_Actors_HeadShots_50_JPEGS):/kevin-0438.jpg,2026-05-06 10:56:46
09_Hollywood_Actors_HeadShots_50_JPEGS):,bm-802.jpg,Brett Williams Studios LLC,Brett Williams,100% Chain of Title (Non-Scraped),17 U.S.C. § 106,Mandatory Disclosure Summary,e82a2356cac7cc250868b47fefca3821,Ai_Samples _Ready/09_Hollywood_Actors_HeadShots_50_JPEGS):/bm-802.jpg,2026-05-06 10:56:46
09_Hollywood_Actors_HeadShots_50_JPEGS):,sonja-sohn-0110.jpg,Brett Williams Studios LLC,Brett Williams,100% Chain of Title (Non-Scraped),17 U.S.C. § 106,Mandatory Disclosure Summary,456405984bb12db88ebc5659b003b1ef,Ai_Samples _Ready/09_Hollywood_Actors_HeadShots_50_JPEGS):/sonja-sohn-0110.jpg,2026-05-06 10:56:46
09_Hollywood_Actors_HeadShots_50_JPEGS):,._IMG_00015.jpg,Brett Williams Studios LLC,Brett Williams,100% Chain of Title (Non-Scraped),17 U.S.C. § 106,Mandatory Disclosure Summary,7387ba91ce6620cdbc4dcfc268360753,Ai_Samples _Ready/09_Hollywood_Actors_HeadShots_50_JPEGS):/._IMG_00015.jpg,2026-05-06 10:56:46
09_Hollywood_Actors_HeadShots_50_JPEGS):,._IMG_00001.jpg,Brett Williams Studios LLC,Brett Williams,100% Chain of Title (Non-Scraped),17 U.S.C. § 106,Mandatory Disclosure Summary,af193f057ab8ed0b6f5927625fd486b7,Ai_Samples _Ready/09_Hollywood_Actors_HeadShots_50_JPEGS):/._IMG_00001.jpg,2026-05-06 10:56:46
09_Hollywood_Actors_HeadShots_50_JPEGS):,jessica_lucas-0287.jpg,Brett Williams Studios LLC,Brett Williams,100% Chain of Title (Non-Scraped),17 U.S.C. § 106,Mandatory Disclosure Summary,eb69ce6593a010148ff7fd5cc2b544a6,Ai_Samples _Ready/09_Hollywood_Actors_HeadShots_50_JPEGS):/jessica_lucas-0287.jpg,2026-05-06 10:56:46
09_Hollywood_Actors_HeadShots_50_JPEGS):,._IMG_00029.jpg,Brett Williams Studios LLC,Brett Williams,100% Chain of Title (Non-Scraped),17 U.S.C. § 106,Mandatory Disclosure Summary,af193f057ab8ed0b6f5927625fd486b7,Ai_Samples _Ready/09_Hollywood_Actors_HeadShots_50_JPEGS):/._IMG_00029.jpg,2026-05-06 10:56:46
09_Hollywood_Actors_HeadShots_50_JPEGS):,kevin-0056_bw.jpg,Brett Williams Studios LLC,Brett Williams,100% Chain of Title (Non-Scraped),17 U.S.C. § 106,Mandatory Disclosure Summary,2aaefcf7b61287475aad8b4b682cf898,Ai_Samples _Ready/09_Hollywood_Actors_HeadShots_50_JPEGS):/kevin-0056_bw.jpg,2026-05-06 10:56:46
09_Hollywood_Actors_HeadShots_50_JPEGS):,DSC_6180.jpg,Brett Williams Studios LLC,Brett Williams,100% Chain of Title (Non-Scraped),17 U.S.C. § 106,Mandatory Disclosure Summary,d08c88d91edb5ae1ad574688be70df16,Ai_Samples _Ready/09_Hollywood_Actors_HeadShots_50_JPEGS):/DSC_6180.jpg,2026-05-06 10:56:46
09_Hollywood_Actors_HeadShots_50_JPEGS):,ana-Brett-williams-boston-headshot-photographer.jpg,Brett Williams Studios LLC,Brett Williams,100% Chain of Title (Non-Scraped),17 U.S.C. § 106,Mandatory Disclosure Summary,5478523f2975dccf427298f1d9ee3621,Ai_Samples _Ready/09_Hollywood_Actors_HeadShots_50_JPEGS):/ana-Brett-williams-boston-headshot-photographer.jpg,2026-05-06 10:56:46
09_Hollywood_Actors_HeadShots_50_JPEGS):,IMG_00022.jpg,Brett Williams Studios LLC,Brett Williams,100% Chain of Title (Non-Scraped),17 U.S.C. § 106,Mandatory Disclosure Summary,1db191b316f17a24736f412875ba2e5e,Ai_Samples _Ready/09_Hollywood_Actors_HeadShots_50_JPEGS):/IMG_00022.jpg,2026-05-06 10:56:46
09_Hollywood_Actors_HeadShots_50_JPEGS):,55_AnthonyPicardi-0943-web.jpg,Brett Williams Studios LLC,Brett Williams,100% Chain of Title (Non-Scraped),17 U.S.C. § 106,Mandatory Disclosure Summary,caad4fc6dbbb116b47f461c01fc43200,Ai_Samples _Ready/09_Hollywood_Actors_HeadShots_50_JPEGS):/55_AnthonyPicardi-0943-web.jpg,2026-05-06 10:56:46
09_Hollywood_Actors_HeadShots_50_JPEGS):,IMG_00036.jpg,Brett Williams Studios LLC,Brett Williams,100% Chain of Title (Non-Scraped),17 U.S.C. § 106,Mandatory Disclosure Summary,f6f30e0aab670188db81722e04410b67,Ai_Samples _Ready/09_Hollywood_Actors_HeadShots_50_JPEGS):/IMG_00036.jpg,2026-05-06 10:56:46
09_Hollywood_Actors_HeadShots_50_JPEGS):,IMG_00037.jpg,Brett Williams Studios LLC,Brett Williams,100% Chain of Title (Non-Scraped),17 U.S.C. § 106,Mandatory Disclosure Summary,6637dd757da0c0907fa05dc5d56090f6,Ai_Samples _Ready/09_Hollywood_Actors_HeadShots_50_JPEGS):/IMG_00037.jpg,2026-05-06 10:56:46
09_Hollywood_Actors_HeadShots_50_JPEGS):,CRW_3818.jpg,Brett Williams Studios LLC,Brett Williams,100% Chain of Title (Non-Scraped),17 U.S.C. § 106,Mandatory Disclosure Summary,988b0be7a21aa50087e2be472e3b8ed5,Ai_Samples _Ready/09_Hollywood_Actors_HeadShots_50_JPEGS):/CRW_3818.jpg,2026-05-06 10:56:46
09_Hollywood_Actors_HeadShots_50_JPEGS):,jane-0012.jpg,Brett Williams Studios LLC,Brett Williams,100% Chain of Title (Non-Scraped),17 U.S.C. § 106,Mandatory Disclosure Summary,9dc99ab75608463ba4123318e8680c5e,Ai_Samples _Ready/09_Hollywood_Actors_HeadShots_50_JPEGS):/jane-0012.jpg,2026-05-06 10:56:46
09_Hollywood_Actors_HeadShots_50_JPEGS):,IMG_00023.jpg,Brett Williams Studios LLC,Brett Williams,100% Chain of Title (Non-Scraped),17 U.S.C. § 106,Mandatory Disclosure Summary,e698d13a0ca1b6c6013efd939d1e582d,Ai_Samples _Ready/09_Hollywood_Actors_HeadShots_50_JPEGS):/IMG_00023.jpg,2026-05-06 10:56:46
09_Hollywood_Actors_HeadShots_50_JPEGS):,maurey-sterling-Brett-williams-boston-headshot-photographer.jpg,Brett Williams Studios LLC,Brett Williams,100% Chain of Title (Non-Scraped),17 U.S.C. § 106,Mandatory Disclosure Summary,724fa070a06c5b2235aeb53e66673e83,Ai_Samples _Ready/09_Hollywood_Actors_HeadShots_50_JPEGS):/maurey-sterling-Brett-williams-boston-headshot-photographer.jpg,2026-05-06 10:56:46
09_Hollywood_Actors_HeadShots_50_JPEGS):,CRW_3824.jpg,Brett Williams Studios LLC,Brett Williams,100% Chain of Title (Non-Scraped),17 U.S.C. § 106,Mandatory Disclosure Summary,841b057bf0ea05c9a05b190e5225268c,Ai_Samples _Ready/09_Hollywood_Actors_HeadShots_50_JPEGS):/CRW_3824.jpg,2026-05-06 10:56:46
09_Hollywood_Actors_HeadShots_50_JPEGS):,olivia_hardt.jpg,Brett Williams Studios LLC,Brett Williams,100% Chain of Title (Non-Scraped),17 U.S.C. § 106,Mandatory Disclosure Summary,321d01de3ead46a7c7a2eed0bdab8eda,Ai_Samples _Ready/09_Hollywood_Actors_HeadShots_50_JPEGS):/olivia_hardt.jpg,2026-05-06 10:56:46
09_Hollywood_Actors_HeadShots_50_JPEGS):,BEAUTY~2.jpg,Brett Williams Studios LLC,Brett Williams,100% Chain of Title (Non-Scraped),17 U.S.C. § 106,Mandatory Disclosure Summary,3c06ed58087c70f291e7a3222f55de54,Ai_Samples _Ready/09_Hollywood_Actors_HeadShots_50_JPEGS):/BEAUTY~2.jpg,2026-05-06 10:56:46
09_Hollywood_Actors_HeadShots_50_JPEGS):,DSC_2873.jpg,Brett Williams Studios LLC,Brett Williams,100% Chain of Title (Non-Scraped),17 U.S.C. § 106,Mandatory Disclosure Summary,d0e530a0181c75def2c1173746ae2c75,Ai_Samples _Ready/09_Hollywood_Actors_HeadShots_50_JPEGS):/DSC_2873.jpg,2026-05-06 10:56:46
09_Hollywood_Actors_HeadShots_50_JPEGS):,placester-Brett-williams-boston-headshot-photographer-.jpg,Brett Williams Studios LLC,Brett Williams,100% Chain of Title (Non-Scraped),17 U.S.C. § 106,Mandatory Disclosure Summary,5bb04419b6e07aabb0b6d72270bf2aa9,Ai_Samples _Ready/09_Hollywood_Actors_HeadShots_50_JPEGS):/placester-Brett-williams-boston-headshot-photographer-.jpg,2026-05-06 10:56:46
09_Hollywood_Actors_HeadShots_50_JPEGS):,._IMG_00028.jpg,Brett Williams Studios LLC,Brett Williams,100% Chain of Title (Non-Scraped),17 U.S.C. § 106,Mandatory Disclosure Summary,af193f057ab8ed0b6f5927625fd486b7,Ai_Samples _Ready/09_Hollywood_Actors_HeadShots_50_JPEGS):/._IMG_00028.jpg,2026-05-06 10:56:46
09_Hollywood_Actors_HeadShots_50_JPEGS):,._IMG_00014.jpg,Brett Williams Studios LLC,Brett Williams,100% Chain of Title (Non-Scraped),17 U.S.C. § 106,Mandatory Disclosure Summary,af193f057ab8ed0b6f5927625fd486b7,Ai_Samples _Ready/09_Hollywood_Actors_HeadShots_50_JPEGS):/._IMG_00014.jpg,2026-05-06 10:56:46
09_Hollywood_Actors_HeadShots_50_JPEGS):,IMG_7244.jpg,Brett Williams Studios LLC,Brett Williams,100% Chain of Title (Non-Scraped),17 U.S.C. § 106,Mandatory Disclosure Summary,f5f84cdaf58659c6aa72c8e98c619656,Ai_Samples _Ready/09_Hollywood_Actors_HeadShots_50_JPEGS):/IMG_7244.jpg,2026-05-06 10:56:46
09_Hollywood_Actors_HeadShots_50_JPEGS):,tracy_ross.jpg,Brett Williams Studios LLC,Brett Williams,100% Chain of Title (Non-Scraped),17 U.S.C. § 106,Mandatory Disclosure Summary,c65db2c4fffdbb5ad2946930ee1be128,Ai_Samples _Ready/09_Hollywood_Actors_HeadShots_50_JPEGS):/tracy_ross.jpg,2026-05-06 10:56:46
09_Hollywood_Actors_HeadShots_50_JPEGS):,CRW_1809.jpg,Brett Williams Studios LLC,Brett Williams,100% Chain of Title (Non-Scraped),17 U.S.C. § 106,Mandatory Disclosure Summary,cc12cd5cbe8a325efd8707f151b250a5,Ai_Samples _Ready/09_Hollywood_Actors_HeadShots_50_JPEGS):/CRW_1809.jpg,2026-05-06 10:56:46
09_Hollywood_Actors_HeadShots_50_JPEGS):,DSC_8658-copy.jpg,Brett Williams Studios LLC,Brett Williams,100% Chain of Title (Non-Scraped),17 U.S.C. § 106,Mandatory Disclosure Summary,1a065ba0ebbedfce355439c7da9fb744,Ai_Samples _Ready/09_Hollywood_Actors_HeadShots_50_JPEGS):/DSC_8658-copy.jpg,2026-05-06 10:56:46
09_Hollywood_Actors_HeadShots_50_JPEGS):,placester-52-copy.jpg,Brett Williams Studios LLC,Brett Williams,100% Chain of Title (Non-Scraped),17 U.S.C. § 106,Mandatory Disclosure Summary,34d7d4776e217dc5c28990821ffe108f,Ai_Samples _Ready/09_Hollywood_Actors_HeadShots_50_JPEGS):/placester-52-copy.jpg,2026-05-06 10:56:46
09_Hollywood_Actors_HeadShots_50_JPEGS):,kw-034.jpg,Brett Williams Studios LLC,Brett Williams,100% Chain of Title (Non-Scraped),17 U.S.C. § 106,Mandatory Disclosure Summary,87ef9971d2381b977a16830c25a9c6ad,Ai_Samples _Ready/09_Hollywood_Actors_HeadShots_50_JPEGS):/kw-034.jpg,2026-05-06 10:56:46
09_Hollywood_Actors_HeadShots_50_JPEGS):,mcneal_4-07-003.jpg,Brett Williams Studios LLC,Brett Williams,100% Chain of Title (Non-Scraped),17 U.S.C. § 106,Mandatory Disclosure Summary,68428c4d74a86f960f1221aff6f97cd5,Ai_Samples _Ready/09_Hollywood_Actors_HeadShots_50_JPEGS):/mcneal_4-07-003.jpg,2026-05-06 10:56:46
09_Hollywood_Actors_HeadShots_50_JPEGS):,DSC_0462.jpg,Brett Williams Studios LLC,Brett Williams,100% Chain of Title (Non-Scraped),17 U.S.C. § 106,Mandatory Disclosure Summary,21bc6b97024e7d8cf3b9a757cdb1ef68,Ai_Samples _Ready/09_Hollywood_Actors_HeadShots_50_JPEGS):/DSC_0462.jpg,2026-05-06 10:56:46
09_Hollywood_Actors_HeadShots_50_JPEGS):,nicole-lindeblad-Brett-williams-boston-headshot-photographer-.jpg,Brett Williams Studios LLC,Brett Williams,100% Chain of Title (Non-Scraped),17 U.S.C. § 106,Mandatory Disclosure Summary,4d3c76c93f47d7b0a72a6da4840a454f,Ai_Samples _Ready/09_Hollywood_Actors_HeadShots_50_JPEGS):/nicole-lindeblad-Brett-williams-boston-headshot-photographer-.jpg,2026-05-06 10:56:46
09_Hollywood_Actors_HeadShots_50_JPEGS):,54_JohnBader-0931.jpg,Brett Williams Studios LLC,Brett Williams,100% Chain of Title (Non-Scraped),17 U.S.C. § 106,Mandatory Disclosure Summary,c31bcc370273903ed2771d2766f7c8e5,Ai_Samples _Ready/09_Hollywood_Actors_HeadShots_50_JPEGS):/54_JohnBader-0931.jpg,2026-05-06 10:56:46
09_Hollywood_Actors_HeadShots_50_JPEGS):,DSC_9863.jpg,Brett Williams Studios LLC,Brett Williams,100% Chain of Title (Non-Scraped),17 U.S.C. § 106,Mandatory Disclosure Summary,d5f9b1c859d54f8b2c7496f09d74f5bb,Ai_Samples _Ready/09_Hollywood_Actors_HeadShots_50_JPEGS):/DSC_9863.jpg,2026-05-06 10:56:46
09_Hollywood_Actors_HeadShots_50_JPEGS):,sam-raven-0284.jpg,Brett Williams Studios LLC,Brett Williams,100% Chain of Title (Non-Scraped),17 U.S.C. § 106,Mandatory Disclosure Summary,5b29481aa85fe6e6f14dfcbf7938b8eb,Ai_Samples _Ready/09_Hollywood_Actors_HeadShots_50_JPEGS):/sam-raven-0284.jpg,2026-05-06 10:56:46
09_Hollywood_Actors_HeadShots_50_JPEGS):,DSC_4412.jpg,Brett Williams Studios LLC,Brett Williams,100% Chain of Title (Non-Scraped),17 U.S.C. § 106,Mandatory Disclosure Summary,6e506247bbbc7b1cd499656c575e1832,Ai_Samples _Ready/09_Hollywood_Actors_HeadShots_50_JPEGS):/DSC_4412.jpg,2026-05-06 10:56:46
09_Hollywood_Actors_HeadShots_50_JPEGS):,._IMG_00019.jpg,Brett Williams Studios LLC,Brett Williams,100% Chain of Title (Non-Scraped),17 U.S.C. § 106,Mandatory Disclosure Summary,af193f057ab8ed0b6f5927625fd486b7,Ai_Samples _Ready/09_Hollywood_Actors_HeadShots_50_JPEGS):/._IMG_00019.jpg,2026-05-06 10:56:46
09_Hollywood_Actors_HeadShots_50_JPEGS):,._IMG_00031.jpg,Brett Williams Studios LLC,Brett Williams,100% Chain of Title (Non-Scraped),17 U.S.C. § 106,Mandatory Disclosure Summary,af193f057ab8ed0b6f5927625fd486b7,Ai_Samples _Ready/09_Hollywood_Actors_HeadShots_50_JPEGS):/._IMG_00031.jpg,2026-05-06 10:56:46
09_Hollywood_Actors_HeadShots_50_JPEGS):,._IMG_00025.jpg,Brett Williams Studios LLC,Brett Williams,100% Chain of Title (Non-Scraped),17 U.S.C. § 106,Mandatory Disclosure Summary,af193f057ab8ed0b6f5927625fd486b7,Ai_Samples _Ready/09_Hollywood_Actors_HeadShots_50_JPEGS):/._IMG_00025.jpg,2026-05-06 10:56:46
09_Hollywood_Actors_HeadShots_50_JPEGS):,nikki_ziering.jpg,Brett Williams Studios LLC,Brett Williams,100% Chain of Title (Non-Scraped),17 U.S.C. § 106,Mandatory Disclosure Summary,1a48f59dd0db548906aee46dfca6c610,Ai_Samples _Ready/09_Hollywood_Actors_HeadShots_50_JPEGS):/nikki_ziering.jpg,2026-05-06 10:56:46
09_Hollywood_Actors_HeadShots_50_JPEGS):,DSC_9724.jpg,Brett Williams Studios LLC,Brett Williams,100% Chain of Title (Non-Scraped),17 U.S.C. § 106,Mandatory Disclosure Summary,108eb448a5025f5efad3e87b9c7ee320,Ai_Samples _Ready/09_Hollywood_Actors_HeadShots_50_JPEGS):/DSC_9724.jpg,2026-05-06 10:56:46
09_Hollywood_Actors_HeadShots_50_JPEGS):,Brett-williams-boston-headshot-photographer-nicole-lindeblad.jpg,Brett Williams Studios LLC,Brett Williams,100% Chain of Title (Non-Scraped),17 U.S.C. § 106,Mandatory Disclosure Summary,53d21acf8b8e3a68eab2b146b8a337ea,Ai_Samples _Ready/09_Hollywood_Actors_HeadShots_50_JPEGS):/Brett-williams-boston-headshot-photographer-nicole-lindeblad.jpg,2026-05-06 10:56:46
09_Hollywood_Actors_HeadShots_50_JPEGS):,DSC_6948-copy.jpg,Brett Williams Studios LLC,Brett Williams,100% Chain of Title (Non-Scraped),17 U.S.C. § 106,Mandatory Disclosure Summary,21bf7b0a16f6231897fe957de3bbc6fc,Ai_Samples _Ready/09_Hollywood_Actors_HeadShots_50_JPEGS):/DSC_6948-copy.jpg,2026-05-06 10:56:46
09_Hollywood_Actors_HeadShots_50_JPEGS):,DSC_3786.jpg,Brett Williams Studios LLC,Brett Williams,100% Chain of Title (Non-Scraped),17 U.S.C. § 106,Mandatory Disclosure Summary,ef0852ea28d5812907092e6f8b76e5b4,Ai_Samples _Ready/09_Hollywood_Actors_HeadShots_50_JPEGS):/DSC_3786.jpg,2026-05-06 10:56:46
09_Hollywood_Actors_HeadShots_50_JPEGS):,minka-kelly-envy-magazine.jpg,Brett Williams Studios LLC,Brett Williams,100% Chain of Title (Non-Scraped),17 U.S.C. § 106,Mandatory Disclosure Summary,2e461a235d69af6fc5f8ddf79ad84a0d,Ai_Samples _Ready/09_Hollywood_Actors_HeadShots_50_JPEGS):/minka-kelly-envy-magazine.jpg,2026-05-06 10:56:46
09_Hollywood_Actors_HeadShots_50_JPEGS):,IMG_00006.jpg,Brett Williams Studios LLC,Brett Williams,100% Chain of Title (Non-Scraped),17 U.S.C. § 106,Mandatory Disclosure Summary,9c6c7f5cd76ebd7c48a4beb9daeec8d1,Ai_Samples _Ready/09_Hollywood_Actors_HeadShots_50_JPEGS):/IMG_00006.jpg,2026-05-06 10:56:46
09_Hollywood_Actors_HeadShots_50_JPEGS):,IMG_00012.jpg,Brett Williams Studios LLC,Brett Williams,100% Chain of Title (Non-Scraped),17 U.S.C. § 106,Mandatory Disclosure Summary,6e057776b338ea541daeebc5bce013bf,Ai_Samples _Ready/09_Hollywood_Actors_HeadShots_50_JPEGS):/IMG_00012.jpg,2026-05-06 10:56:46
09_Hollywood_Actors_HeadShots_50_JPEGS):,f30536762.jpg,Brett Williams Studios LLC,Brett Williams,100% Chain of Title (Non-Scraped),17 U.S.C. § 106,Mandatory Disclosure Summary,16d622a25d80148d7b1562007df8ffca,Ai_Samples _Ready/09_Hollywood_Actors_HeadShots_50_JPEGS):/f30536762.jpg,2026-05-06 10:56:46
09_Hollywood_Actors_HeadShots_50_JPEGS):,jennifer-landon.jpg,Brett Williams Studios LLC,Brett Williams,100% Chain of Title (Non-Scraped),17 U.S.C. § 106,Mandatory Disclosure Summary,b5efb5fc1888de521262326e01f41867,Ai_Samples _Ready/09_Hollywood_Actors_HeadShots_50_JPEGS):/jennifer-landon.jpg,2026-05-06 10:56:46
09_Hollywood_Actors_HeadShots_50_JPEGS):,IMG_00013.jpg,Brett Williams Studios LLC,Brett Williams,100% Chain of Title (Non-Scraped),17 U.S.C. § 106,Mandatory Disclosure Summary,ca980a85b2da212471febc38fe39f5d1,Ai_Samples _Ready/09_Hollywood_Actors_HeadShots_50_JPEGS):/IMG_00013.jpg,2026-05-06 10:56:46
09_Hollywood_Actors_HeadShots_50_JPEGS):,IMG_00007.jpg,Brett Williams Studios LLC,Brett Williams,100% Chain of Title (Non-Scraped),17 U.S.C. § 106,Mandatory Disclosure Summary,3dfce28e69d3bf76ffd46184fc6d953c,Ai_Samples _Ready/09_Hollywood_Actors_HeadShots_50_JPEGS):/IMG_00007.jpg,2026-05-06 10:56:46
09_Hollywood_Actors_HeadShots_50_JPEGS):,Brett-williams-boston-headshot-photographer-propa.jpg,Brett Williams Studios LLC,Brett Williams,100% Chain of Title (Non-Scraped),17 U.S.C. § 106,Mandatory Disclosure Summary,e4b92dce8ed5418a5c7386d25f753b6b,Ai_Samples _Ready/09_Hollywood_Actors_HeadShots_50_JPEGS):/Brett-williams-boston-headshot-photographer-propa.jpg,2026-05-06 10:56:46
09_Hollywood_Actors_HeadShots_50_JPEGS):,sonja-sohn-0041.jpg,Brett Williams Studios LLC,Brett Williams,100% Chain of Title (Non-Scraped),17 U.S.C. § 106,Mandatory Disclosure Summary,2e02d04979acf1e314a9bdaeb0c390fe,Ai_Samples _Ready/09_Hollywood_Actors_HeadShots_50_JPEGS):/sonja-sohn-0041.jpg,2026-05-06 10:56:46
09_Hollywood_Actors_HeadShots_50_JPEGS):,._IMG_00024.jpg,Brett Williams Studios LLC,Brett Williams,100% Chain of Title (Non-Scraped),17 U.S.C. § 106,Mandatory Disclosure Summary,af193f057ab8ed0b6f5927625fd486b7,Ai_Samples _Ready/09_Hollywood_Actors_HeadShots_50_JPEGS):/._IMG_00024.jpg,2026-05-06 10:56:46
09_Hollywood_Actors_HeadShots_50_JPEGS):,._IMG_00030.jpg,Brett Williams Studios LLC,Brett Williams,100% Chain of Title (Non-Scraped),17 U.S.C. § 106,Mandatory Disclosure Summary,af193f057ab8ed0b6f5927625fd486b7,Ai_Samples _Ready/09_Hollywood_Actors_HeadShots_50_JPEGS):/._IMG_00030.jpg,2026-05-06 10:56:46
09_Hollywood_Actors_HeadShots_50_JPEGS):,._IMG_00018.jpg,Brett Williams Studios LLC,Brett Williams,100% Chain of Title (Non-Scraped),17 U.S.C. § 106,Mandatory Disclosure Summary,af193f057ab8ed0b6f5927625fd486b7,Ai_Samples _Ready/09_Hollywood_Actors_HeadShots_50_JPEGS):/._IMG_00018.jpg,2026-05-06 10:56:46
09_Hollywood_Actors_HeadShots_50_JPEGS):,CRW_3790.jpg,Brett Williams Studios LLC,Brett Williams,100% Chain of Title (Non-Scraped),17 U.S.C. § 106,Mandatory Disclosure Summary,ff83dee43edb5989e88ee9c10f3da1fa,Ai_Samples _Ready/09_Hollywood_Actors_HeadShots_50_JPEGS):/CRW_3790.jpg,2026-05-06 10:56:46
09_Hollywood_Actors_HeadShots_50_JPEGS):,brianna_hicks.jpg,Brett Williams Studios LLC,Brett Williams,100% Chain of Title (Non-Scraped),17 U.S.C. § 106,Mandatory Disclosure Summary,896aee5afea0a6452cf99038b53be1ac,Ai_Samples _Ready/09_Hollywood_Actors_HeadShots_50_JPEGS):/brianna_hicks.jpg,2026-05-06 10:56:46
09_Hollywood_Actors_HeadShots_50_JPEGS):,laura-reagan-Brett-williams-boston-headshot-photographer.jpg,Brett Williams Studios LLC,Brett Williams,100% Chain of Title (Non-Scraped),17 U.S.C. § 106,Mandatory Disclosure Summary,99073f37c6e663db51b62df2e6d7a701,Ai_Samples _Ready/09_Hollywood_Actors_HeadShots_50_JPEGS):/laura-reagan-Brett-williams-boston-headshot-photographer.jpg,2026-05-06 10:56:46
09_Hollywood_Actors_HeadShots_50_JPEGS):,string-bean-0178.jpg,Brett Williams Studios LLC,Brett Williams,100% Chain of Title (Non-Scraped),17 U.S.C. § 106,Mandatory Disclosure Summary,15041fd3b3088190f27541695a90637c,Ai_Samples _Ready/09_Hollywood_Actors_HeadShots_50_JPEGS):/string-bean-0178.jpg,2026-05-06 10:56:46
09_Hollywood_Actors_HeadShots_50_JPEGS):,eva-larue-genlux-Brett-williams-boston-headshot-photographer.jpg,Brett Williams Studios LLC,Brett Williams,100% Chain of Title (Non-Scraped),17 U.S.C. § 106,Mandatory Disclosure Summary,71d3efab27bc9e8b18d7b906cd59df88,Ai_Samples _Ready/09_Hollywood_Actors_HeadShots_50_JPEGS):/eva-larue-genlux-Brett-williams-boston-headshot-photographer.jpg,2026-05-06 10:56:46
09_Hollywood_Actors_HeadShots_50_JPEGS):,._IMG_00026.jpg,Brett Williams Studios LLC,Brett Williams,100% Chain of Title (Non-Scraped),17 U.S.C. § 106,Mandatory Disclosure Summary,af193f057ab8ed0b6f5927625fd486b7,Ai_Samples _Ready/09_Hollywood_Actors_HeadShots_50_JPEGS):/._IMG_00026.jpg,2026-05-06 10:56:46
09_Hollywood_Actors_HeadShots_50_JPEGS):,._IMG_00032.jpg,Brett Williams Studios LLC,Brett Williams,100% Chain of Title (Non-Scraped),17 U.S.C. § 106,Mandatory Disclosure Summary,af193f057ab8ed0b6f5927625fd486b7,Ai_Samples _Ready/09_Hollywood_Actors_HeadShots_50_JPEGS):/._IMG_00032.jpg,2026-05-06 10:56:46
09_Hollywood_Actors_HeadShots_50_JPEGS):,olga.jpg,Brett Williams Studios LLC,Brett Williams,100% Chain of Title (Non-Scraped),17 U.S.C. § 106,Mandatory Disclosure Summary,0190f25c6c095ede6c46db1645fa9614,Ai_Samples _Ready/09_Hollywood_Actors_HeadShots_50_JPEGS):/olga.jpg,2026-05-06 10:56:46
09_Hollywood_Actors_HeadShots_50_JPEGS):,DSC_9580-(1).jpg,Brett Williams Studios LLC,Brett Williams,100% Chain of Title (Non-Scraped),17 U.S.C. § 106,Mandatory Disclosure Summary,5c1afe1efb4bf6997dab0305680c75ac,Ai_Samples _Ready/09_Hollywood_Actors_HeadShots_50_JPEGS):/DSC_9580-(1).jpg,2026-05-06 10:56:46
09_Hollywood_Actors_HeadShots_50_JPEGS):,f19074810.jpg,Brett Williams Studios LLC,Brett Williams,100% Chain of Title (Non-Scraped),17 U.S.C. § 106,Mandatory Disclosure Summary,1a26b89c4abf548597ba0f97dea00f7a,Ai_Samples _Ready/09_Hollywood_Actors_HeadShots_50_JPEGS):/f19074810.jpg,2026-05-06 10:56:46
09_Hollywood_Actors_HeadShots_50_JPEGS):,twins.jpg,Brett Williams Studios LLC,Brett Williams,100% Chain of Title (Non-Scraped),17 U.S.C. § 106,Mandatory Disclosure Summary,79e1805b55f96fa0d9d4addc64649264,Ai_Samples _Ready/09_Hollywood_Actors_HeadShots_50_JPEGS):/twins.jpg,2026-05-06 10:56:46
09_Hollywood_Actors_HeadShots_50_JPEGS):,DSC_8389-1.jpg,Brett Williams Studios LLC,Brett Williams,100% Chain of Title (Non-Scraped),17 U.S.C. § 106,Mandatory Disclosure Summary,26751e00530f3545570da832a570b9bc,Ai_Samples _Ready/09_Hollywood_Actors_HeadShots_50_JPEGS):/DSC_8389-1.jpg,2026-05-06 10:56:46
09_Hollywood_Actors_HeadShots_50_JPEGS):,jackie_4173.jpg,Brett Williams Studios LLC,Brett Williams,100% Chain of Title (Non-Scraped),17 U.S.C. § 106,Mandatory Disclosure Summary,342ab36f7a25f40f53387efba92b5b2e,Ai_Samples _Ready/09_Hollywood_Actors_HeadShots_50_JPEGS):/jackie_4173.jpg,2026-05-06 10:56:46
09_Hollywood_Actors_HeadShots_50_JPEGS):,ali-0118.jpg,Brett Williams Studios LLC,Brett Williams,100% Chain of Title (Non-Scraped),17 U.S.C. § 106,Mandatory Disclosure Summary,85800a625215e9d4e890331d60c2e960,Ai_Samples _Ready/09_Hollywood_Actors_HeadShots_50_JPEGS):/ali-0118.jpg,2026-05-06 10:56:46
09_Hollywood_Actors_HeadShots_50_JPEGS):,kristoffer-winters-Brett-williams-boston-headshot-photographer.jpg,Brett Williams Studios LLC,Brett Williams,100% Chain of Title (Non-Scraped),17 U.S.C. § 106,Mandatory Disclosure Summary,4f5a34ae9f47732bd473763f81174dca,Ai_Samples _Ready/09_Hollywood_Actors_HeadShots_50_JPEGS):/kristoffer-winters-Brett-williams-boston-headshot-photographer.jpg,2026-05-06 10:56:46
09_Hollywood_Actors_HeadShots_50_JPEGS):,brynn-0357.jpg,Brett Williams Studios LLC,Brett Williams,100% Chain of Title (Non-Scraped),17 U.S.C. § 106,Mandatory Disclosure Summary,61c0665091b36a50183e524077d5d0c0,Ai_Samples _Ready/09_Hollywood_Actors_HeadShots_50_JPEGS):/brynn-0357.jpg,2026-05-06 10:56:46
09_Hollywood_Actors_HeadShots_50_JPEGS):,nickneedspuss.jpg,Brett Williams Studios LLC,Brett Williams,100% Chain of Title (Non-Scraped),17 U.S.C. § 106,Mandatory Disclosure Summary,867125842688f32e7259d3d8e75716ad,Ai_Samples _Ready/09_Hollywood_Actors_HeadShots_50_JPEGS):/nickneedspuss.jpg,2026-05-06 10:56:46
09_Hollywood_Actors_HeadShots_50_JPEGS):,CRW_5240.jpg,Brett Williams Studios LLC,Brett Williams,100% Chain of Title (Non-Scraped),17 U.S.C. § 106,Mandatory Disclosure Summary,c2c9d9c22ca2496ba74549ba2ee2cb18,Ai_Samples _Ready/09_Hollywood_Actors_HeadShots_50_JPEGS):/CRW_5240.jpg,2026-05-06 10:56:46
09_Hollywood_Actors_HeadShots_50_JPEGS):,DSC_3785.jpg,Brett Williams Studios LLC,Brett Williams,100% Chain of Title (Non-Scraped),17 U.S.C. § 106,Mandatory Disclosure Summary,1384a30014c0ebce01344dc001b16a14,Ai_Samples _Ready/09_Hollywood_Actors_HeadShots_50_JPEGS):/DSC_3785.jpg,2026-05-06 10:56:46
09_Hollywood_Actors_HeadShots_50_JPEGS):,T-losangeles-Brett-williams-boston-headshot-photographer.jpg,Brett Williams Studios LLC,Brett Williams,100% Chain of Title (Non-Scraped),17 U.S.C. § 106,Mandatory Disclosure Summary,a7e96e204d7940431ebcad0c2f1b7762,Ai_Samples _Ready/09_Hollywood_Actors_HeadShots_50_JPEGS):/T-losangeles-Brett-williams-boston-headshot-photographer.jpg,2026-05-06 10:56:46
09_Hollywood_Actors_HeadShots_50_JPEGS):,IMG_00011.jpg,Brett Williams Studios LLC,Brett Williams,100% Chain of Title (Non-Scraped),17 U.S.C. § 106,Mandatory Disclosure Summary,41beef056e09abb726b802d6842ff631,Ai_Samples _Ready/09_Hollywood_Actors_HeadShots_50_JPEGS):/IMG_00011.jpg,2026-05-06 10:56:46
09_Hollywood_Actors_HeadShots_50_JPEGS):,IMG_00005.jpg,Brett Williams Studios LLC,Brett Williams,100% Chain of Title (Non-Scraped),17 U.S.C. § 106,Mandatory Disclosure Summary,12c39cd66216b47cf553c3882b43c443,Ai_Samples _Ready/09_Hollywood_Actors_HeadShots_50_JPEGS):/IMG_00005.jpg,2026-05-06 10:56:46
09_Hollywood_Actors_HeadShots_50_JPEGS):,IMG_00039.jpg,Brett Williams Studios LLC,Brett Williams,100% Chain of Title (Non-Scraped),17 U.S.C. § 106,Mandatory Disclosure Summary,162e36123dd8793bf53d1caf37f25338,Ai_Samples _Ready/09_Hollywood_Actors_HeadShots_50_JPEGS):/IMG_00039.jpg,2026-05-06 10:56:46
09_Hollywood_Actors_HeadShots_50_JPEGS):,marinda-Brett-williams-boston-headshot-photographer-photogenics.jpg,Brett Williams Studios LLC,Brett Williams,100% Chain of Title (Non-Scraped),17 U.S.C. § 106,Mandatory Disclosure Summary,d6aa360cb5c394147d2e6d24bb0a9c91,Ai_Samples _Ready/09_Hollywood_Actors_HeadShots_50_JPEGS):/marinda-Brett-williams-boston-headshot-photographer-photogenics.jpg,2026-05-06 10:56:46
09_Hollywood_Actors_HeadShots_50_JPEGS):,IMG_00038.jpg,Brett Williams Studios LLC,Brett Williams,100% Chain of Title (Non-Scraped),17 U.S.C. § 106,Mandatory Disclosure Summary,253e1ce404e21350fe7737aa5f90b3fb,Ai_Samples _Ready/09_Hollywood_Actors_HeadShots_50_JPEGS):/IMG_00038.jpg,2026-05-06 10:56:46
09_Hollywood_Actors_HeadShots_50_JPEGS):,DSC_3021.jpg,Brett Williams Studios LLC,Brett Williams,100% Chain of Title (Non-Scraped),17 U.S.C. § 106,Mandatory Disclosure Summary,9ba29d73b854f0a87fa8beab04a6d453,Ai_Samples _Ready/09_Hollywood_Actors_HeadShots_50_JPEGS):/DSC_3021.jpg,2026-05-06 10:56:46
09_Hollywood_Actors_HeadShots_50_JPEGS):,IMG_00004.jpg,Brett Williams Studios LLC,Brett Williams,100% Chain of Title (Non-Scraped),17 U.S.C. § 106,Mandatory Disclosure Summary,96ae7455a478c041fa210a8b4dc97bc8,Ai_Samples _Ready/09_Hollywood_Actors_HeadShots_50_JPEGS):/IMG_00004.jpg,2026-05-06 10:56:46
09_Hollywood_Actors_HeadShots_50_JPEGS):,IMG_00010.jpg,Brett Williams Studios LLC,Brett Williams,100% Chain of Title (Non-Scraped),17 U.S.C. § 106,Mandatory Disclosure Summary,68b5d5e55f671dc8895bae677573d605,Ai_Samples _Ready/09_Hollywood_Actors_HeadShots_50_JPEGS):/IMG_00010.jpg,2026-05-06 10:56:46
09_Hollywood_Actors_HeadShots_50_JPEGS):,DSC_9524.jpg,Brett Williams Studios LLC,Brett Williams,100% Chain of Title (Non-Scraped),17 U.S.C. § 106,Mandatory Disclosure Summary,4b1b7a6028749d9ee86cc6ac98349cce,Ai_Samples _Ready/09_Hollywood_Actors_HeadShots_50_JPEGS):/DSC_9524.jpg,2026-05-06 10:56:46
09_Hollywood_Actors_HeadShots_50_JPEGS):,DSC_1193.jpg,Brett Williams Studios LLC,Brett Williams,100% Chain of Title (Non-Scraped),17 U.S.C. § 106,Mandatory Disclosure Summary,d02d3d25641c3403a1404b95cb08e2c2,Ai_Samples _Ready/09_Hollywood_Actors_HeadShots_50_JPEGS):/DSC_1193.jpg,2026-05-06 10:56:46
09_Hollywood_Actors_HeadShots_50_JPEGS):,07_miss-093.jpg,Brett Williams Studios LLC,Brett Williams,100% Chain of Title (Non-Scraped),17 U.S.C. § 106,Mandatory Disclosure Summary,a3b2c94a26f207549e4bf7d38cf03069,Ai_Samples _Ready/09_Hollywood_Actors_HeadShots_50_JPEGS):/07_miss-093.jpg,2026-05-06 10:56:46
09_Hollywood_Actors_HeadShots_50_JPEGS):,DSC_0299.jpg,Brett Williams Studios LLC,Brett Williams,100% Chain of Title (Non-Scraped),17 U.S.C. § 106,Mandatory Disclosure Summary,edaa405a04072e2be97381a98d694324,Ai_Samples _Ready/09_Hollywood_Actors_HeadShots_50_JPEGS):/DSC_0299.jpg,2026-05-06 10:56:46
09_Hollywood_Actors_HeadShots_50_JPEGS):,james.jpg,Brett Williams Studios LLC,Brett Williams,100% Chain of Title (Non-Scraped),17 U.S.C. § 106,Mandatory Disclosure Summary,2dbf577de7e7948415ae681e6a0c5483,Ai_Samples _Ready/09_Hollywood_Actors_HeadShots_50_JPEGS):/james.jpg,2026-05-06 10:56:46
09_Hollywood_Actors_HeadShots_50_JPEGS):,DSC_0058.jpg,Brett Williams Studios LLC,Brett Williams,100% Chain of Title (Non-Scraped),17 U.S.C. § 106,Mandatory Disclosure Summary,0cdb2a5d0479f91e3e10756d1c9d75f8,Ai_Samples _Ready/09_Hollywood_Actors_HeadShots_50_JPEGS):/DSC_0058.jpg,2026-05-06 10:56:46
09_Hollywood_Actors_HeadShots_50_JPEGS):,jax-0137.jpg,Brett Williams Studios LLC,Brett Williams,100% Chain of Title (Non-Scraped),17 U.S.C. § 106,Mandatory Disclosure Summary,2c0d50237c26c3e38998f1b1ca327320,Ai_Samples _Ready/09_Hollywood_Actors_HeadShots_50_JPEGS):/jax-0137.jpg,2026-05-06 10:56:46
09_Hollywood_Actors_HeadShots_50_JPEGS):,._IMG_00033.jpg,Brett Williams Studios LLC,Brett Williams,100% Chain of Title (Non-Scraped),17 U.S.C. § 106,Mandatory Disclosure Summary,af193f057ab8ed0b6f5927625fd486b7,Ai_Samples _Ready/09_Hollywood_Actors_HeadShots_50_JPEGS):/._IMG_00033.jpg,2026-05-06 10:56:46
09_Hollywood_Actors_HeadShots_50_JPEGS):,._IMG_00027.jpg,Brett Williams Studios LLC,Brett Williams,100% Chain of Title (Non-Scraped),17 U.S.C. § 106,Mandatory Disclosure Summary,af193f057ab8ed0b6f5927625fd486b7,Ai_Samples _Ready/09_Hollywood_Actors_HeadShots_50_JPEGS):/._IMG_00027.jpg,2026-05-06 10:56:46
09_Hollywood_Actors_HeadShots_50_JPEGS):,jamie-276.jpg,Brett Williams Studios LLC,Brett Williams,100% Chain of Title (Non-Scraped),17 U.S.C. § 106,Mandatory Disclosure Summary,ddeab471655455f642419eba1acb7df0,Ai_Samples _Ready/09_Hollywood_Actors_HeadShots_50_JPEGS):/jamie-276.jpg,2026-05-06 10:56:46
09_Hollywood_Actors_HeadShots_50_JPEGS):,kara-holden-Brett-williams-boston-headshot-photographer.jpg,Brett Williams Studios LLC,Brett Williams,100% Chain of Title (Non-Scraped),17 U.S.C. § 106,Mandatory Disclosure Summary,0c4f220ec78f4de1cf815a2a057d9885,Ai_Samples _Ready/09_Hollywood_Actors_HeadShots_50_JPEGS):/kara-holden-Brett-williams-boston-headshot-photographer.jpg,2026-05-06 10:56:46
09_Hollywood_Actors_HeadShots_50_JPEGS):,jessie-moses.jpg,Brett Williams Studios LLC,Brett Williams,100% Chain of Title (Non-Scraped),17 U.S.C. § 106,Mandatory Disclosure Summary,c69f259db76855f6a171b5fa8d1d3c43,Ai_Samples _Ready/09_Hollywood_Actors_HeadShots_50_JPEGS):/jessie-moses.jpg,2026-05-06 10:56:46
09_Hollywood_Actors_HeadShots_50_JPEGS):,maurey-sterling.jpg,Brett Williams Studios LLC,Brett Williams,100% Chain of Title (Non-Scraped),17 U.S.C. § 106,Mandatory Disclosure Summary,c007abbec88488ca5b55f835dadf2dc1,Ai_Samples _Ready/09_Hollywood_Actors_HeadShots_50_JPEGS):/maurey-sterling.jpg,2026-05-06 10:56:46
09_Hollywood_Actors_HeadShots_50_JPEGS):,17-laura-reagan.jpg,Brett Williams Studios LLC,Brett Williams,100% Chain of Title (Non-Scraped),17 U.S.C. § 106,Mandatory Disclosure Summary,a9578f7457c5505a8c7f60a92de655a4,Ai_Samples _Ready/09_Hollywood_Actors_HeadShots_50_JPEGS):/17-laura-reagan.jpg,2026-05-06 10:56:46
09_Hollywood_Actors_HeadShots_50_JPEGS):,._IMG_00023.jpg,Brett Williams Studios LLC,Brett Williams,100% Chain of Title (Non-Scraped),17 U.S.C. § 106,Mandatory Disclosure Summary,af193f057ab8ed0b6f5927625fd486b7,Ai_Samples _Ready/09_Hollywood_Actors_HeadShots_50_JPEGS):/._IMG_00023.jpg,2026-05-06 10:56:46
09_Hollywood_Actors_HeadShots_50_JPEGS):,._IMG_00037.jpg,Brett Williams Studios LLC,Brett Williams,100% Chain of Title (Non-Scraped),17 U.S.C. § 106,Mandatory Disclosure Summary,af193f057ab8ed0b6f5927625fd486b7,Ai_Samples _Ready/09_Hollywood_Actors_HeadShots_50_JPEGS):/._IMG_00037.jpg,2026-05-06 10:56:46
09_Hollywood_Actors_HeadShots_50_JPEGS):,anniesgotagun_web.jpg,Brett Williams Studios LLC,Brett Williams,100% Chain of Title (Non-Scraped),17 U.S.C. § 106,Mandatory Disclosure Summary,23c73404c2f10b32b922cf991d8c11d7,Ai_Samples _Ready/09_Hollywood_Actors_HeadShots_50_JPEGS):/anniesgotagun_web.jpg,2026-05-06 10:56:46
09_Hollywood_Actors_HeadShots_50_JPEGS):,eva-larue.jpg,Brett Williams Studios LLC,Brett Williams,100% Chain of Title (Non-Scraped),17 U.S.C. § 106,Mandatory Disclosure Summary,099219787cd9fe24e023ecba9745c9eb,Ai_Samples _Ready/09_Hollywood_Actors_HeadShots_50_JPEGS):/eva-larue.jpg,2026-05-06 10:56:46
09_Hollywood_Actors_HeadShots_50_JPEGS):,CRW_5735.jpg,Brett Williams Studios LLC,Brett Williams,100% Chain of Title (Non-Scraped),17 U.S.C. § 106,Mandatory Disclosure Summary,e2286e1ff1ff6cf9282aec9caef80645,Ai_Samples _Ready/09_Hollywood_Actors_HeadShots_50_JPEGS):/CRW_5735.jpg,2026-05-06 10:56:46
09_Hollywood_Actors_HeadShots_50_JPEGS):,caroline-boneham.jpg,Brett Williams Studios LLC,Brett Williams,100% Chain of Title (Non-Scraped),17 U.S.C. § 106,Mandatory Disclosure Summary,4b17167d57ea8e0c1f014f6b9b5f1c46,Ai_Samples _Ready/09_Hollywood_Actors_HeadShots_50_JPEGS):/caroline-boneham.jpg,2026-05-06 10:56:46
09_Hollywood_Actors_HeadShots_50_JPEGS):,genlux_eva_larue-Brett-williams-boston-headshot-photographer.jpg,Brett Williams Studios LLC,Brett Williams,100% Chain of Title (Non-Scraped),17 U.S.C. § 106,Mandatory Disclosure Summary,efb5cd9146cd978519e32f5b5620915b,Ai_Samples _Ready/09_Hollywood_Actors_HeadShots_50_JPEGS):/genlux_eva_larue-Brett-williams-boston-headshot-photographer.jpg,2026-05-06 10:56:46
09_Hollywood_Actors_HeadShots_50_JPEGS):,IMG_00028.jpg,Brett Williams Studios LLC,Brett Williams,100% Chain of Title (Non-Scraped),17 U.S.C. § 106,Mandatory Disclosure Summary,4ce052dc88b48d4884341cf9412cb9b8,Ai_Samples _Ready/09_Hollywood_Actors_HeadShots_50_JPEGS):/IMG_00028.jpg,2026-05-06 10:56:46
09_Hollywood_Actors_HeadShots_50_JPEGS):,IMG_00014.jpg,Brett Williams Studios LLC,Brett Williams,100% Chain of Title (Non-Scraped),17 U.S.C. § 106,Mandatory Disclosure Summary,4c00f0345052cadd3aea5301cba30b6e,Ai_Samples _Ready/09_Hollywood_Actors_HeadShots_50_JPEGS):/IMG_00014.jpg,2026-05-06 10:56:46
09_Hollywood_Actors_HeadShots_50_JPEGS):,placester-239.jpg,Brett Williams Studios LLC,Brett Williams,100% Chain of Title (Non-Scraped),17 U.S.C. § 106,Mandatory Disclosure Summary,20f13d8b8424ac73221262df623fd2b5,Ai_Samples _Ready/09_Hollywood_Actors_HeadShots_50_JPEGS):/placester-239.jpg,2026-05-06 10:56:46
09_Hollywood_Actors_HeadShots_50_JPEGS):,IMG_00001.jpg,Brett Williams Studios LLC,Brett Williams,100% Chain of Title (Non-Scraped),17 U.S.C. § 106,Mandatory Disclosure Summary,455e70270d11772ebd4bc675892755b0,Ai_Samples _Ready/09_Hollywood_Actors_HeadShots_50_JPEGS):/IMG_00001.jpg,2026-05-06 10:56:46
09_Hollywood_Actors_HeadShots_50_JPEGS):,IMG_00015.jpg,Brett Williams Studios LLC,Brett Williams,100% Chain of Title (Non-Scraped),17 U.S.C. § 106,Mandatory Disclosure Summary,6a5c2a65e6d4401abac71e0d79c4ac8e,Ai_Samples _Ready/09_Hollywood_Actors_HeadShots_50_JPEGS):/IMG_00015.jpg,2026-05-06 10:56:46
09_Hollywood_Actors_HeadShots_50_JPEGS):,jennifer_landon_Brett-williams-boston-headshot-photographer.jpg,Brett Williams Studios LLC,Brett Williams,100% Chain of Title (Non-Scraped),17 U.S.C. § 106,Mandatory Disclosure Summary,c1339c4b2dfa277da85c5aba2df58dc4,Ai_Samples _Ready/09_Hollywood_Actors_HeadShots_50_JPEGS):/jennifer_landon_Brett-williams-boston-headshot-photographer.jpg,2026-05-06 10:56:46
09_Hollywood_Actors_HeadShots_50_JPEGS):,eva2-0237_24x36.jpg,Brett Williams Studios LLC,Brett Williams,100% Chain of Title (Non-Scraped),17 U.S.C. § 106,Mandatory Disclosure Summary,70ac23afb01ccfc495c33e5351523b0d,Ai_Samples _Ready/09_Hollywood_Actors_HeadShots_50_JPEGS):/eva2-0237_24x36.jpg,2026-05-06 10:56:46
09_Hollywood_Actors_HeadShots_50_JPEGS):,DSC_2448.jpg,Brett Williams Studios LLC,Brett Williams,100% Chain of Title (Non-Scraped),17 U.S.C. § 106,Mandatory Disclosure Summary,54bc38aa5cde2a989ff3e6cbf83d7b6a,Ai_Samples _Ready/09_Hollywood_Actors_HeadShots_50_JPEGS):/DSC_2448.jpg,2026-05-06 10:56:46
09_Hollywood_Actors_HeadShots_50_JPEGS):,IMG_00029.jpg,Brett Williams Studios LLC,Brett Williams,100% Chain of Title (Non-Scraped),17 U.S.C. § 106,Mandatory Disclosure Summary,5fdf94dd9523a65db861fb51d249f4c8,Ai_Samples _Ready/09_Hollywood_Actors_HeadShots_50_JPEGS):/IMG_00029.jpg,2026-05-06 10:56:46
09_Hollywood_Actors_HeadShots_50_JPEGS):,ls-0002.jpg,Brett Williams Studios LLC,Brett Williams,100% Chain of Title (Non-Scraped),17 U.S.C. § 106,Mandatory Disclosure Summary,e864d69b2be97fbc0ee7e9e2495162a0,Ai_Samples _Ready/09_Hollywood_Actors_HeadShots_50_JPEGS):/ls-0002.jpg,2026-05-06 10:56:46
09_Hollywood_Actors_HeadShots_50_JPEGS):,heart-breaker.jpg,Brett Williams Studios LLC,Brett Williams,100% Chain of Title (Non-Scraped),17 U.S.C. § 106,Mandatory Disclosure Summary,d0df1fcc9ef18e16e02a8959ca3f1091,Ai_Samples _Ready/09_Hollywood_Actors_HeadShots_50_JPEGS):/heart-breaker.jpg,2026-05-06 10:56:46
09_Hollywood_Actors_HeadShots_50_JPEGS):,03_miss-061.jpg,Brett Williams Studios LLC,Brett Williams,100% Chain of Title (Non-Scraped),17 U.S.C. § 106,Mandatory Disclosure Summary,ca701acf00035b815d665e6e37e99539,Ai_Samples _Ready/09_Hollywood_Actors_HeadShots_50_JPEGS):/03_miss-061.jpg,2026-05-06 10:56:46
09_Hollywood_Actors_HeadShots_50_JPEGS):,b_rosen-108-1.jpg,Brett Williams Studios LLC,Brett Williams,100% Chain of Title (Non-Scraped),17 U.S.C. § 106,Mandatory Disclosure Summary,9a10740c224e6c43f29373090169dc77,Ai_Samples _Ready/09_Hollywood_Actors_HeadShots_50_JPEGS):/b_rosen-108-1.jpg,2026-05-06 10:56:46
09_Hollywood_Actors_HeadShots_50_JPEGS):,neal-fraser-0024.jpg,Brett Williams Studios LLC,Brett Williams,100% Chain of Title (Non-Scraped),17 U.S.C. § 106,Mandatory Disclosure Summary,73bc6a28cd5179ab4f708d3b858cce17,Ai_Samples _Ready/09_Hollywood_Actors_HeadShots_50_JPEGS):/neal-fraser-0024.jpg,2026-05-06 10:56:46
09_Hollywood_Actors_HeadShots_50_JPEGS):,Brett-williams-boston-headshot-photographer-alita.jpg,Brett Williams Studios LLC,Brett Williams,100% Chain of Title (Non-Scraped),17 U.S.C. § 106,Mandatory Disclosure Summary,8a1526fe74c925b45822a501c049fa4d,Ai_Samples _Ready/09_Hollywood_Actors_HeadShots_50_JPEGS):/Brett-williams-boston-headshot-photographer-alita.jpg,2026-05-06 10:56:46
09_Hollywood_Actors_HeadShots_50_JPEGS):,brianna-hicks-Brett-williams-boston-headshot-photographer.jpg,Brett Williams Studios LLC,Brett Williams,100% Chain of Title (Non-Scraped),17 U.S.C. § 106,Mandatory Disclosure Summary,bcbe8deb9b45d96743b83bfa0bb42a3d,Ai_Samples _Ready/09_Hollywood_Actors_HeadShots_50_JPEGS):/brianna-hicks-Brett-williams-boston-headshot-photographer.jpg,2026-05-06 10:56:46
09_Hollywood_Actors_HeadShots_50_JPEGS):,._IMG_00036.jpg,Brett Williams Studios LLC,Brett Williams,100% Chain of Title (Non-Scraped),17 U.S.C. § 106,Mandatory Disclosure Summary,af193f057ab8ed0b6f5927625fd486b7,Ai_Samples _Ready/09_Hollywood_Actors_HeadShots_50_JPEGS):/._IMG_00036.jpg,2026-05-06 10:56:46
09_Hollywood_Actors_HeadShots_50_JPEGS):,._IMG_00022.jpg,Brett Williams Studios LLC,Brett Williams,100% Chain of Title (Non-Scraped),17 U.S.C. § 106,Mandatory Disclosure Summary,af193f057ab8ed0b6f5927625fd486b7,Ai_Samples _Ready/09_Hollywood_Actors_HeadShots_50_JPEGS):/._IMG_00022.jpg,2026-05-06 10:56:46
09_Hollywood_Actors_HeadShots_50_JPEGS):,miss-906-370.jpg,Brett Williams Studios LLC,Brett Williams,100% Chain of Title (Non-Scraped),17 U.S.C. § 106,Mandatory Disclosure Summary,7f2f9dfea6ae91e615927f41b19434ea,Ai_Samples _Ready/09_Hollywood_Actors_HeadShots_50_JPEGS):/miss-906-370.jpg,2026-05-06 10:56:46
09_Hollywood_Actors_HeadShots_50_JPEGS):,DSC_8993.jpg,Brett Williams Studios LLC,Brett Williams,100% Chain of Title (Non-Scraped),17 U.S.C. § 106,Mandatory Disclosure Summary,bbd3f6227cd26ddef1bc8abf3ad02577,Ai_Samples _Ready/09_Hollywood_Actors_HeadShots_50_JPEGS):/DSC_8993.jpg,2026-05-06 10:56:46
09_Hollywood_Actors_HeadShots_50_JPEGS):,DSC_1716-copy.jpg,Brett Williams Studios LLC,Brett Williams,100% Chain of Title (Non-Scraped),17 U.S.C. § 106,Mandatory Disclosure Summary,c35296da6f73d320038b2dbb2255a7ac,Ai_Samples _Ready/09_Hollywood_Actors_HeadShots_50_JPEGS):/DSC_1716-copy.jpg,2026-05-06 10:56:46
09_Hollywood_Actors_HeadShots_50_JPEGS):,kevin-0357.jpg,Brett Williams Studios LLC,Brett Williams,100% Chain of Title (Non-Scraped),17 U.S.C. § 106,Mandatory Disclosure Summary,75fbb837bbd2d270ed2eb59db6e6ba20,Ai_Samples _Ready/09_Hollywood_Actors_HeadShots_50_JPEGS):/kevin-0357.jpg,2026-05-06 10:56:46
09_Hollywood_Actors_HeadShots_50_JPEGS):,laura-reagan-092.jpg,Brett Williams Studios LLC,Brett Williams,100% Chain of Title (Non-Scraped),17 U.S.C. § 106,Mandatory Disclosure Summary,f9ed200bdf0d0c23d64c5f406f63959d,Ai_Samples _Ready/09_Hollywood_Actors_HeadShots_50_JPEGS):/laura-reagan-092.jpg,2026-05-06 10:56:46
09_Hollywood_Actors_HeadShots_50_JPEGS):,citrus-(179).jpg,Brett Williams Studios LLC,Brett Williams,100% Chain of Title (Non-Scraped),17 U.S.C. § 106,Mandatory Disclosure Summary,32530704a1b436b3e2eefe938c2ad0cc,Ai_Samples _Ready/09_Hollywood_Actors_HeadShots_50_JPEGS):/citrus-(179).jpg,2026-05-06 10:56:46
09_Hollywood_Actors_HeadShots_50_JPEGS):,ana-305.jpg,Brett Williams Studios LLC,Brett Williams,100% Chain of Title (Non-Scraped),17 U.S.C. § 106,Mandatory Disclosure Summary,0894753001499a49797fa8e0350ee247,Ai_Samples _Ready/09_Hollywood_Actors_HeadShots_50_JPEGS):/ana-305.jpg,2026-05-06 10:56:46
09_Hollywood_Actors_HeadShots_50_JPEGS):,avalon-barry-0154.jpg,Brett Williams Studios LLC,Brett Williams,100% Chain of Title (Non-Scraped),17 U.S.C. § 106,Mandatory Disclosure Summary,1f39bdbf76f3eb84c8f34eb66a980ea9,Ai_Samples _Ready/09_Hollywood_Actors_HeadShots_50_JPEGS):/avalon-barry-0154.jpg,2026-05-06 10:56:46
09_Hollywood_Actors_HeadShots_50_JPEGS):,brianna-hicks.jpg,Brett Williams Studios LLC,Brett Williams,100% Chain of Title (Non-Scraped),17 U.S.C. § 106,Mandatory Disclosure Summary,0df9c3ae908153543f26f6b7781a0223,Ai_Samples _Ready/09_Hollywood_Actors_HeadShots_50_JPEGS):/brianna-hicks.jpg,2026-05-06 10:56:46
09_Hollywood_Actors_HeadShots_50_JPEGS):,lori.jpg,Brett Williams Studios LLC,Brett Williams,100% Chain of Title (Non-Scraped),17 U.S.C. § 106,Mandatory Disclosure Summary,6598602f237d7b3ff261d3e0906aa3ba,Ai_Samples _Ready/09_Hollywood_Actors_HeadShots_50_JPEGS):/lori.jpg,2026-05-06 10:56:46
09_Hollywood_Actors_HeadShots_50_JPEGS):,sarah-karges.jpg,Brett Williams Studios LLC,Brett Williams,100% Chain of Title (Non-Scraped),17 U.S.C. § 106,Mandatory Disclosure Summary,7990f6e1ff2b45a3a3b0c3ba747f5068,Ai_Samples _Ready/09_Hollywood_Actors_HeadShots_50_JPEGS):/sarah-karges.jpg,2026-05-06 10:56:46
09_Hollywood_Actors_HeadShots_50_JPEGS):,51_MattHurst-0883-web.jpg,Brett Williams Studios LLC,Brett Williams,100% Chain of Title (Non-Scraped),17 U.S.C. § 106,Mandatory Disclosure Summary,b35d0c8897b055927cfec90c3ccc8ebe,Ai_Samples _Ready/09_Hollywood_Actors_HeadShots_50_JPEGS):/51_MattHurst-0883-web.jpg,2026-05-06 10:56:46
09_Hollywood_Actors_HeadShots_50_JPEGS):,eva2-0162.jpg,Brett Williams Studios LLC,Brett Williams,100% Chain of Title (Non-Scraped),17 U.S.C. § 106,Mandatory Disclosure Summary,f770d5ce36e47a4994f9fa00e31858be,Ai_Samples _Ready/09_Hollywood_Actors_HeadShots_50_JPEGS):/eva2-0162.jpg,2026-05-06 10:56:46
09_Hollywood_Actors_HeadShots_50_JPEGS):,._IMG_00034.jpg,Brett Williams Studios LLC,Brett Williams,100% Chain of Title (Non-Scraped),17 U.S.C. § 106,Mandatory Disclosure Summary,af193f057ab8ed0b6f5927625fd486b7,Ai_Samples _Ready/09_Hollywood_Actors_HeadShots_50_JPEGS):/._IMG_00034.jpg,2026-05-06 10:56:46
09_Hollywood_Actors_HeadShots_50_JPEGS):,._IMG_00020.jpg,Brett Williams Studios LLC,Brett Williams,100% Chain of Title (Non-Scraped),17 U.S.C. § 106,Mandatory Disclosure Summary,af193f057ab8ed0b6f5927625fd486b7,Ai_Samples _Ready/09_Hollywood_Actors_HeadShots_50_JPEGS):/._IMG_00020.jpg,2026-05-06 10:56:46
09_Hollywood_Actors_HeadShots_50_JPEGS):,lindsey_samuelson.jpg,Brett Williams Studios LLC,Brett Williams,100% Chain of Title (Non-Scraped),17 U.S.C. § 106,Mandatory Disclosure Summary,008270bdae31903c13e1ebe57f28d461,Ai_Samples _Ready/09_Hollywood_Actors_HeadShots_50_JPEGS):/lindsey_samuelson.jpg,2026-05-06 10:56:46
09_Hollywood_Actors_HeadShots_50_JPEGS):,._IMG_00008.jpg,Brett Williams Studios LLC,Brett Williams,100% Chain of Title (Non-Scraped),17 U.S.C. § 106,Mandatory Disclosure Summary,af193f057ab8ed0b6f5927625fd486b7,Ai_Samples _Ready/09_Hollywood_Actors_HeadShots_50_JPEGS):/._IMG_00008.jpg,2026-05-06 10:56:46
09_Hollywood_Actors_HeadShots_50_JPEGS):,64_StaceyEpstein-1094-web.jpg,Brett Williams Studios LLC,Brett Williams,100% Chain of Title (Non-Scraped),17 U.S.C. § 106,Mandatory Disclosure Summary,35733f0e22f7858280f9f7ce2762f07f,Ai_Samples _Ready/09_Hollywood_Actors_HeadShots_50_JPEGS):/64_StaceyEpstein-1094-web.jpg,2026-05-06 10:56:46
09_Hollywood_Actors_HeadShots_50_JPEGS):,Shopaholic-magazine-Brett-williams-boston-headshot-photographer.jpg,Brett Williams Studios LLC,Brett Williams,100% Chain of Title (Non-Scraped),17 U.S.C. § 106,Mandatory Disclosure Summary,2e6e1971c67761bb8a477e64719a3e50,Ai_Samples _Ready/09_Hollywood_Actors_HeadShots_50_JPEGS):/Shopaholic-magazine-Brett-williams-boston-headshot-photographer.jpg,2026-05-06 10:56:46
09_Hollywood_Actors_HeadShots_50_JPEGS):,citrus-Brett-williams-boston-headshot-photographer.jpg,Brett Williams Studios LLC,Brett Williams,100% Chain of Title (Non-Scraped),17 U.S.C. § 106,Mandatory Disclosure Summary,88dcd790f263f5deb4fae88d3962cdfe,Ai_Samples _Ready/09_Hollywood_Actors_HeadShots_50_JPEGS):/citrus-Brett-williams-boston-headshot-photographer.jpg,2026-05-06 10:56:46
09_Hollywood_Actors_HeadShots_50_JPEGS):,caroline_0277.jpg,Brett Williams Studios LLC,Brett Williams,100% Chain of Title (Non-Scraped),17 U.S.C. § 106,Mandatory Disclosure Summary,ecb6b78043652dde54bc510bd7b0054d,Ai_Samples _Ready/09_Hollywood_Actors_HeadShots_50_JPEGS):/caroline_0277.jpg,2026-05-06 10:56:46
09_Hollywood_Actors_HeadShots_50_JPEGS):,capital_tailors_0943.jpg,Brett Williams Studios LLC,Brett Williams,100% Chain of Title (Non-Scraped),17 U.S.C. § 106,Mandatory Disclosure Summary,4133259ee9060399db365e4cbe9aa756,Ai_Samples _Ready/09_Hollywood_Actors_HeadShots_50_JPEGS):/capital_tailors_0943.jpg,2026-05-06 10:56:46
09_Hollywood_Actors_HeadShots_50_JPEGS):,IMG_00003.jpg,Brett Williams Studios LLC,Brett Williams,100% Chain of Title (Non-Scraped),17 U.S.C. § 106,Mandatory Disclosure Summary,402bbea8d61da84219e738512b85366e,Ai_Samples _Ready/09_Hollywood_Actors_HeadShots_50_JPEGS):/IMG_00003.jpg,2026-05-06 10:56:46
09_Hollywood_Actors_HeadShots_50_JPEGS):,layla-461.jpg,Brett Williams Studios LLC,Brett Williams,100% Chain of Title (Non-Scraped),17 U.S.C. § 106,Mandatory Disclosure Summary,60dae3a53059d9dbf8ccc516b842b0af,Ai_Samples _Ready/09_Hollywood_Actors_HeadShots_50_JPEGS):/layla-461.jpg,2026-05-06 10:56:46
09_Hollywood_Actors_HeadShots_50_JPEGS):,IMG_00017.jpg,Brett Williams Studios LLC,Brett Williams,100% Chain of Title (Non-Scraped),17 U.S.C. § 106,Mandatory Disclosure Summary,7cf5be51b64bf57cd9d097f5e7c8cfa4,Ai_Samples _Ready/09_Hollywood_Actors_HeadShots_50_JPEGS):/IMG_00017.jpg,2026-05-06 10:56:46
09_Hollywood_Actors_HeadShots_50_JPEGS):,robin-280.jpg,Brett Williams Studios LLC,Brett Williams,100% Chain of Title (Non-Scraped),17 U.S.C. § 106,Mandatory Disclosure Summary,a018f7c045dacf59d99f8f2a01710be5,Ai_Samples _Ready/09_Hollywood_Actors_HeadShots_50_JPEGS):/robin-280.jpg,2026-05-06 10:56:46
09_Hollywood_Actors_HeadShots_50_JPEGS):,IMG_00016.jpg,Brett Williams Studios LLC,Brett Williams,100% Chain of Title (Non-Scraped),17 U.S.C. § 106,Mandatory Disclosure Summary,ed23d32433f5c403c4978f80a84b07d3,Ai_Samples _Ready/09_Hollywood_Actors_HeadShots_50_JPEGS):/IMG_00016.jpg,2026-05-06 10:56:46
09_Hollywood_Actors_HeadShots_50_JPEGS):,IMG_00002.jpg,Brett Williams Studios LLC,Brett Williams,100% Chain of Title (Non-Scraped),17 U.S.C. § 106,Mandatory Disclosure Summary,489aaa599edb22c75cb268bb93901502,Ai_Samples _Ready/09_Hollywood_Actors_HeadShots_50_JPEGS):/IMG_00002.jpg,2026-05-06 10:56:46
09_Hollywood_Actors_HeadShots_50_JPEGS):,13_miss-044.jpg,Brett Williams Studios LLC,Brett Williams,100% Chain of Title (Non-Scraped),17 U.S.C. § 106,Mandatory Disclosure Summary,46ed1568c59196793fd36fc2230fbf48,Ai_Samples _Ready/09_Hollywood_Actors_HeadShots_50_JPEGS):/13_miss-044.jpg,2026-05-06 10:56:46
09_Hollywood_Actors_HeadShots_50_JPEGS):,alita-dawson-Brett-williams-boston-headshot-photographer.jpg,Brett Williams Studios LLC,Brett Williams,100% Chain of Title (Non-Scraped),17 U.S.C. § 106,Mandatory Disclosure Summary,9a17a7b335251915001741ac9627b85d,Ai_Samples _Ready/09_Hollywood_Actors_HeadShots_50_JPEGS):/alita-dawson-Brett-williams-boston-headshot-photographer.jpg,2026-05-06 10:56:46
09_Hollywood_Actors_HeadShots_50_JPEGS):,gary-ashley-danny-clinch-Brett-williams-boston-headshot-photographer.jpg,Brett Williams Studios LLC,Brett Williams,100% Chain of Title (Non-Scraped),17 U.S.C. § 106,Mandatory Disclosure Summary,9893ffb35783704f04d97d43f6e57a61,Ai_Samples _Ready/09_Hollywood_Actors_HeadShots_50_JPEGS):/gary-ashley-danny-clinch-Brett-williams-boston-headshot-photographer.jpg,2026-05-06 10:56:46
09_Hollywood_Actors_HeadShots_50_JPEGS):,miss-Brett-williams-boston-headshot-photographer-.jpg,Brett Williams Studios LLC,Brett Williams,100% Chain of Title (Non-Scraped),17 U.S.C. § 106,Mandatory Disclosure Summary,5459e3b76d203eb9c4767ffe49d2f468,Ai_Samples _Ready/09_Hollywood_Actors_HeadShots_50_JPEGS):/miss-Brett-williams-boston-headshot-photographer-.jpg,2026-05-06 10:56:46
09_Hollywood_Actors_HeadShots_50_JPEGS):,antonia-campbell-hughes-Brett-williams-boston-headshot-photographer.jpg,Brett Williams Studios LLC,Brett Williams,100% Chain of Title (Non-Scraped),17 U.S.C. § 106,Mandatory Disclosure Summary,82d89ca31914d7cecbcd87708c932f76,Ai_Samples _Ready/09_Hollywood_Actors_HeadShots_50_JPEGS):/antonia-campbell-hughes-Brett-williams-boston-headshot-photographer.jpg,2026-05-06 10:56:46
09_Hollywood_Actors_HeadShots_50_JPEGS):,josh-0041.jpg,Brett Williams Studios LLC,Brett Williams,100% Chain of Title (Non-Scraped),17 U.S.C. § 106,Mandatory Disclosure Summary,c9441d11703e470966ece89feea8ca9e,Ai_Samples _Ready/09_Hollywood_Actors_HeadShots_50_JPEGS):/josh-0041.jpg,2026-05-06 10:56:46
09_Hollywood_Actors_HeadShots_50_JPEGS):,jax-0079.jpg,Brett Williams Studios LLC,Brett Williams,100% Chain of Title (Non-Scraped),17 U.S.C. § 106,Mandatory Disclosure Summary,f3405d91abcd62ea98adb64ccaffe465,Ai_Samples _Ready/09_Hollywood_Actors_HeadShots_50_JPEGS):/jax-0079.jpg,2026-05-06 10:56:46
09_Hollywood_Actors_HeadShots_50_JPEGS):,._IMG_00009.jpg,Brett Williams Studios LLC,Brett Williams,100% Chain of Title (Non-Scraped),17 U.S.C. § 106,Mandatory Disclosure Summary,af193f057ab8ed0b6f5927625fd486b7,Ai_Samples _Ready/09_Hollywood_Actors_HeadShots_50_JPEGS):/._IMG_00009.jpg,2026-05-06 10:56:46
09_Hollywood_Actors_HeadShots_50_JPEGS):,._IMG_00021.jpg,Brett Williams Studios LLC,Brett Williams,100% Chain of Title (Non-Scraped),17 U.S.C. § 106,Mandatory Disclosure Summary,af193f057ab8ed0b6f5927625fd486b7,Ai_Samples _Ready/09_Hollywood_Actors_HeadShots_50_JPEGS):/._IMG_00021.jpg,2026-05-06 10:56:46
09_Hollywood_Actors_HeadShots_50_JPEGS):,DSC_7645.jpg,Brett Williams Studios LLC,Brett Williams,100% Chain of Title (Non-Scraped),17 U.S.C. § 106,Mandatory Disclosure Summary,744ca4b8f4fc29f1b5fc906fb3196cd9,Ai_Samples _Ready/09_Hollywood_Actors_HeadShots_50_JPEGS):/DSC_7645.jpg,2026-05-06 10:56:46
09_Hollywood_Actors_HeadShots_50_JPEGS):,._IMG_00035.jpg,Brett Williams Studios LLC,Brett Williams,100% Chain of Title (Non-Scraped),17 U.S.C. § 106,Mandatory Disclosure Summary,af193f057ab8ed0b6f5927625fd486b7,Ai_Samples _Ready/09_Hollywood_Actors_HeadShots_50_JPEGS):/._IMG_00035.jpg,2026-05-06 10:56:46
09_Hollywood_Actors_HeadShots_50_JPEGS):,IMG_6013_vintage-havana-web.jpg,Brett Williams Studios LLC,Brett Williams,100% Chain of Title (Non-Scraped),17 U.S.C. § 106,Mandatory Disclosure Summary,9edebdb49380d3e9ad5a8c927a0c43a2,Ai_Samples _Ready/09_Hollywood_Actors_HeadShots_50_JPEGS):/IMG_6013_vintage-havana-web.jpg,2026-05-06 10:56:46
09_Hollywood_Actors_HeadShots_50_JPEGS):,kara-0171.jpg,Brett Williams Studios LLC,Brett Williams,100% Chain of Title (Non-Scraped),17 U.S.C. § 106,Mandatory Disclosure Summary,b69dea07106f8fbf5f78a797d21021c8,Ai_Samples _Ready/09_Hollywood_Actors_HeadShots_50_JPEGS):/kara-0171.jpg,2026-05-06 10:56:46
09_Hollywood_Actors_HeadShots_50_JPEGS):,06-miss-906-467.jpg,Brett Williams Studios LLC,Brett Williams,100% Chain of Title (Non-Scraped),17 U.S.C. § 106,Mandatory Disclosure Summary,ba33b12e2ca02363e3953093848f6bed,Ai_Samples _Ready/09_Hollywood_Actors_HeadShots_50_JPEGS):/06-miss-906-467.jpg,2026-05-06 10:56:46
09_Hollywood_Actors_HeadShots_50_JPEGS):,CRW_0263.jpg,Brett Williams Studios LLC,Brett Williams,100% Chain of Title (Non-Scraped),17 U.S.C. § 106,Mandatory Disclosure Summary,2c6e1da61115d2ad19d1829ab64ff2a2,Ai_Samples _Ready/09_Hollywood_Actors_HeadShots_50_JPEGS):/CRW_0263.jpg,2026-05-06 10:56:46
09_Hollywood_Actors_HeadShots_50_JPEGS):,DSC_4698.jpg,Brett Williams Studios LLC,Brett Williams,100% Chain of Title (Non-Scraped),17 U.S.C. § 106,Mandatory Disclosure Summary,9fd64329cf65bea1d07328778e95f11d,Ai_Samples _Ready/09_Hollywood_Actors_HeadShots_50_JPEGS):/DSC_4698.jpg,2026-05-06 10:56:46
09_Hollywood_Actors_HeadShots_50_JPEGS):,citrus-(109).jpg,Brett Williams Studios LLC,Brett Williams,100% Chain of Title (Non-Scraped),17 U.S.C. § 106,Mandatory Disclosure Summary,891bce70f674d926212662df9b44be02,Ai_Samples _Ready/09_Hollywood_Actors_HeadShots_50_JPEGS):/citrus-(109).jpg,2026-05-06 10:56:46
09_Hollywood_Actors_HeadShots_50_JPEGS):,ms062.jpg,Brett Williams Studios LLC,Brett Williams,100% Chain of Title (Non-Scraped),17 U.S.C. § 106,Mandatory Disclosure Summary,1aa334b8281f75a7d3a82395fd6f943e,Ai_Samples _Ready/09_Hollywood_Actors_HeadShots_50_JPEGS):/ms062.jpg,2026-05-06 10:56:46
09_Hollywood_Actors_HeadShots_50_JPEGS):,rachel_8014-copy.jpg,Brett Williams Studios LLC,Brett Williams,100% Chain of Title (Non-Scraped),17 U.S.C. § 106,Mandatory Disclosure Summary,922f16710079270b0db26e074d98e4fe,Ai_Samples _Ready/09_Hollywood_Actors_HeadShots_50_JPEGS):/rachel_8014-copy.jpg,2026-05-06 10:56:46
09_Hollywood_Actors_HeadShots_50_JPEGS):,DSC_8707.jpg,Brett Williams Studios LLC,Brett Williams,100% Chain of Title (Non-Scraped),17 U.S.C. § 106,Mandatory Disclosure Summary,5eaf1afa546c676562262ef078408776,Ai_Samples _Ready/09_Hollywood_Actors_HeadShots_50_JPEGS):/DSC_8707.jpg,2026-05-06 10:56:46
09_Hollywood_Actors_HeadShots_50_JPEGS):,._IMG_00046.jpg,Brett Williams Studios LLC,Brett Williams,100% Chain of Title (Non-Scraped),17 U.S.C. § 106,Mandatory Disclosure Summary,af193f057ab8ed0b6f5927625fd486b7,Ai_Samples _Ready/09_Hollywood_Actors_HeadShots_50_JPEGS):/._IMG_00046.jpg,2026-05-06 10:56:46
09_Hollywood_Actors_HeadShots_50_JPEGS):,marinda_2129.jpg,Brett Williams Studios LLC,Brett Williams,100% Chain of Title (Non-Scraped),17 U.S.C. § 106,Mandatory Disclosure Summary,3200a304b12bca8f377e0c7674c55a9f,Ai_Samples _Ready/09_Hollywood_Actors_HeadShots_50_JPEGS):/marinda_2129.jpg,2026-05-06 10:56:46
09_Hollywood_Actors_HeadShots_50_JPEGS):,DSC_6851.jpg,Brett Williams Studios LLC,Brett Williams,100% Chain of Title (Non-Scraped),17 U.S.C. § 106,Mandatory Disclosure Summary,3f3355aa63601142765ff5c13692a84b,Ai_Samples _Ready/09_Hollywood_Actors_HeadShots_50_JPEGS):/DSC_6851.jpg,2026-05-06 10:56:46
09_Hollywood_Actors_HeadShots_50_JPEGS):,layla-374.jpg,Brett Williams Studios LLC,Brett Williams,100% Chain of Title (Non-Scraped),17 U.S.C. § 106,Mandatory Disclosure Summary,7ca52706c8687fabf2f90134635a2e2d,Ai_Samples _Ready/09_Hollywood_Actors_HeadShots_50_JPEGS):/layla-374.jpg,2026-05-06 10:56:46
09_Hollywood_Actors_HeadShots_50_JPEGS):,regan-laura-Brett-williams-boston-headshot-photographer.jpg,Brett Williams Studios LLC,Brett Williams,100% Chain of Title (Non-Scraped),17 U.S.C. § 106,Mandatory Disclosure Summary,58ea9da07b2627e0bc848169184fce9b,Ai_Samples _Ready/09_Hollywood_Actors_HeadShots_50_JPEGS):/regan-laura-Brett-williams-boston-headshot-photographer.jpg,2026-05-06 10:56:46
09_Hollywood_Actors_HeadShots_50_JPEGS):,DSC_2305-hs-copy.jpg,Brett Williams Studios LLC,Brett Williams,100% Chain of Title (Non-Scraped),17 U.S.C. § 106,Mandatory Disclosure Summary,12189a3feb21eb6839be2d5a231e32f9,Ai_Samples _Ready/09_Hollywood_Actors_HeadShots_50_JPEGS):/DSC_2305-hs-copy.jpg,2026-05-06 10:56:46
09_Hollywood_Actors_HeadShots_50_JPEGS):,avalon-barry-0292.jpg,Brett Williams Studios LLC,Brett Williams,100% Chain of Title (Non-Scraped),17 U.S.C. § 106,Mandatory Disclosure Summary,1528b3907c3edaf786e47d85299e8f8f,Ai_Samples _Ready/09_Hollywood_Actors_HeadShots_50_JPEGS):/avalon-barry-0292.jpg,2026-05-06 10:56:46
09_Hollywood_Actors_HeadShots_50_JPEGS):,DSC_3162-web.jpg,Brett Williams Studios LLC,Brett Williams,100% Chain of Title (Non-Scraped),17 U.S.C. § 106,Mandatory Disclosure Summary,e2a98a428d9b227b07cfb41acc7b0a68,Ai_Samples _Ready/09_Hollywood_Actors_HeadShots_50_JPEGS):/DSC_3162-web.jpg,2026-05-06 10:56:46
09_Hollywood_Actors_HeadShots_50_JPEGS):,Anna_0897.jpg,Brett Williams Studios LLC,Brett Williams,100% Chain of Title (Non-Scraped),17 U.S.C. § 106,Mandatory Disclosure Summary,7272d9b107bed0c3bfe746fabe3d02f5,Ai_Samples _Ready/09_Hollywood_Actors_HeadShots_50_JPEGS):/Anna_0897.jpg,2026-05-06 10:56:46
09_Hollywood_Actors_HeadShots_50_JPEGS):,64_StaceyEpstein-1094.jpg,Brett Williams Studios LLC,Brett Williams,100% Chain of Title (Non-Scraped),17 U.S.C. § 106,Mandatory Disclosure Summary,ebaea2b14de5b5d6c028be7a7178cdce,Ai_Samples _Ready/09_Hollywood_Actors_HeadShots_50_JPEGS):/64_StaceyEpstein-1094.jpg,2026-05-06 10:56:46
09_Hollywood_Actors_HeadShots_50_JPEGS):,._IMG_00047.jpg,Brett Williams Studios LLC,Brett Williams,100% Chain of Title (Non-Scraped),17 U.S.C. § 106,Mandatory Disclosure Summary,af193f057ab8ed0b6f5927625fd486b7,Ai_Samples _Ready/09_Hollywood_Actors_HeadShots_50_JPEGS):/._IMG_00047.jpg,2026-05-06 10:56:46
09_Hollywood_Actors_HeadShots_50_JPEGS):,stevann-lazich-Brett-williams-boston-headshot-photographer.jpg,Brett Williams Studios LLC,Brett Williams,100% Chain of Title (Non-Scraped),17 U.S.C. § 106,Mandatory Disclosure Summary,6e2086b244dbb2127bb8e5f5da782d6b,Ai_Samples _Ready/09_Hollywood_Actors_HeadShots_50_JPEGS):/stevann-lazich-Brett-williams-boston-headshot-photographer.jpg,2026-05-06 10:56:46
09_Hollywood_Actors_HeadShots_50_JPEGS):,miss-906-473.jpg,Brett Williams Studios LLC,Brett Williams,100% Chain of Title (Non-Scraped),17 U.S.C. § 106,Mandatory Disclosure Summary,4163ae40960efa94c115c8bfcb910ea3,Ai_Samples _Ready/09_Hollywood_Actors_HeadShots_50_JPEGS):/miss-906-473.jpg,2026-05-06 10:56:46
09_Hollywood_Actors_HeadShots_50_JPEGS):,miss-906-467.jpg,Brett Williams Studios LLC,Brett Williams,100% Chain of Title (Non-Scraped),17 U.S.C. § 106,Mandatory Disclosure Summary,d249c196060d8c1394eea9de46bec044,Ai_Samples _Ready/09_Hollywood_Actors_HeadShots_50_JPEGS):/miss-906-467.jpg,2026-05-06 10:56:46
09_Hollywood_Actors_HeadShots_50_JPEGS):,CRW_0418-copy.jpg,Brett Williams Studios LLC,Brett Williams,100% Chain of Title (Non-Scraped),17 U.S.C. § 106,Mandatory Disclosure Summary,8cc774151e843e4e95135f0822ccf6a8,Ai_Samples _Ready/09_Hollywood_Actors_HeadShots_50_JPEGS):/CRW_0418-copy.jpg,2026-05-06 10:56:46
09_Hollywood_Actors_HeadShots_50_JPEGS):,Minka-Kelly-Brett-williams-boston-headshot-photographer.jpg,Brett Williams Studios LLC,Brett Williams,100% Chain of Title (Non-Scraped),17 U.S.C. § 106,Mandatory Disclosure Summary,9e0b98852c02e41df2763ef042cc78f1,Ai_Samples _Ready/09_Hollywood_Actors_HeadShots_50_JPEGS):/Minka-Kelly-Brett-williams-boston-headshot-photographer.jpg,2026-05-06 10:56:46
09_Hollywood_Actors_HeadShots_50_JPEGS):,58_JoshTrujilo-0996.jpg,Brett Williams Studios LLC,Brett Williams,100% Chain of Title (Non-Scraped),17 U.S.C. § 106,Mandatory Disclosure Summary,268960833199682724fa19a7582bbf03,Ai_Samples _Ready/09_Hollywood_Actors_HeadShots_50_JPEGS):/58_JoshTrujilo-0996.jpg,2026-05-06 10:56:46
09_Hollywood_Actors_HeadShots_50_JPEGS):,CRW_4061.jpg,Brett Williams Studios LLC,Brett Williams,100% Chain of Title (Non-Scraped),17 U.S.C. § 106,Mandatory Disclosure Summary,5fc0a68041462d0eeb10fe4d194b9454,Ai_Samples _Ready/09_Hollywood_Actors_HeadShots_50_JPEGS):/CRW_4061.jpg,2026-05-06 10:56:46
09_Hollywood_Actors_HeadShots_50_JPEGS):,lily_lb-1342.jpg,Brett Williams Studios LLC,Brett Williams,100% Chain of Title (Non-Scraped),17 U.S.C. § 106,Mandatory Disclosure Summary,a60cd950b11d2b6de0c6b034a2e76b93,Ai_Samples _Ready/09_Hollywood_Actors_HeadShots_50_JPEGS):/lily_lb-1342.jpg,2026-05-06 10:56:46
09_Hollywood_Actors_HeadShots_50_JPEGS):,mcneal_4-07-003-copy.jpg,Brett Williams Studios LLC,Brett Williams,100% Chain of Title (Non-Scraped),17 U.S.C. § 106,Mandatory Disclosure Summary,acc07051c42307eb933350ae2f7b2b6f,Ai_Samples _Ready/09_Hollywood_Actors_HeadShots_50_JPEGS):/mcneal_4-07-003-copy.jpg,2026-05-06 10:56:46
09_Hollywood_Actors_HeadShots_50_JPEGS):,DSC_8707_web.jpg,Brett Williams Studios LLC,Brett Williams,100% Chain of Title (Non-Scraped),17 U.S.C. § 106,Mandatory Disclosure Summary,4d73deff6dcbc3ae06574f2f2fa100d9,Ai_Samples _Ready/09_Hollywood_Actors_HeadShots_50_JPEGS):/DSC_8707_web.jpg,2026-05-06 10:56:46
09_Hollywood_Actors_HeadShots_50_JPEGS):,._IMG_00045.jpg,Brett Williams Studios LLC,Brett Williams,100% Chain of Title (Non-Scraped),17 U.S.C. § 106,Mandatory Disclosure Summary,af193f057ab8ed0b6f5927625fd486b7,Ai_Samples _Ready/09_Hollywood_Actors_HeadShots_50_JPEGS):/._IMG_00045.jpg,2026-05-06 10:56:46
09_Hollywood_Actors_HeadShots_50_JPEGS):,CRW_2028.jpg,Brett Williams Studios LLC,Brett Williams,100% Chain of Title (Non-Scraped),17 U.S.C. § 106,Mandatory Disclosure Summary,42a1b3e8989d0655f6615c0c35ebc425,Ai_Samples _Ready/09_Hollywood_Actors_HeadShots_50_JPEGS):/CRW_2028.jpg,2026-05-06 10:56:46
09_Hollywood_Actors_HeadShots_50_JPEGS):,tiffany-305.jpg,Brett Williams Studios LLC,Brett Williams,100% Chain of Title (Non-Scraped),17 U.S.C. § 106,Mandatory Disclosure Summary,b66265c8e080d8710f5b93b28381ba36,Ai_Samples _Ready/09_Hollywood_Actors_HeadShots_50_JPEGS):/tiffany-305.jpg,2026-05-06 10:56:46
09_Hollywood_Actors_HeadShots_50_JPEGS):,barbara-fields-0012-copy.jpg,Brett Williams Studios LLC,Brett Williams,100% Chain of Title (Non-Scraped),17 U.S.C. § 106,Mandatory Disclosure Summary,2bdaa56d618cc7cf8d89d70f985d5f72,Ai_Samples _Ready/09_Hollywood_Actors_HeadShots_50_JPEGS):/barbara-fields-0012-copy.jpg,2026-05-06 10:56:46
09_Hollywood_Actors_HeadShots_50_JPEGS):,DSC_3043.jpg,Brett Williams Studios LLC,Brett Williams,100% Chain of Title (Non-Scraped),17 U.S.C. § 106,Mandatory Disclosure Summary,cc42cfb37a2a8f5dee500770a5d02a74,Ai_Samples _Ready/09_Hollywood_Actors_HeadShots_50_JPEGS):/DSC_3043.jpg,2026-05-06 10:56:46
09_Hollywood_Actors_HeadShots_50_JPEGS):,100_0639-(1).jpg,Brett Williams Studios LLC,Brett Williams,100% Chain of Title (Non-Scraped),17 U.S.C. § 106,Mandatory Disclosure Summary,2a99ae78e4210a0c96733a8e2be134b4,Ai_Samples _Ready/09_Hollywood_Actors_HeadShots_50_JPEGS):/100_0639-(1).jpg,2026-05-06 10:56:46
09_Hollywood_Actors_HeadShots_50_JPEGS):,DSCN0823.jpg,Brett Williams Studios LLC,Brett Williams,100% Chain of Title (Non-Scraped),17 U.S.C. § 106,Mandatory Disclosure Summary,65f89890d8b2f242eaa81d201b9599dd,Ai_Samples _Ready/09_Hollywood_Actors_HeadShots_50_JPEGS):/DSCN0823.jpg,2026-05-06 10:56:46
09_Hollywood_Actors_HeadShots_50_JPEGS):,._IMG_00050.jpg,Brett Williams Studios LLC,Brett Williams,100% Chain of Title (Non-Scraped),17 U.S.C. § 106,Mandatory Disclosure Summary,af193f057ab8ed0b6f5927625fd486b7,Ai_Samples _Ready/09_Hollywood_Actors_HeadShots_50_JPEGS):/._IMG_00050.jpg,2026-05-06 10:56:46
09_Hollywood_Actors_HeadShots_50_JPEGS):,._IMG_00044.jpg,Brett Williams Studios LLC,Brett Williams,100% Chain of Title (Non-Scraped),17 U.S.C. § 106,Mandatory Disclosure Summary,af193f057ab8ed0b6f5927625fd486b7,Ai_Samples _Ready/09_Hollywood_Actors_HeadShots_50_JPEGS):/._IMG_00044.jpg,2026-05-06 10:56:46
09_Hollywood_Actors_HeadShots_50_JPEGS):,chad-0137.jpg,Brett Williams Studios LLC,Brett Williams,100% Chain of Title (Non-Scraped),17 U.S.C. § 106,Mandatory Disclosure Summary,8271ec5116d39f22deda8f45845d616a,Ai_Samples _Ready/09_Hollywood_Actors_HeadShots_50_JPEGS):/chad-0137.jpg,2026-05-06 10:56:46
09_Hollywood_Actors_HeadShots_50_JPEGS):,39_ravel-018.jpg,Brett Williams Studios LLC,Brett Williams,100% Chain of Title (Non-Scraped),17 U.S.C. § 106,Mandatory Disclosure Summary,ffa572c47a2eb547936356973691e65d,Ai_Samples _Ready/09_Hollywood_Actors_HeadShots_50_JPEGS):/39_ravel-018.jpg,2026-05-06 10:56:46
09_Hollywood_Actors_HeadShots_50_JPEGS):,robin-353.jpg,Brett Williams Studios LLC,Brett Williams,100% Chain of Title (Non-Scraped),17 U.S.C. § 106,Mandatory Disclosure Summary,424e94763e0b2a0a95725f8970671380,Ai_Samples _Ready/09_Hollywood_Actors_HeadShots_50_JPEGS):/robin-353.jpg,2026-05-06 10:56:46
09_Hollywood_Actors_HeadShots_50_JPEGS):,kristy_hume.jpg,Brett Williams Studios LLC,Brett Williams,100% Chain of Title (Non-Scraped),17 U.S.C. § 106,Mandatory Disclosure Summary,dcc6890bbe8d63a0ffa239d4f8e315d7,Ai_Samples _Ready/09_Hollywood_Actors_HeadShots_50_JPEGS):/kristy_hume.jpg,2026-05-06 10:56:46
09_Hollywood_Actors_HeadShots_50_JPEGS):,54_JohnBader-0931-web.jpg,Brett Williams Studios LLC,Brett Williams,100% Chain of Title (Non-Scraped),17 U.S.C. § 106,Mandatory Disclosure Summary,7dcc94500e47dcf40b563c391d9b7b53,Ai_Samples _Ready/09_Hollywood_Actors_HeadShots_50_JPEGS):/54_JohnBader-0931-web.jpg,2026-05-06 10:56:46
09_Hollywood_Actors_HeadShots_50_JPEGS):,wesley.jpg,Brett Williams Studios LLC,Brett Williams,100% Chain of Title (Non-Scraped),17 U.S.C. § 106,Mandatory Disclosure Summary,3b34af39f9bf58e561cbc55a0cfb8112,Ai_Samples _Ready/09_Hollywood_Actors_HeadShots_50_JPEGS):/wesley.jpg,2026-05-06 10:56:46
09_Hollywood_Actors_HeadShots_50_JPEGS):,._IMG_00040.jpg,Brett Williams Studios LLC,Brett Williams,100% Chain of Title (Non-Scraped),17 U.S.C. § 106,Mandatory Disclosure Summary,af193f057ab8ed0b6f5927625fd486b7,Ai_Samples _Ready/09_Hollywood_Actors_HeadShots_50_JPEGS):/._IMG_00040.jpg,2026-05-06 10:56:46
09_Hollywood_Actors_HeadShots_50_JPEGS):,McK_10_1722806.jpg,Brett Williams Studios LLC,Brett Williams,100% Chain of Title (Non-Scraped),17 U.S.C. § 106,Mandatory Disclosure Summary,4f5b6338d1aef4e9217a50ba2f2e95d7,Ai_Samples _Ready/09_Hollywood_Actors_HeadShots_50_JPEGS):/McK_10_1722806.jpg,2026-05-06 10:56:46
09_Hollywood_Actors_HeadShots_50_JPEGS):,DSC_1453.jpg,Brett Williams Studios LLC,Brett Williams,100% Chain of Title (Non-Scraped),17 U.S.C. § 106,Mandatory Disclosure Summary,d139a80acbb29095d2a025b67577d647,Ai_Samples _Ready/09_Hollywood_Actors_HeadShots_50_JPEGS):/DSC_1453.jpg,2026-05-06 10:56:46
09_Hollywood_Actors_HeadShots_50_JPEGS):,DSC_9580.jpg,Brett Williams Studios LLC,Brett Williams,100% Chain of Title (Non-Scraped),17 U.S.C. § 106,Mandatory Disclosure Summary,cef06385b85af57bd8ce30e17b9282af,Ai_Samples _Ready/09_Hollywood_Actors_HeadShots_50_JPEGS):/DSC_9580.jpg,2026-05-06 10:56:46
09_Hollywood_Actors_HeadShots_50_JPEGS):,adrian-quinonez-0172.jpg,Brett Williams Studios LLC,Brett Williams,100% Chain of Title (Non-Scraped),17 U.S.C. § 106,Mandatory Disclosure Summary,3a60c31b6c1e8c05c2a56624ccf6fef1,Ai_Samples _Ready/09_Hollywood_Actors_HeadShots_50_JPEGS):/adrian-quinonez-0172.jpg,2026-05-06 10:56:46
09_Hollywood_Actors_HeadShots_50_JPEGS):,olga-photogenics-Brett-williams-boston-headshot-photographer-.jpg,Brett Williams Studios LLC,Brett Williams,100% Chain of Title (Non-Scraped),17 U.S.C. § 106,Mandatory Disclosure Summary,c2c57ecb3151670e9893a58b9e25e3f6,Ai_Samples _Ready/09_Hollywood_Actors_HeadShots_50_JPEGS):/olga-photogenics-Brett-williams-boston-headshot-photographer-.jpg,2026-05-06 10:56:46
09_Hollywood_Actors_HeadShots_50_JPEGS):,45_ShannonRevolinski-0778.jpg,Brett Williams Studios LLC,Brett Williams,100% Chain of Title (Non-Scraped),17 U.S.C. § 106,Mandatory Disclosure Summary,d7ebafbe22808c8e68ea36f9602564a2,Ai_Samples _Ready/09_Hollywood_Actors_HeadShots_50_JPEGS):/45_ShannonRevolinski-0778.jpg,2026-05-06 10:56:46
09_Hollywood_Actors_HeadShots_50_JPEGS):,amanda_demme.jpg,Brett Williams Studios LLC,Brett Williams,100% Chain of Title (Non-Scraped),17 U.S.C. § 106,Mandatory Disclosure Summary,a6d0b24178234ed52c56355535e1f844,Ai_Samples _Ready/09_Hollywood_Actors_HeadShots_50_JPEGS):/amanda_demme.jpg,2026-05-06 10:56:46
09_Hollywood_Actors_HeadShots_50_JPEGS):,ksenia.jpg,Brett Williams Studios LLC,Brett Williams,100% Chain of Title (Non-Scraped),17 U.S.C. § 106,Mandatory Disclosure Summary,5b4bbc4737aac9b44f487a53c45a8f6e,Ai_Samples _Ready/09_Hollywood_Actors_HeadShots_50_JPEGS):/ksenia.jpg,2026-05-06 10:56:46
09_Hollywood_Actors_HeadShots_50_JPEGS):,DSC_7619.jpg,Brett Williams Studios LLC,Brett Williams,100% Chain of Title (Non-Scraped),17 U.S.C. § 106,Mandatory Disclosure Summary,157a4aedd0232c66ad399e83853ab54c,Ai_Samples _Ready/09_Hollywood_Actors_HeadShots_50_JPEGS):/DSC_7619.jpg,2026-05-06 10:56:46
09_Hollywood_Actors_HeadShots_50_JPEGS):,._IMG_00041.jpg,Brett Williams Studios LLC,Brett Williams,100% Chain of Title (Non-Scraped),17 U.S.C. § 106,Mandatory Disclosure Summary,af193f057ab8ed0b6f5927625fd486b7,Ai_Samples _Ready/09_Hollywood_Actors_HeadShots_50_JPEGS):/._IMG_00041.jpg,2026-05-06 10:56:46
09_Hollywood_Actors_HeadShots_50_JPEGS):,diana_genlux_1631.jpg,Brett Williams Studios LLC,Brett Williams,100% Chain of Title (Non-Scraped),17 U.S.C. § 106,Mandatory Disclosure Summary,da787e2a3b8c3395a48e3245eaaff99c,Ai_Samples _Ready/09_Hollywood_Actors_HeadShots_50_JPEGS):/diana_genlux_1631.jpg,2026-05-06 10:56:46
09_Hollywood_Actors_HeadShots_50_JPEGS):,teresa_castillo_02-174.jpg,Brett Williams Studios LLC,Brett Williams,100% Chain of Title (Non-Scraped),17 U.S.C. § 106,Mandatory Disclosure Summary,0dc5a49d77de024cc7892e38526f8d42,Ai_Samples _Ready/09_Hollywood_Actors_HeadShots_50_JPEGS):/teresa_castillo_02-174.jpg,2026-05-06 10:56:46
09_Hollywood_Actors_HeadShots_50_JPEGS):,jill_1721.jpg,Brett Williams Studios LLC,Brett Williams,100% Chain of Title (Non-Scraped),17 U.S.C. § 106,Mandatory Disclosure Summary,6efb655f1be6c92e0d6b53fadd048306,Ai_Samples _Ready/09_Hollywood_Actors_HeadShots_50_JPEGS):/jill_1721.jpg,2026-05-06 10:56:46
09_Hollywood_Actors_HeadShots_50_JPEGS):,IMG_7887-Recovered.jpg,Brett Williams Studios LLC,Brett Williams,100% Chain of Title (Non-Scraped),17 U.S.C. § 106,Mandatory Disclosure Summary,a6f536b001a1d7be9d334646b9578e6c,Ai_Samples _Ready/09_Hollywood_Actors_HeadShots_50_JPEGS):/IMG_7887-Recovered.jpg,2026-05-06 10:56:46
09_Hollywood_Actors_HeadShots_50_JPEGS):,011gino-0052.jpg,Brett Williams Studios LLC,Brett Williams,100% Chain of Title (Non-Scraped),17 U.S.C. § 106,Mandatory Disclosure Summary,015d9e7c25ef16da38696f7ebb24a875,Ai_Samples _Ready/09_Hollywood_Actors_HeadShots_50_JPEGS):/011gino-0052.jpg,2026-05-06 10:56:46
09_Hollywood_Actors_HeadShots_50_JPEGS):,jessica_lucas-0038.jpg,Brett Williams Studios LLC,Brett Williams,100% Chain of Title (Non-Scraped),17 U.S.C. § 106,Mandatory Disclosure Summary,cd8d70c416d13b028a8a7fc53d027bd5,Ai_Samples _Ready/09_Hollywood_Actors_HeadShots_50_JPEGS):/jessica_lucas-0038.jpg,2026-05-06 10:56:46
09_Hollywood_Actors_HeadShots_50_JPEGS):,kaya-larue.jpg,Brett Williams Studios LLC,Brett Williams,100% Chain of Title (Non-Scraped),17 U.S.C. § 106,Mandatory Disclosure Summary,115db26480ecc12bd0248cc3b2abf3ff,Ai_Samples _Ready/09_Hollywood_Actors_HeadShots_50_JPEGS):/kaya-larue.jpg,2026-05-06 10:56:46
09_Hollywood_Actors_HeadShots_50_JPEGS):,alita-214.jpg,Brett Williams Studios LLC,Brett Williams,100% Chain of Title (Non-Scraped),17 U.S.C. § 106,Mandatory Disclosure Summary,9b1d1585975919598279f6f5dee1050b,Ai_Samples _Ready/09_Hollywood_Actors_HeadShots_50_JPEGS):/alita-214.jpg,2026-05-06 10:56:46
09_Hollywood_Actors_HeadShots_50_JPEGS):,007-propa.jpg,Brett Williams Studios LLC,Brett Williams,100% Chain of Title (Non-Scraped),17 U.S.C. § 106,Mandatory Disclosure Summary,b4b735d28e341ba189155dc158a8a23a,Ai_Samples _Ready/09_Hollywood_Actors_HeadShots_50_JPEGS):/007-propa.jpg,2026-05-06 10:56:46
09_Hollywood_Actors_HeadShots_50_JPEGS):,CRW_4910-copy.jpg,Brett Williams Studios LLC,Brett Williams,100% Chain of Title (Non-Scraped),17 U.S.C. § 106,Mandatory Disclosure Summary,a7a2ad0eac0b090731eb4d3394229feb,Ai_Samples _Ready/09_Hollywood_Actors_HeadShots_50_JPEGS):/CRW_4910-copy.jpg,2026-05-06 10:56:46
09_Hollywood_Actors_HeadShots_50_JPEGS):,._IMG_00043.jpg,Brett Williams Studios LLC,Brett Williams,100% Chain of Title (Non-Scraped),17 U.S.C. § 106,Mandatory Disclosure Summary,af193f057ab8ed0b6f5927625fd486b7,Ai_Samples _Ready/09_Hollywood_Actors_HeadShots_50_JPEGS):/._IMG_00043.jpg,2026-05-06 10:56:46
09_Hollywood_Actors_HeadShots_50_JPEGS):,caddy.jpg,Brett Williams Studios LLC,Brett Williams,100% Chain of Title (Non-Scraped),17 U.S.C. § 106,Mandatory Disclosure Summary,c38e8de33ae2fc1bdcd83a53cc477ab4,Ai_Samples _Ready/09_Hollywood_Actors_HeadShots_50_JPEGS):/caddy.jpg,2026-05-06 10:56:46
09_Hollywood_Actors_HeadShots_50_JPEGS):,14112330290001_R.jpg,Brett Williams Studios LLC,Brett Williams,100% Chain of Title (Non-Scraped),17 U.S.C. § 106,Mandatory Disclosure Summary,9451098b17b26dc6f3e1ee5a66d6eef6,Ai_Samples _Ready/09_Hollywood_Actors_HeadShots_50_JPEGS):/14112330290001_R.jpg,2026-05-06 10:56:46
09_Hollywood_Actors_HeadShots_50_JPEGS):,07_miss-020.jpg,Brett Williams Studios LLC,Brett Williams,100% Chain of Title (Non-Scraped),17 U.S.C. § 106,Mandatory Disclosure Summary,83a65399b8eb158a2cdc77cfba55ff22,Ai_Samples _Ready/09_Hollywood_Actors_HeadShots_50_JPEGS):/07_miss-020.jpg,2026-05-06 10:56:46
09_Hollywood_Actors_HeadShots_50_JPEGS):,IMG_00048.jpg,Brett Williams Studios LLC,Brett Williams,100% Chain of Title (Non-Scraped),17 U.S.C. § 106,Mandatory Disclosure Summary,cf899dbd207b0d1116da8a1cc93235bf,Ai_Samples _Ready/09_Hollywood_Actors_HeadShots_50_JPEGS):/IMG_00048.jpg,2026-05-06 10:56:46
09_Hollywood_Actors_HeadShots_50_JPEGS):,jacquie.jpg,Brett Williams Studios LLC,Brett Williams,100% Chain of Title (Non-Scraped),17 U.S.C. § 106,Mandatory Disclosure Summary,5c4bc346a783a8fbf0d422a79cc7fe8c,Ai_Samples _Ready/09_Hollywood_Actors_HeadShots_50_JPEGS):/jacquie.jpg,2026-05-06 10:56:46
09_Hollywood_Actors_HeadShots_50_JPEGS):,ms107.jpg,Brett Williams Studios LLC,Brett Williams,100% Chain of Title (Non-Scraped),17 U.S.C. § 106,Mandatory Disclosure Summary,bf5d75a554ba60c3ab8fbcf07c56d6d4,Ai_Samples _Ready/09_Hollywood_Actors_HeadShots_50_JPEGS):/ms107.jpg,2026-05-06 10:56:46
09_Hollywood_Actors_HeadShots_50_JPEGS):,sara_g-0204.jpg,Brett Williams Studios LLC,Brett Williams,100% Chain of Title (Non-Scraped),17 U.S.C. § 106,Mandatory Disclosure Summary,5f9622a8e979ac1a2bfe5a6a5f6b7f6c,Ai_Samples _Ready/09_Hollywood_Actors_HeadShots_50_JPEGS):/sara_g-0204.jpg,2026-05-06 10:56:46
09_Hollywood_Actors_HeadShots_50_JPEGS):,IMG_00049.jpg,Brett Williams Studios LLC,Brett Williams,100% Chain of Title (Non-Scraped),17 U.S.C. § 106,Mandatory Disclosure Summary,efa887c1fcd32513d5fa074f562601b5,Ai_Samples _Ready/09_Hollywood_Actors_HeadShots_50_JPEGS):/IMG_00049.jpg,2026-05-06 10:56:46
09_Hollywood_Actors_HeadShots_50_JPEGS):,andreana_weiner.jpg,Brett Williams Studios LLC,Brett Williams,100% Chain of Title (Non-Scraped),17 U.S.C. § 106,Mandatory Disclosure Summary,f37210781bc8747ab00da319d24eb3a0,Ai_Samples _Ready/09_Hollywood_Actors_HeadShots_50_JPEGS):/andreana_weiner.jpg,2026-05-06 10:56:46
09_Hollywood_Actors_HeadShots_50_JPEGS):,landon-120.jpg,Brett Williams Studios LLC,Brett Williams,100% Chain of Title (Non-Scraped),17 U.S.C. § 106,Mandatory Disclosure Summary,4c4a177d02623f0153a46c0c8e5e3d70,Ai_Samples _Ready/09_Hollywood_Actors_HeadShots_50_JPEGS):/landon-120.jpg,2026-05-06 10:56:46
09_Hollywood_Actors_HeadShots_50_JPEGS):,minka-kelly-esquire-magazine.jpg,Brett Williams Studios LLC,Brett Williams,100% Chain of Title (Non-Scraped),17 U.S.C. § 106,Mandatory Disclosure Summary,854b36158acefbd07012771a292b251e,Ai_Samples _Ready/09_Hollywood_Actors_HeadShots_50_JPEGS):/minka-kelly-esquire-magazine.jpg,2026-05-06 10:56:46
09_Hollywood_Actors_HeadShots_50_JPEGS):,36_ravel-025-(1).jpg,Brett Williams Studios LLC,Brett Williams,100% Chain of Title (Non-Scraped),17 U.S.C. § 106,Mandatory Disclosure Summary,a6fb90b6dc0664cb78159efe765cfc41,Ai_Samples _Ready/09_Hollywood_Actors_HeadShots_50_JPEGS):/36_ravel-025-(1).jpg,2026-05-06 10:56:46
09_Hollywood_Actors_HeadShots_50_JPEGS):,CRW_0176.jpg,Brett Williams Studios LLC,Brett Williams,100% Chain of Title (Non-Scraped),17 U.S.C. § 106,Mandatory Disclosure Summary,7da484b1a8a0e49fe8fcee3a66373d5f,Ai_Samples _Ready/09_Hollywood_Actors_HeadShots_50_JPEGS):/CRW_0176.jpg,2026-05-06 10:56:46
09_Hollywood_Actors_HeadShots_50_JPEGS):,robin-180.jpg,Brett Williams Studios LLC,Brett Williams,100% Chain of Title (Non-Scraped),17 U.S.C. § 106,Mandatory Disclosure Summary,32e93915d0735ea96b32c026a80bdf98,Ai_Samples _Ready/09_Hollywood_Actors_HeadShots_50_JPEGS):/robin-180.jpg,2026-05-06 10:56:46
09_Hollywood_Actors_HeadShots_50_JPEGS):,._IMG_00042.jpg,Brett Williams Studios LLC,Brett Williams,100% Chain of Title (Non-Scraped),17 U.S.C. § 106,Mandatory Disclosure Summary,af193f057ab8ed0b6f5927625fd486b7,Ai_Samples _Ready/09_Hollywood_Actors_HeadShots_50_JPEGS):/._IMG_00042.jpg,2026-05-06 10:56:46
09_Hollywood_Actors_HeadShots_50_JPEGS):,5A976-A068-0F42-43B4-550FC403A6D2.jpg,Brett Williams Studios LLC,Brett Williams,100% Chain of Title (Non-Scraped),17 U.S.C. § 106,Mandatory Disclosure Summary,8f24ffbe794f90bfacd63d2db2bbab2d,Ai_Samples _Ready/09_Hollywood_Actors_HeadShots_50_JPEGS):/5A976-A068-0F42-43B4-550FC403A6D2.jpg,2026-05-06 10:56:46
09_Hollywood_Actors_HeadShots_50_JPEGS):,olga_5240.jpg,Brett Williams Studios LLC,Brett Williams,100% Chain of Title (Non-Scraped),17 U.S.C. § 106,Mandatory Disclosure Summary,18ccf50ea5df5eac615e8672496021d7,Ai_Samples _Ready/09_Hollywood_Actors_HeadShots_50_JPEGS):/olga_5240.jpg,2026-05-06 10:56:46
09_Hollywood_Actors_HeadShots_50_JPEGS):,ItJjuSiA.jpg,Brett Williams Studios LLC,Brett Williams,100% Chain of Title (Non-Scraped),17 U.S.C. § 106,Mandatory Disclosure Summary,11bc111bfd182d3fffacb2ffa35e16a6,Ai_Samples _Ready/09_Hollywood_Actors_HeadShots_50_JPEGS):/ItJjuSiA.jpg,2026-05-06 10:56:46
09_Hollywood_Actors_HeadShots_50_JPEGS):,DSC_1914.jpg,Brett Williams Studios LLC,Brett Williams,100% Chain of Title (Non-Scraped),17 U.S.C. § 106,Mandatory Disclosure Summary,cd0dda682e05e938b6cec9358dda6c50,Ai_Samples _Ready/09_Hollywood_Actors_HeadShots_50_JPEGS):/DSC_1914.jpg,2026-05-06 10:56:46
09_Hollywood_Actors_HeadShots_50_JPEGS):,18-caroline_boneham.jpg,Brett Williams Studios LLC,Brett Williams,100% Chain of Title (Non-Scraped),17 U.S.C. § 106,Mandatory Disclosure Summary,b05a8bc5006fff3187ea9e3c19cf8e48,Ai_Samples _Ready/09_Hollywood_Actors_HeadShots_50_JPEGS):/18-caroline_boneham.jpg,2026-05-06 10:56:46
12_Handbags_Jewelry_Sample_Pack,DP1 8.jpg,Brett Williams Studios LLC,Brett Williams,100% Chain of Title (Non-Scraped),17 U.S.C. § 106,Mandatory Disclosure Summary,5838146404b5c27c8c30a938db81e255,Ai_Samples _Ready/12_Handbags_Jewelry_Sample_Pack/DP1 8.jpg,2026-05-06 10:56:46
12_Handbags_Jewelry_Sample_Pack,DP1 14.jpg,Brett Williams Studios LLC,Brett Williams,100% Chain of Title (Non-Scraped),17 U.S.C. § 106,Mandatory Disclosure Summary,0fc8001c1aaf2a93ee44844eaca45cb4,Ai_Samples _Ready/12_Handbags_Jewelry_Sample_Pack/DP1 14.jpg,2026-05-06 10:56:46
12_Handbags_Jewelry_Sample_Pack,DP11_27.jpg,Brett Williams Studios LLC,Brett Williams,100% Chain of Title (Non-Scraped),17 U.S.C. § 106,Mandatory Disclosure Summary,e3c41ce06ac2e6f6464d4a9c05ca9672,Ai_Samples _Ready/12_Handbags_Jewelry_Sample_Pack/DP11_27.jpg,2026-05-06 10:56:46
12_Handbags_Jewelry_Sample_Pack,DP3 10.jpg,Brett Williams Studios LLC,Brett Williams,100% Chain of Title (Non-Scraped),17 U.S.C. § 106,Mandatory Disclosure Summary,018afa829f7444809aba42719edc3523,Ai_Samples _Ready/12_Handbags_Jewelry_Sample_Pack/DP3 10.jpg,2026-05-06 10:56:46
12_Handbags_Jewelry_Sample_Pack,DSC_0421.jpg,Brett Williams Studios LLC,Brett Williams,100% Chain of Title (Non-Scraped),17 U.S.C. § 106,Mandatory Disclosure Summary,8923f5599073131d62f349493b3d2384,Ai_Samples _Ready/12_Handbags_Jewelry_Sample_Pack/DSC_0421.jpg,2026-05-06 10:56:46
12_Handbags_Jewelry_Sample_Pack,0294_JR_11.jpg,Brett Williams Studios LLC,Brett Williams,100% Chain of Title (Non-Scraped),17 U.S.C. § 106,Mandatory Disclosure Summary,6063e64d4473f109970f25672216b601,Ai_Samples _Ready/12_Handbags_Jewelry_Sample_Pack/0294_JR_11.jpg,2026-05-06 10:56:46
12_Handbags_Jewelry_Sample_Pack,DP7_60.jpg,Brett Williams Studios LLC,Brett Williams,100% Chain of Title (Non-Scraped),17 U.S.C. § 106,Mandatory Disclosure Summary,b8b11af522018e88d457b0251ca1b82f,Ai_Samples _Ready/12_Handbags_Jewelry_Sample_Pack/DP7_60.jpg,2026-05-06 10:56:46
12_Handbags_Jewelry_Sample_Pack,DP4_19.jpg,Brett Williams Studios LLC,Brett Williams,100% Chain of Title (Non-Scraped),17 U.S.C. § 106,Mandatory Disclosure Summary,f0edc2a7fb3b94e35311cdc4fbed20a0,Ai_Samples _Ready/12_Handbags_Jewelry_Sample_Pack/DP4_19.jpg,2026-05-06 10:56:46
12_Handbags_Jewelry_Sample_Pack,0320_JR_33.jpg,Brett Williams Studios LLC,Brett Williams,100% Chain of Title (Non-Scraped),17 U.S.C. § 106,Mandatory Disclosure Summary,c3df7fc785d366726e3341e26b979d4c,Ai_Samples _Ready/12_Handbags_Jewelry_Sample_Pack/0320_JR_33.jpg,2026-05-06 10:56:46
12_Handbags_Jewelry_Sample_Pack,DP4_08.jpg,Brett Williams Studios LLC,Brett Williams,100% Chain of Title (Non-Scraped),17 U.S.C. § 106,Mandatory Disclosure Summary,27523d601df1936ee8159f50a4e4ab72,Ai_Samples _Ready/12_Handbags_Jewelry_Sample_Pack/DP4_08.jpg,2026-05-06 10:56:46
12_Handbags_Jewelry_Sample_Pack,DP7_58.jpg,Brett Williams Studios LLC,Brett Williams,100% Chain of Title (Non-Scraped),17 U.S.C. § 106,Mandatory Disclosure Summary,c94e6039535020cb48a6e65cc6be9a01,Ai_Samples _Ready/12_Handbags_Jewelry_Sample_Pack/DP7_58.jpg,2026-05-06 10:56:46
12_Handbags_Jewelry_Sample_Pack,DP11_21.jpg,Brett Williams Studios LLC,Brett Williams,100% Chain of Title (Non-Scraped),17 U.S.C. § 106,Mandatory Disclosure Summary,7491641a4501b6560d3f9e99243e08ae,Ai_Samples _Ready/12_Handbags_Jewelry_Sample_Pack/DP11_21.jpg,2026-05-06 10:56:46
12_Handbags_Jewelry_Sample_Pack,DP3 16.jpg,Brett Williams Studios LLC,Brett Williams,100% Chain of Title (Non-Scraped),17 U.S.C. § 106,Mandatory Disclosure Summary,ff0c4f06bd47c74b682ad2ed768ee1b1,Ai_Samples _Ready/12_Handbags_Jewelry_Sample_Pack/DP3 16.jpg,2026-05-06 10:56:46
12_Handbags_Jewelry_Sample_Pack,0294_JR_15.jpg,Brett Williams Studios LLC,Brett Williams,100% Chain of Title (Non-Scraped),17 U.S.C. § 106,Mandatory Disclosure Summary,91ced83355180659394021d477d11295,Ai_Samples _Ready/12_Handbags_Jewelry_Sample_Pack/0294_JR_15.jpg,2026-05-06 10:56:46
12_Handbags_Jewelry_Sample_Pack,DP3 14.jpg,Brett Williams Studios LLC,Brett Williams,100% Chain of Title (Non-Scraped),17 U.S.C. § 106,Mandatory Disclosure Summary,e8cab918b8a3e88945eb167d0b8570a7,Ai_Samples _Ready/12_Handbags_Jewelry_Sample_Pack/DP3 14.jpg,2026-05-06 10:56:46
12_Handbags_Jewelry_Sample_Pack,DP7_66.jpg,Brett Williams Studios LLC,Brett Williams,100% Chain of Title (Non-Scraped),17 U.S.C. § 106,Mandatory Disclosure Summary,53514dc8af80c6314caf670926a607e6,Ai_Samples _Ready/12_Handbags_Jewelry_Sample_Pack/DP7_66.jpg,2026-05-06 10:56:46
12_Handbags_Jewelry_Sample_Pack,DP7_67.jpg,Brett Williams Studios LLC,Brett Williams,100% Chain of Title (Non-Scraped),17 U.S.C. § 106,Mandatory Disclosure Summary,4144b19b74523965cbd8feca7f4c038c,Ai_Samples _Ready/12_Handbags_Jewelry_Sample_Pack/DP7_67.jpg,2026-05-06 10:56:46
12_Handbags_Jewelry_Sample_Pack,DP11_22.jpg,Brett Williams Studios LLC,Brett Williams,100% Chain of Title (Non-Scraped),17 U.S.C. § 106,Mandatory Disclosure Summary,3d4b2f8407b3fb8334bb84c130e96739,Ai_Samples _Ready/12_Handbags_Jewelry_Sample_Pack/DP11_22.jpg,2026-05-06 10:56:46
12_Handbags_Jewelry_Sample_Pack,DP8_79.jpg,Brett Williams Studios LLC,Brett Williams,100% Chain of Title (Non-Scraped),17 U.S.C. § 106,Mandatory Disclosure Summary,2f796b8a5074380977782f67d300e01d,Ai_Samples _Ready/12_Handbags_Jewelry_Sample_Pack/DP8_79.jpg,2026-05-06 10:56:46
12_Handbags_Jewelry_Sample_Pack,DP6_54.jpg,Brett Williams Studios LLC,Brett Williams,100% Chain of Title (Non-Scraped),17 U.S.C. § 106,Mandatory Disclosure Summary,cb8f9805b6510d07b870eb7f37443a11,Ai_Samples _Ready/12_Handbags_Jewelry_Sample_Pack/DP6_54.jpg,2026-05-06 10:56:46
12_Handbags_Jewelry_Sample_Pack,DP6_40.jpg,Brett Williams Studios LLC,Brett Williams,100% Chain of Title (Non-Scraped),17 U.S.C. § 106,Mandatory Disclosure Summary,693c92f82f56025b509fb1ff9e112a65,Ai_Samples _Ready/12_Handbags_Jewelry_Sample_Pack/DP6_40.jpg,2026-05-06 10:56:46
12_Handbags_Jewelry_Sample_Pack,0125_JR_69.jpg,Brett Williams Studios LLC,Brett Williams,100% Chain of Title (Non-Scraped),17 U.S.C. § 106,Mandatory Disclosure Summary,9963426b06703cf0c50c2f72b79a28ec,Ai_Samples _Ready/12_Handbags_Jewelry_Sample_Pack/0125_JR_69.jpg,2026-05-06 10:56:46
12_Handbags_Jewelry_Sample_Pack,0094_JR_50.jpg,Brett Williams Studios LLC,Brett Williams,100% Chain of Title (Non-Scraped),17 U.S.C. § 106,Mandatory Disclosure Summary,38e8ea3ee629290450506bc79e78bd5e,Ai_Samples _Ready/12_Handbags_Jewelry_Sample_Pack/0094_JR_50.jpg,2026-05-06 10:56:46
12_Handbags_Jewelry_Sample_Pack,DP10_04.jpg,Brett Williams Studios LLC,Brett Williams,100% Chain of Title (Non-Scraped),17 U.S.C. § 106,Mandatory Disclosure Summary,c29c0b109d6970ef327e263f35737311,Ai_Samples _Ready/12_Handbags_Jewelry_Sample_Pack/DP10_04.jpg,2026-05-06 10:56:46
12_Handbags_Jewelry_Sample_Pack,0114_JR_39.jpg,Brett Williams Studios LLC,Brett Williams,100% Chain of Title (Non-Scraped),17 U.S.C. § 106,Mandatory Disclosure Summary,a4d9f3cec20f7cd3fd98a86c85d9ac01,Ai_Samples _Ready/12_Handbags_Jewelry_Sample_Pack/0114_JR_39.jpg,2026-05-06 10:56:46
12_Handbags_Jewelry_Sample_Pack,DP8_78.jpg,Brett Williams Studios LLC,Brett Williams,100% Chain of Title (Non-Scraped),17 U.S.C. § 106,Mandatory Disclosure Summary,ca8d6e789b1effe71f81dfce2f3bf19f,Ai_Samples _Ready/12_Handbags_Jewelry_Sample_Pack/DP8_78.jpg,2026-05-06 10:56:46
12_Handbags_Jewelry_Sample_Pack,0146_JR_96.jpg,Brett Williams Studios LLC,Brett Williams,100% Chain of Title (Non-Scraped),17 U.S.C. § 106,Mandatory Disclosure Summary,b0fdfc706d9c6ac918584e7510e5ad5c,Ai_Samples _Ready/12_Handbags_Jewelry_Sample_Pack/0146_JR_96.jpg,2026-05-06 10:56:46
12_Handbags_Jewelry_Sample_Pack,DP2 25.jpg,Brett Williams Studios LLC,Brett Williams,100% Chain of Title (Non-Scraped),17 U.S.C. § 106,Mandatory Disclosure Summary,f1de22721b039faf9ef35bbc6e9d90f1,Ai_Samples _Ready/12_Handbags_Jewelry_Sample_Pack/DP2 25.jpg,2026-05-06 10:56:46
12_Handbags_Jewelry_Sample_Pack,0094_JR_46.jpg,Brett Williams Studios LLC,Brett Williams,100% Chain of Title (Non-Scraped),17 U.S.C. § 106,Mandatory Disclosure Summary,c9a45d42329c7c39846a31dcd7c5b437,Ai_Samples _Ready/12_Handbags_Jewelry_Sample_Pack/0094_JR_46.jpg,2026-05-06 10:56:46
12_Handbags_Jewelry_Sample_Pack,DP10_13.jpg,Brett Williams Studios LLC,Brett Williams,100% Chain of Title (Non-Scraped),17 U.S.C. § 106,Mandatory Disclosure Summary,f5cbd02d03c6aecdcecece6d60f07ff6,Ai_Samples _Ready/12_Handbags_Jewelry_Sample_Pack/DP10_13.jpg,2026-05-06 10:56:46
12_Handbags_Jewelry_Sample_Pack,DP10_07.jpg,Brett Williams Studios LLC,Brett Williams,100% Chain of Title (Non-Scraped),17 U.S.C. § 106,Mandatory Disclosure Summary,e6242667f80e363f87e475b566c904d2,Ai_Samples _Ready/12_Handbags_Jewelry_Sample_Pack/DP10_07.jpg,2026-05-06 10:56:46
12_Handbags_Jewelry_Sample_Pack,DP6_42.jpg,Brett Williams Studios LLC,Brett Williams,100% Chain of Title (Non-Scraped),17 U.S.C. § 106,Mandatory Disclosure Summary,1a24342c9b5a2f5e51b2357f1630fb3f,Ai_Samples _Ready/12_Handbags_Jewelry_Sample_Pack/DP6_42.jpg,2026-05-06 10:56:46
12_Handbags_Jewelry_Sample_Pack,DP8_84.jpg,Brett Williams Studios LLC,Brett Williams,100% Chain of Title (Non-Scraped),17 U.S.C. § 106,Mandatory Disclosure Summary,e4f00f5d40e682a9c84b3a198a0caf1c,Ai_Samples _Ready/12_Handbags_Jewelry_Sample_Pack/DP8_84.jpg,2026-05-06 10:56:46
12_Handbags_Jewelry_Sample_Pack,0155_JR_08.jpg,Brett Williams Studios LLC,Brett Williams,100% Chain of Title (Non-Scraped),17 U.S.C. § 106,Mandatory Disclosure Summary,fe92ca9ac09a3a176eb3c295313938a0,Ai_Samples _Ready/12_Handbags_Jewelry_Sample_Pack/0155_JR_08.jpg,2026-05-06 10:56:46
12_Handbags_Jewelry_Sample_Pack,0296_JR_20.jpg,Brett Williams Studios LLC,Brett Williams,100% Chain of Title (Non-Scraped),17 U.S.C. § 106,Mandatory Disclosure Summary,c0bd44c497682af918ca99a89437758f,Ai_Samples _Ready/12_Handbags_Jewelry_Sample_Pack/0296_JR_20.jpg,2026-05-06 10:56:46
12_Handbags_Jewelry_Sample_Pack,0320_JR_40.jpg,Brett Williams Studios LLC,Brett Williams,100% Chain of Title (Non-Scraped),17 U.S.C. § 106,Mandatory Disclosure Summary,6054dc893ae73f806e26c9383897890d,Ai_Samples _Ready/12_Handbags_Jewelry_Sample_Pack/0320_JR_40.jpg,2026-05-06 10:56:46
12_Handbags_Jewelry_Sample_Pack,0116_JR_54.jpg,Brett Williams Studios LLC,Brett Williams,100% Chain of Title (Non-Scraped),17 U.S.C. § 106,Mandatory Disclosure Summary,f258bcaec8ce293e91a1e6964ed2f67d,Ai_Samples _Ready/12_Handbags_Jewelry_Sample_Pack/0116_JR_54.jpg,2026-05-06 10:56:46
12_Handbags_Jewelry_Sample_Pack,0139_JR_89.jpg,Brett Williams Studios LLC,Brett Williams,100% Chain of Title (Non-Scraped),17 U.S.C. § 106,Mandatory Disclosure Summary,3e04da8bd650144c8ee5da3b9023c8f3,Ai_Samples _Ready/12_Handbags_Jewelry_Sample_Pack/0139_JR_89.jpg,2026-05-06 10:56:46
12_Handbags_Jewelry_Sample_Pack,DP6_51.jpg,Brett Williams Studios LLC,Brett Williams,100% Chain of Title (Non-Scraped),17 U.S.C. § 106,Mandatory Disclosure Summary,edf882cab0aa1e937e0f45299b513c76,Ai_Samples _Ready/12_Handbags_Jewelry_Sample_Pack/DP6_51.jpg,2026-05-06 10:56:46
12_Handbags_Jewelry_Sample_Pack,0296_JR_23.jpg,Brett Williams Studios LLC,Brett Williams,100% Chain of Title (Non-Scraped),17 U.S.C. § 106,Mandatory Disclosure Summary,099194bf22bef1e144ca901a3a682238,Ai_Samples _Ready/12_Handbags_Jewelry_Sample_Pack/0296_JR_23.jpg,2026-05-06 10:56:46
12_Handbags_Jewelry_Sample_Pack,DP2 22.jpg,Brett Williams Studios LLC,Brett Williams,100% Chain of Title (Non-Scraped),17 U.S.C. § 106,Mandatory Disclosure Summary,bf8d5731097f1a611167cdd83b3c958b,Ai_Samples _Ready/12_Handbags_Jewelry_Sample_Pack/DP2 22.jpg,2026-05-06 10:56:46
12_Handbags_Jewelry_Sample_Pack,DP6_44.jpg,Brett Williams Studios LLC,Brett Williams,100% Chain of Title (Non-Scraped),17 U.S.C. § 106,Mandatory Disclosure Summary,9f47bda9a8ad3408e5902cb7fd62495c,Ai_Samples _Ready/12_Handbags_Jewelry_Sample_Pack/DP6_44.jpg,2026-05-06 10:56:46
12_Handbags_Jewelry_Sample_Pack,0139_JR_87.jpg,Brett Williams Studios LLC,Brett Williams,100% Chain of Title (Non-Scraped),17 U.S.C. § 106,Mandatory Disclosure Summary,3d065e57302c02a8eba8c604eca51d9a,Ai_Samples _Ready/12_Handbags_Jewelry_Sample_Pack/0139_JR_87.jpg,2026-05-06 10:56:46
12_Handbags_Jewelry_Sample_Pack,DP5_25.jpg,Brett Williams Studios LLC,Brett Williams,100% Chain of Title (Non-Scraped),17 U.S.C. § 106,Mandatory Disclosure Summary,09343e3488718d2262de1f31148af972,Ai_Samples _Ready/12_Handbags_Jewelry_Sample_Pack/DP5_25.jpg,2026-05-06 10:56:46
12_Handbags_Jewelry_Sample_Pack,0132_JR_82.jpg,Brett Williams Studios LLC,Brett Williams,100% Chain of Title (Non-Scraped),17 U.S.C. § 106,Mandatory Disclosure Summary,070558820a0ed4b4b1644060d94e3e1b,Ai_Samples _Ready/12_Handbags_Jewelry_Sample_Pack/0132_JR_82.jpg,2026-05-06 10:56:46
12_Handbags_Jewelry_Sample_Pack,0116_JR_58.jpg,Brett Williams Studios LLC,Brett Williams,100% Chain of Title (Non-Scraped),17 U.S.C. § 106,Mandatory Disclosure Summary,4254a2a52f6bed528cdf2edc636a5405,Ai_Samples _Ready/12_Handbags_Jewelry_Sample_Pack/0116_JR_58.jpg,2026-05-06 10:56:46
12_Handbags_Jewelry_Sample_Pack,0125_JR_76.jpg,Brett Williams Studios LLC,Brett Williams,100% Chain of Title (Non-Scraped),17 U.S.C. § 106,Mandatory Disclosure Summary,72e76123a5a3c6f588dd0f29f8aca431,Ai_Samples _Ready/12_Handbags_Jewelry_Sample_Pack/0125_JR_76.jpg,2026-05-06 10:56:46
12_Handbags_Jewelry_Sample_Pack,0155_JR_05.jpg,Brett Williams Studios LLC,Brett Williams,100% Chain of Title (Non-Scraped),17 U.S.C. § 106,Mandatory Disclosure Summary,6eb899e95818249b9f972b78eeee327e,Ai_Samples _Ready/12_Handbags_Jewelry_Sample_Pack/0155_JR_05.jpg,2026-05-06 10:56:46
12_Handbags_Jewelry_Sample_Pack,DP5_26.jpg,Brett Williams Studios LLC,Brett Williams,100% Chain of Title (Non-Scraped),17 U.S.C. § 106,Mandatory Disclosure Summary,a4a48e292ca7e3100d8691676eab7d98,Ai_Samples _Ready/12_Handbags_Jewelry_Sample_Pack/DP5_26.jpg,2026-05-06 10:56:46
12_Handbags_Jewelry_Sample_Pack,DP5_32.jpg,Brett Williams Studios LLC,Brett Williams,100% Chain of Title (Non-Scraped),17 U.S.C. § 106,Mandatory Disclosure Summary,060117b1257dbf238785e9f63bf4fb55,Ai_Samples _Ready/12_Handbags_Jewelry_Sample_Pack/DP5_32.jpg,2026-05-06 10:56:46
12_Handbags_Jewelry_Sample_Pack,0305_JR_30.jpg,Brett Williams Studios LLC,Brett Williams,100% Chain of Title (Non-Scraped),17 U.S.C. § 106,Mandatory Disclosure Summary,28fe8b568edf2cb06d0778ed38b480ac,Ai_Samples _Ready/12_Handbags_Jewelry_Sample_Pack/0305_JR_30.jpg,2026-05-06 10:56:46
12_Handbags_Jewelry_Sample_Pack,DP2 7.jpg,Brett Williams Studios LLC,Brett Williams,100% Chain of Title (Non-Scraped),17 U.S.C. § 106,Mandatory Disclosure Summary,67ded0515e2c504b2564340f9068ae66,Ai_Samples _Ready/12_Handbags_Jewelry_Sample_Pack/DP2 7.jpg,2026-05-06 10:56:46
12_Handbags_Jewelry_Sample_Pack,DP2 14.jpg,Brett Williams Studios LLC,Brett Williams,100% Chain of Title (Non-Scraped),17 U.S.C. § 106,Mandatory Disclosure Summary,bb8336b63c9b04cc1a2d9c24eb9fb5ac,Ai_Samples _Ready/12_Handbags_Jewelry_Sample_Pack/DP2 14.jpg,2026-05-06 10:56:46
12_Handbags_Jewelry_Sample_Pack,DP5_35.jpg,Brett Williams Studios LLC,Brett Williams,100% Chain of Title (Non-Scraped),17 U.S.C. § 106,Mandatory Disclosure Summary,c0c95d32836026b1815f9e64d46c43d9,Ai_Samples _Ready/12_Handbags_Jewelry_Sample_Pack/DP5_35.jpg,2026-05-06 10:56:46
12_Handbags_Jewelry_Sample_Pack,0305_JR_26.jpg,Brett Williams Studios LLC,Brett Williams,100% Chain of Title (Non-Scraped),17 U.S.C. § 106,Mandatory Disclosure Summary,853e7658d4b576de2998fcc08ee3091b,Ai_Samples _Ready/12_Handbags_Jewelry_Sample_Pack/0305_JR_26.jpg,2026-05-06 10:56:46
12_Handbags_Jewelry_Sample_Pack,DP10_08.jpg,Brett Williams Studios LLC,Brett Williams,100% Chain of Title (Non-Scraped),17 U.S.C. § 106,Mandatory Disclosure Summary,7edc63046292089c40e876dce007c164,Ai_Samples _Ready/12_Handbags_Jewelry_Sample_Pack/DP10_08.jpg,2026-05-06 10:56:46
12_Handbags_Jewelry_Sample_Pack,DP2 4.jpg,Brett Williams Studios LLC,Brett Williams,100% Chain of Title (Non-Scraped),17 U.S.C. § 106,Mandatory Disclosure Summary,59d8b3e8c9ee8600c85cfa1ee311bcb6,Ai_Samples _Ready/12_Handbags_Jewelry_Sample_Pack/DP2 4.jpg,2026-05-06 10:56:46
12_Handbags_Jewelry_Sample_Pack,0132_JR_78.jpg,Brett Williams Studios LLC,Brett Williams,100% Chain of Title (Non-Scraped),17 U.S.C. § 106,Mandatory Disclosure Summary,22a1aec99e9a10a48932f84b713c6c50,Ai_Samples _Ready/12_Handbags_Jewelry_Sample_Pack/0132_JR_78.jpg,2026-05-06 10:56:46
12_Handbags_Jewelry_Sample_Pack,DP5_20.jpg,Brett Williams Studios LLC,Brett Williams,100% Chain of Title (Non-Scraped),17 U.S.C. § 106,Mandatory Disclosure Summary,8aa0c52fc26d803795fc36bb1fd8c821,Ai_Samples _Ready/12_Handbags_Jewelry_Sample_Pack/DP5_20.jpg,2026-05-06 10:56:46
12_Handbags_Jewelry_Sample_Pack,DP1 1.jpg,Brett Williams Studios LLC,Brett Williams,100% Chain of Title (Non-Scraped),17 U.S.C. § 106,Mandatory Disclosure Summary,3f6563cac020bbd0e1597ad064caa4fc,Ai_Samples _Ready/12_Handbags_Jewelry_Sample_Pack/DP1 1.jpg,2026-05-06 10:56:46
12_Handbags_Jewelry_Sample_Pack,DP9_90.jpg,Brett Williams Studios LLC,Brett Williams,100% Chain of Title (Non-Scraped),17 U.S.C. § 106,Mandatory Disclosure Summary,d06f6772983acc2e2f5cc8c096b63154,Ai_Samples _Ready/12_Handbags_Jewelry_Sample_Pack/DP9_90.jpg,2026-05-06 10:56:46
12_Handbags_Jewelry_Sample_Pack,0320_JR_38.jpg,Brett Williams Studios LLC,Brett Williams,100% Chain of Title (Non-Scraped),17 U.S.C. § 106,Mandatory Disclosure Summary,b5998579f0fb553358bde5f0e9a0c95e,Ai_Samples _Ready/12_Handbags_Jewelry_Sample_Pack/0320_JR_38.jpg,2026-05-06 10:56:46
12_Handbags_Jewelry_Sample_Pack,0146_JR_01.jpg,Brett Williams Studios LLC,Brett Williams,100% Chain of Title (Non-Scraped),17 U.S.C. § 106,Mandatory Disclosure Summary,68f59c9e07fcefc38efff34ec0fc9c91,Ai_Samples _Ready/12_Handbags_Jewelry_Sample_Pack/0146_JR_01.jpg,2026-05-06 10:56:46
12_Handbags_Jewelry_Sample_Pack,DP9_87.jpg,Brett Williams Studios LLC,Brett Williams,100% Chain of Title (Non-Scraped),17 U.S.C. § 106,Mandatory Disclosure Summary,a6a680f65e6d81d2af494b5f3e476cbe,Ai_Samples _Ready/12_Handbags_Jewelry_Sample_Pack/DP9_87.jpg,2026-05-06 10:56:46
12_Handbags_Jewelry_Sample_Pack,DP1 23.jpg,Brett Williams Studios LLC,Brett Williams,100% Chain of Title (Non-Scraped),17 U.S.C. § 106,Mandatory Disclosure Summary,1d1a7bab5c91914e4fee85dd885ebc84,Ai_Samples _Ready/12_Handbags_Jewelry_Sample_Pack/DP1 23.jpg,2026-05-06 10:56:46
12_Handbags_Jewelry_Sample_Pack,DP4_11.jpg,Brett Williams Studios LLC,Brett Williams,100% Chain of Title (Non-Scraped),17 U.S.C. § 106,Mandatory Disclosure Summary,7f90e6f50302ad082d4908dc43d22240,Ai_Samples _Ready/12_Handbags_Jewelry_Sample_Pack/DP4_11.jpg,2026-05-06 10:56:46
12_Handbags_Jewelry_Sample_Pack,DP4_05.jpg,Brett Williams Studios LLC,Brett Williams,100% Chain of Title (Non-Scraped),17 U.S.C. § 106,Mandatory Disclosure Summary,781bfe40e40aaabc4c0a6b4dae5dbd5d,Ai_Samples _Ready/12_Handbags_Jewelry_Sample_Pack/DP4_05.jpg,2026-05-06 10:56:46
12_Handbags_Jewelry_Sample_Pack,DP3 1.jpg,Brett Williams Studios LLC,Brett Williams,100% Chain of Title (Non-Scraped),17 U.S.C. § 106,Mandatory Disclosure Summary,49cb790402ab6b5616fa39405d48c030,Ai_Samples _Ready/12_Handbags_Jewelry_Sample_Pack/DP3 1.jpg,2026-05-06 10:56:46
12_Handbags_Jewelry_Sample_Pack,DP11_15.jpg,Brett Williams Studios LLC,Brett Williams,100% Chain of Title (Non-Scraped),17 U.S.C. § 106,Mandatory Disclosure Summary,2cefd381867a237f5c83276356677832,Ai_Samples _Ready/12_Handbags_Jewelry_Sample_Pack/DP11_15.jpg,2026-05-06 10:56:46
12_Handbags_Jewelry_Sample_Pack,DP4_15.jpg,Brett Williams Studios LLC,Brett Williams,100% Chain of Title (Non-Scraped),17 U.S.C. § 106,Mandatory Disclosure Summary,f70dfd267106d4fcac9cbeecde1131b2,Ai_Samples _Ready/12_Handbags_Jewelry_Sample_Pack/DP4_15.jpg,2026-05-06 10:56:46
12_Handbags_Jewelry_Sample_Pack,DP1 27.jpg,Brett Williams Studios LLC,Brett Williams,100% Chain of Title (Non-Scraped),17 U.S.C. § 106,Mandatory Disclosure Summary,0b0be42ff9149246e6d4c9739f95953a,Ai_Samples _Ready/12_Handbags_Jewelry_Sample_Pack/DP1 27.jpg,2026-05-06 10:56:46
12_Handbags_Jewelry_Sample_Pack,DP9_97.jpg,Brett Williams Studios LLC,Brett Williams,100% Chain of Title (Non-Scraped),17 U.S.C. § 106,Mandatory Disclosure Summary,30f86818661742d3669fbeb443f398fc,Ai_Samples _Ready/12_Handbags_Jewelry_Sample_Pack/DP9_97.jpg,2026-05-06 10:56:46
12_Handbags_Jewelry_Sample_Pack,DP3 6.jpg,Brett Williams Studios LLC,Brett Williams,100% Chain of Title (Non-Scraped),17 U.S.C. § 106,Mandatory Disclosure Summary,d05185dd969554180d8428898d5ac6b5,Ai_Samples _Ready/12_Handbags_Jewelry_Sample_Pack/DP3 6.jpg,2026-05-06 10:56:46
12_Handbags_Jewelry_Sample_Pack,0114_JR_43.jpg,Brett Williams Studios LLC,Brett Williams,100% Chain of Title (Non-Scraped),17 U.S.C. § 106,Mandatory Disclosure Summary,981ccb9f09adf6c83244bb285bec702e,Ai_Samples _Ready/12_Handbags_Jewelry_Sample_Pack/0114_JR_43.jpg,2026-05-06 10:56:46
12_Handbags_Jewelry_Sample_Pack,DP1 31.jpg,Brett Williams Studios LLC,Brett Williams,100% Chain of Title (Non-Scraped),17 U.S.C. § 106,Mandatory Disclosure Summary,7d706ec4913cac2af804330bc0b06761,Ai_Samples _Ready/12_Handbags_Jewelry_Sample_Pack/DP1 31.jpg,2026-05-06 10:56:46
12_Handbags_Jewelry_Sample_Pack,DP3 7.jpg,Brett Williams Studios LLC,Brett Williams,100% Chain of Title (Non-Scraped),17 U.S.C. § 106,Mandatory Disclosure Summary,595d6bc288089f16363a95c951c17b2c,Ai_Samples _Ready/12_Handbags_Jewelry_Sample_Pack/DP3 7.jpg,2026-05-06 10:56:46
10_Junior_(40_JPEGS):,sr2-107.jpg,Brett Williams Studios LLC,Brett Williams,100% Chain of Title (Non-Scraped),17 U.S.C. § 106,Mandatory Disclosure Summary,c2e096a635afe35b020ecb8e3dfdf9b0,Ai_Samples _Ready/10_Junior_(40_JPEGS):/sr2-107.jpg,2026-05-06 10:56:46
10_Junior_(40_JPEGS):,DSC_5029.jpg,Brett Williams Studios LLC,Brett Williams,100% Chain of Title (Non-Scraped),17 U.S.C. § 106,Mandatory Disclosure Summary,ef4ef9d0158b0030645bd3fa8f1c87fb,Ai_Samples _Ready/10_Junior_(40_JPEGS):/DSC_5029.jpg,2026-05-06 10:56:46
10_Junior_(40_JPEGS):,IMG_9031.jpg,Brett Williams Studios LLC,Brett Williams,100% Chain of Title (Non-Scraped),17 U.S.C. § 106,Mandatory Disclosure Summary,8d1edc1a55e5ad98589538995945ab18,Ai_Samples _Ready/10_Junior_(40_JPEGS):/IMG_9031.jpg,2026-05-06 10:56:46
10_Junior_(40_JPEGS):,eva2-0126.jpg,Brett Williams Studios LLC,Brett Williams,100% Chain of Title (Non-Scraped),17 U.S.C. § 106,Mandatory Disclosure Summary,3f04106187d2bad825d5f836c12e66ec,Ai_Samples _Ready/10_Junior_(40_JPEGS):/eva2-0126.jpg,2026-05-06 10:56:46
10_Junior_(40_JPEGS):,avalon barry-0173.jpg,Brett Williams Studios LLC,Brett Williams,100% Chain of Title (Non-Scraped),17 U.S.C. § 106,Mandatory Disclosure Summary,5df004d72533dbd1cc0fa14416ef7cd3,Ai_Samples _Ready/10_Junior_(40_JPEGS):/avalon barry-0173.jpg,2026-05-06 10:56:46
10_Junior_(40_JPEGS):,IMG_8700.jpg,Brett Williams Studios LLC,Brett Williams,100% Chain of Title (Non-Scraped),17 U.S.C. § 106,Mandatory Disclosure Summary,672a59da747e2232ead86fe4c33df2eb,Ai_Samples _Ready/10_Junior_(40_JPEGS):/IMG_8700.jpg,2026-05-06 10:56:46
10_Junior_(40_JPEGS):,DSC_5638.jpg,Brett Williams Studios LLC,Brett Williams,100% Chain of Title (Non-Scraped),17 U.S.C. § 106,Mandatory Disclosure Summary,da7f0b06e594a015d1d1124f75859b74,Ai_Samples _Ready/10_Junior_(40_JPEGS):/DSC_5638.jpg,2026-05-06 10:56:46
10_Junior_(40_JPEGS):,guppiez0231.jpg,Brett Williams Studios LLC,Brett Williams,100% Chain of Title (Non-Scraped),17 U.S.C. § 106,Mandatory Disclosure Summary,02fe629a64866dc61ec4e96d16d84de2,Ai_Samples _Ready/10_Junior_(40_JPEGS):/guppiez0231.jpg,2026-05-06 10:56:46
10_Junior_(40_JPEGS):,_MG_8830.jpg,Brett Williams Studios LLC,Brett Williams,100% Chain of Title (Non-Scraped),17 U.S.C. § 106,Mandatory Disclosure Summary,f55126fd129bc75dad1d6d1aff2235dd,Ai_Samples _Ready/10_Junior_(40_JPEGS):/_MG_8830.jpg,2026-05-06 10:56:46
10_Junior_(40_JPEGS):,CRW_9574.jpg,Brett Williams Studios LLC,Brett Williams,100% Chain of Title (Non-Scraped),17 U.S.C. § 106,Mandatory Disclosure Summary,2917f9f53221fcfd0ed1f9c4398b0487,Ai_Samples _Ready/10_Junior_(40_JPEGS):/CRW_9574.jpg,2026-05-06 10:56:46
10_Junior_(40_JPEGS):,IMG_8712.jpg,Brett Williams Studios LLC,Brett Williams,100% Chain of Title (Non-Scraped),17 U.S.C. § 106,Mandatory Disclosure Summary,c8283a225ff43b663845774265d6b33b,Ai_Samples _Ready/10_Junior_(40_JPEGS):/IMG_8712.jpg,2026-05-06 10:56:46
10_Junior_(40_JPEGS):,guppiez0122.jpg,Brett Williams Studios LLC,Brett Williams,100% Chain of Title (Non-Scraped),17 U.S.C. § 106,Mandatory Disclosure Summary,6af86bb96758f9369854c78cf8b0d535,Ai_Samples _Ready/10_Junior_(40_JPEGS):/guppiez0122.jpg,2026-05-06 10:56:46
10_Junior_(40_JPEGS):,DSC_6386.jpg,Brett Williams Studios LLC,Brett Williams,100% Chain of Title (Non-Scraped),17 U.S.C. § 106,Mandatory Disclosure Summary,5d5c0b8467670a639cf0f9a490dc6094,Ai_Samples _Ready/10_Junior_(40_JPEGS):/DSC_6386.jpg,2026-05-06 10:56:46
10_Junior_(40_JPEGS):,avalon barry-0104.jpg,Brett Williams Studios LLC,Brett Williams,100% Chain of Title (Non-Scraped),17 U.S.C. § 106,Mandatory Disclosure Summary,7a48ac62a4b80e757c39329f98741985,Ai_Samples _Ready/10_Junior_(40_JPEGS):/avalon barry-0104.jpg,2026-05-06 10:56:46
10_Junior_(40_JPEGS):,guppiez0242.jpg,Brett Williams Studios LLC,Brett Williams,100% Chain of Title (Non-Scraped),17 U.S.C. § 106,Mandatory Disclosure Summary,fa48e2fbcb2267c2bbf982937bd1df8d,Ai_Samples _Ready/10_Junior_(40_JPEGS):/guppiez0242.jpg,2026-05-06 10:56:46
10_Junior_(40_JPEGS):,eva2-0237.jpg,Brett Williams Studios LLC,Brett Williams,100% Chain of Title (Non-Scraped),17 U.S.C. § 106,Mandatory Disclosure Summary,9149fcf43b14936c97d89cc9171ed01d,Ai_Samples _Ready/10_Junior_(40_JPEGS):/eva2-0237.jpg,2026-05-06 10:56:46
10_Junior_(40_JPEGS):,sr2.jpg,Brett Williams Studios LLC,Brett Williams,100% Chain of Title (Non-Scraped),17 U.S.C. § 106,Mandatory Disclosure Summary,7e5c6dd8e872bc63bb9a6dd212045d93,Ai_Samples _Ready/10_Junior_(40_JPEGS):/sr2.jpg,2026-05-06 10:56:46
10_Junior_(40_JPEGS):,guppiez0052.jpg,Brett Williams Studios LLC,Brett Williams,100% Chain of Title (Non-Scraped),17 U.S.C. § 106,Mandatory Disclosure Summary,910f979f33a56a8ca8071782ef5d9d64,Ai_Samples _Ready/10_Junior_(40_JPEGS):/guppiez0052.jpg,2026-05-06 10:56:46
10_Junior_(40_JPEGS):,sr2-019.jpg,Brett Williams Studios LLC,Brett Williams,100% Chain of Title (Non-Scraped),17 U.S.C. § 106,Mandatory Disclosure Summary,8cace5e538b991caf611240846b7bd5b,Ai_Samples _Ready/10_Junior_(40_JPEGS):/sr2-019.jpg,2026-05-06 10:56:46
10_Junior_(40_JPEGS):,guppiez0467.jpg,Brett Williams Studios LLC,Brett Williams,100% Chain of Title (Non-Scraped),17 U.S.C. § 106,Mandatory Disclosure Summary,cc744fd99d4c322124771aa616c34f5e,Ai_Samples _Ready/10_Junior_(40_JPEGS):/guppiez0467.jpg,2026-05-06 10:56:46
10_Junior_(40_JPEGS):,DSC_4771.jpg,Brett Williams Studios LLC,Brett Williams,100% Chain of Title (Non-Scraped),17 U.S.C. § 106,Mandatory Disclosure Summary,10ef08450527ea46cac3ee5e9fdacea1,Ai_Samples _Ready/10_Junior_(40_JPEGS):/DSC_4771.jpg,2026-05-06 10:56:46
10_Junior_(40_JPEGS):,DSC_5269.jpg,Brett Williams Studios LLC,Brett Williams,100% Chain of Title (Non-Scraped),17 U.S.C. § 106,Mandatory Disclosure Summary,0e0fb063060312484f2f16800860ae96,Ai_Samples _Ready/10_Junior_(40_JPEGS):/DSC_5269.jpg,2026-05-06 10:56:46
10_Junior_(40_JPEGS):,DSC_5296.jpg,Brett Williams Studios LLC,Brett Williams,100% Chain of Title (Non-Scraped),17 U.S.C. § 106,Mandatory Disclosure Summary,2681dce618470a07bb5a9c613e9f5417,Ai_Samples _Ready/10_Junior_(40_JPEGS):/DSC_5296.jpg,2026-05-06 10:56:46
10_Junior_(40_JPEGS):,DSC_5478.jpg,Brett Williams Studios LLC,Brett Williams,100% Chain of Title (Non-Scraped),17 U.S.C. § 106,Mandatory Disclosure Summary,5161cdf4796e794c298def6407b22d26,Ai_Samples _Ready/10_Junior_(40_JPEGS):/DSC_5478.jpg,2026-05-06 10:56:46
10_Junior_(40_JPEGS):,guppiez0099.jpg,Brett Williams Studios LLC,Brett Williams,100% Chain of Title (Non-Scraped),17 U.S.C. § 106,Mandatory Disclosure Summary,dd29802655ce5fd4d5cc5ef1a397c467,Ai_Samples _Ready/10_Junior_(40_JPEGS):/guppiez0099.jpg,2026-05-06 10:56:46
10_Junior_(40_JPEGS):,_MG_8910.jpg,Brett Williams Studios LLC,Brett Williams,100% Chain of Title (Non-Scraped),17 U.S.C. § 106,Mandatory Disclosure Summary,cd98a8120584bfd37b3e5feb542b1ee5,Ai_Samples _Ready/10_Junior_(40_JPEGS):/_MG_8910.jpg,2026-05-06 10:56:46
10_Junior_(40_JPEGS):,DSC_6177.jpg,Brett Williams Studios LLC,Brett Williams,100% Chain of Title (Non-Scraped),17 U.S.C. § 106,Mandatory Disclosure Summary,74230eb3fa1f1ff5e51b06d680b2287a,Ai_Samples _Ready/10_Junior_(40_JPEGS):/DSC_6177.jpg,2026-05-06 10:56:46
10_Junior_(40_JPEGS):,DSC_5424.jpg,Brett Williams Studios LLC,Brett Williams,100% Chain of Title (Non-Scraped),17 U.S.C. § 106,Mandatory Disclosure Summary,dad1ea47cea18025028c7538d357b6b6,Ai_Samples _Ready/10_Junior_(40_JPEGS):/DSC_5424.jpg,2026-05-06 10:56:46
10_Junior_(40_JPEGS):,IMG_8722.jpg,Brett Williams Studios LLC,Brett Williams,100% Chain of Title (Non-Scraped),17 U.S.C. § 106,Mandatory Disclosure Summary,53bbae98e47ae48d8fc0ec484fba2ff4,Ai_Samples _Ready/10_Junior_(40_JPEGS):/IMG_8722.jpg,2026-05-06 10:56:46
10_Junior_(40_JPEGS):,avalon barry-0032.jpg,Brett Williams Studios LLC,Brett Williams,100% Chain of Title (Non-Scraped),17 U.S.C. § 106,Mandatory Disclosure Summary,fc5f0351da2791bead84180e5f59eb80,Ai_Samples _Ready/10_Junior_(40_JPEGS):/avalon barry-0032.jpg,2026-05-06 10:56:46
10_Junior_(40_JPEGS):,eva2-0247-copy.jpg,Brett Williams Studios LLC,Brett Williams,100% Chain of Title (Non-Scraped),17 U.S.C. § 106,Mandatory Disclosure Summary,89060b65ead84d737ba3c9013da71aa2,Ai_Samples _Ready/10_Junior_(40_JPEGS):/eva2-0247-copy.jpg,2026-05-06 10:56:46
10_Junior_(40_JPEGS):,IMG_8655.jpg,Brett Williams Studios LLC,Brett Williams,100% Chain of Title (Non-Scraped),17 U.S.C. § 106,Mandatory Disclosure Summary,5565d33944b32ce055c135f421fb2a06,Ai_Samples _Ready/10_Junior_(40_JPEGS):/IMG_8655.jpg,2026-05-06 10:56:46
10_Junior_(40_JPEGS):,IMG_8866.jpg,Brett Williams Studios LLC,Brett Williams,100% Chain of Title (Non-Scraped),17 U.S.C. § 106,Mandatory Disclosure Summary,3260c2aa7aed9fd8c6578dfcae30d46e,Ai_Samples _Ready/10_Junior_(40_JPEGS):/IMG_8866.jpg,2026-05-06 10:56:46
10_Junior_(40_JPEGS):,sr2-078.jpg,Brett Williams Studios LLC,Brett Williams,100% Chain of Title (Non-Scraped),17 U.S.C. § 106,Mandatory Disclosure Summary,6ba48ef5c284c6cf93b963d449175d3d,Ai_Samples _Ready/10_Junior_(40_JPEGS):/sr2-078.jpg,2026-05-06 10:56:46
10_Junior_(40_JPEGS):,guppiez0204.jpg,Brett Williams Studios LLC,Brett Williams,100% Chain of Title (Non-Scraped),17 U.S.C. § 106,Mandatory Disclosure Summary,d9fb96b00c7f6589de8030fb8c07921e,Ai_Samples _Ready/10_Junior_(40_JPEGS):/guppiez0204.jpg,2026-05-06 10:56:46
10_Junior_(40_JPEGS):,guppiez0172.jpg,Brett Williams Studios LLC,Brett Williams,100% Chain of Title (Non-Scraped),17 U.S.C. § 106,Mandatory Disclosure Summary,cbd85890233a7716bd55bb03e6314c1a,Ai_Samples _Ready/10_Junior_(40_JPEGS):/guppiez0172.jpg,2026-05-06 10:56:46
10_Junior_(40_JPEGS):,IMG_9200.jpg,Brett Williams Studios LLC,Brett Williams,100% Chain of Title (Non-Scraped),17 U.S.C. § 106,Mandatory Disclosure Summary,4221647c94b0429980ee578c84141391,Ai_Samples _Ready/10_Junior_(40_JPEGS):/IMG_9200.jpg,2026-05-06 10:56:46
10_Junior_(40_JPEGS):,DSC_5583.jpg,Brett Williams Studios LLC,Brett Williams,100% Chain of Title (Non-Scraped),17 U.S.C. § 106,Mandatory Disclosure Summary,b204a9f1cb9fc2a2e7b7356233aec4cd,Ai_Samples _Ready/10_Junior_(40_JPEGS):/DSC_5583.jpg,2026-05-06 10:56:46
10_Junior_(40_JPEGS):,sr2-043.jpg,Brett Williams Studios LLC,Brett Williams,100% Chain of Title (Non-Scraped),17 U.S.C. § 106,Mandatory Disclosure Summary,11f62fe3efa773d5d02f2a79e5abb393,Ai_Samples _Ready/10_Junior_(40_JPEGS):/sr2-043.jpg,2026-05-06 10:56:46
04_Studio_Portraits_Neon_ ( 60_JPEGs):,BWS_JB_058.jpg,Brett Williams Studios LLC,Brett Williams,100% Chain of Title (Non-Scraped),17 U.S.C. § 106,Mandatory Disclosure Summary,caad8ab3b4490d83cab846f36bc37c40,Ai_Samples _Ready/04_Studio_Portraits_Neon_ ( 60_JPEGs):/BWS_JB_058.jpg,2026-05-06 10:56:46
04_Studio_Portraits_Neon_ ( 60_JPEGs):,BWS_JB_059.jpg,Brett Williams Studios LLC,Brett Williams,100% Chain of Title (Non-Scraped),17 U.S.C. § 106,Mandatory Disclosure Summary,5b8624a64441c16c3395d3bbe05b21b0,Ai_Samples _Ready/04_Studio_Portraits_Neon_ ( 60_JPEGs):/BWS_JB_059.jpg,2026-05-06 10:56:46
04_Studio_Portraits_Neon_ ( 60_JPEGs):,BWS_JB_049.jpg,Brett Williams Studios LLC,Brett Williams,100% Chain of Title (Non-Scraped),17 U.S.C. § 106,Mandatory Disclosure Summary,da7299858b2c694ec27b6e0a33b1cf3d,Ai_Samples _Ready/04_Studio_Portraits_Neon_ ( 60_JPEGs):/BWS_JB_049.jpg,2026-05-06 10:56:46
04_Studio_Portraits_Neon_ ( 60_JPEGs):,BWS_JB_048.jpg,Brett Williams Studios LLC,Brett Williams,100% Chain of Title (Non-Scraped),17 U.S.C. § 106,Mandatory Disclosure Summary,eb0e54d8326cf379af678bdce02d4511,Ai_Samples _Ready/04_Studio_Portraits_Neon_ ( 60_JPEGs):/BWS_JB_048.jpg,2026-05-06 10:56:46
04_Studio_Portraits_Neon_ ( 60_JPEGs):,BWS_JB_060.jpg,Brett Williams Studios LLC,Brett Williams,100% Chain of Title (Non-Scraped),17 U.S.C. § 106,Mandatory Disclosure Summary,0923c1682f1980ca295c4e12260e5df7,Ai_Samples _Ready/04_Studio_Portraits_Neon_ ( 60_JPEGs):/BWS_JB_060.jpg,2026-05-06 10:56:46
04_Studio_Portraits_Neon_ ( 60_JPEGs):,BWS_JB_038.jpg,Brett Williams Studios LLC,Brett Williams,100% Chain of Title (Non-Scraped),17 U.S.C. § 106,Mandatory Disclosure Summary,4bce1ccc6547e79fe0b3b1801ebc8bad,Ai_Samples _Ready/04_Studio_Portraits_Neon_ ( 60_JPEGs):/BWS_JB_038.jpg,2026-05-06 10:56:46
04_Studio_Portraits_Neon_ ( 60_JPEGs):,BWS_JB_004.jpg,Brett Williams Studios LLC,Brett Williams,100% Chain of Title (Non-Scraped),17 U.S.C. § 106,Mandatory Disclosure Summary,b86672ac167625a85eec3722bcd7d9e8,Ai_Samples _Ready/04_Studio_Portraits_Neon_ ( 60_JPEGs):/BWS_JB_004.jpg,2026-05-06 10:56:46
04_Studio_Portraits_Neon_ ( 60_JPEGs):,BWS_JB_010.jpg,Brett Williams Studios LLC,Brett Williams,100% Chain of Title (Non-Scraped),17 U.S.C. § 106,Mandatory Disclosure Summary,724662a5b05b31269c84da1b3ea91999,Ai_Samples _Ready/04_Studio_Portraits_Neon_ ( 60_JPEGs):/BWS_JB_010.jpg,2026-05-06 10:56:46
04_Studio_Portraits_Neon_ ( 60_JPEGs):,BWS_JB_011.jpg,Brett Williams Studios LLC,Brett Williams,100% Chain of Title (Non-Scraped),17 U.S.C. § 106,Mandatory Disclosure Summary,33dca928e4fe85693de95a2df02c33a6,Ai_Samples _Ready/04_Studio_Portraits_Neon_ ( 60_JPEGs):/BWS_JB_011.jpg,2026-05-06 10:56:46
04_Studio_Portraits_Neon_ ( 60_JPEGs):,BWS_JB_005.jpg,Brett Williams Studios LLC,Brett Williams,100% Chain of Title (Non-Scraped),17 U.S.C. § 106,Mandatory Disclosure Summary,b19a0bd244c0084bc1494c0b5a04d482,Ai_Samples _Ready/04_Studio_Portraits_Neon_ ( 60_JPEGs):/BWS_JB_005.jpg,2026-05-06 10:56:46
04_Studio_Portraits_Neon_ ( 60_JPEGs):,BWS_JB_039.jpg,Brett Williams Studios LLC,Brett Williams,100% Chain of Title (Non-Scraped),17 U.S.C. § 106,Mandatory Disclosure Summary,e7a616a1e3de675fb38be667f2bfd451,Ai_Samples _Ready/04_Studio_Portraits_Neon_ ( 60_JPEGs):/BWS_JB_039.jpg,2026-05-06 10:56:46
04_Studio_Portraits_Neon_ ( 60_JPEGs):,BWS_JB_013.jpg,Brett Williams Studios LLC,Brett Williams,100% Chain of Title (Non-Scraped),17 U.S.C. § 106,Mandatory Disclosure Summary,6447086814f17d3b948038f530da09c7,Ai_Samples _Ready/04_Studio_Portraits_Neon_ ( 60_JPEGs):/BWS_JB_013.jpg,2026-05-06 10:56:46
04_Studio_Portraits_Neon_ ( 60_JPEGs):,BWS_JB_007.jpg,Brett Williams Studios LLC,Brett Williams,100% Chain of Title (Non-Scraped),17 U.S.C. § 106,Mandatory Disclosure Summary,93ea56a56f473fd661f77397d049d86f,Ai_Samples _Ready/04_Studio_Portraits_Neon_ ( 60_JPEGs):/BWS_JB_007.jpg,2026-05-06 10:56:46
04_Studio_Portraits_Neon_ ( 60_JPEGs):,BWS_JB_006.jpg,Brett Williams Studios LLC,Brett Williams,100% Chain of Title (Non-Scraped),17 U.S.C. § 106,Mandatory Disclosure Summary,0854d729c7d42c968379d76e28291312,Ai_Samples _Ready/04_Studio_Portraits_Neon_ ( 60_JPEGs):/BWS_JB_006.jpg,2026-05-06 10:56:46
04_Studio_Portraits_Neon_ ( 60_JPEGs):,BWS_JB_012.jpg,Brett Williams Studios LLC,Brett Williams,100% Chain of Title (Non-Scraped),17 U.S.C. § 106,Mandatory Disclosure Summary,067a274f7b9736cd3807c34664806429,Ai_Samples _Ready/04_Studio_Portraits_Neon_ ( 60_JPEGs):/BWS_JB_012.jpg,2026-05-06 10:56:46
04_Studio_Portraits_Neon_ ( 60_JPEGs):,BWS_JB_016.jpg,Brett Williams Studios LLC,Brett Williams,100% Chain of Title (Non-Scraped),17 U.S.C. § 106,Mandatory Disclosure Summary,1d91be94196f474480e514b7bd412b64,Ai_Samples _Ready/04_Studio_Portraits_Neon_ ( 60_JPEGs):/BWS_JB_016.jpg,2026-05-06 10:56:46
04_Studio_Portraits_Neon_ ( 60_JPEGs):,BWS_JB_002.jpg,Brett Williams Studios LLC,Brett Williams,100% Chain of Title (Non-Scraped),17 U.S.C. § 106,Mandatory Disclosure Summary,832492e80bd29899af7b60cc02eaad99,Ai_Samples _Ready/04_Studio_Portraits_Neon_ ( 60_JPEGs):/BWS_JB_002.jpg,2026-05-06 10:56:46
04_Studio_Portraits_Neon_ ( 60_JPEGs):,BWS_JB_003.jpg,Brett Williams Studios LLC,Brett Williams,100% Chain of Title (Non-Scraped),17 U.S.C. § 106,Mandatory Disclosure Summary,41e5d62b3ab27a669066c48cf7b0c839,Ai_Samples _Ready/04_Studio_Portraits_Neon_ ( 60_JPEGs):/BWS_JB_003.jpg,2026-05-06 10:56:46
04_Studio_Portraits_Neon_ ( 60_JPEGs):,BWS_JB_017.jpg,Brett Williams Studios LLC,Brett Williams,100% Chain of Title (Non-Scraped),17 U.S.C. § 106,Mandatory Disclosure Summary,00cdb76b600df8117fb5f7571ff99645,Ai_Samples _Ready/04_Studio_Portraits_Neon_ ( 60_JPEGs):/BWS_JB_017.jpg,2026-05-06 10:56:46
04_Studio_Portraits_Neon_ ( 60_JPEGs):,BWS_JB_001.jpg,Brett Williams Studios LLC,Brett Williams,100% Chain of Title (Non-Scraped),17 U.S.C. § 106,Mandatory Disclosure Summary,5c594490fe50b49ebfb323d54f4e696e,Ai_Samples _Ready/04_Studio_Portraits_Neon_ ( 60_JPEGs):/BWS_JB_001.jpg,2026-05-06 10:56:46
04_Studio_Portraits_Neon_ ( 60_JPEGs):,BWS_JB_015.jpg,Brett Williams Studios LLC,Brett Williams,100% Chain of Title (Non-Scraped),17 U.S.C. § 106,Mandatory Disclosure Summary,0c4f8d950210f2aae247c0a3f82cf34a,Ai_Samples _Ready/04_Studio_Portraits_Neon_ ( 60_JPEGs):/BWS_JB_015.jpg,2026-05-06 10:56:46
04_Studio_Portraits_Neon_ ( 60_JPEGs):,BWS_JB_029.jpg,Brett Williams Studios LLC,Brett Williams,100% Chain of Title (Non-Scraped),17 U.S.C. § 106,Mandatory Disclosure Summary,0fd6cbd690afbbe46c01f775515aaf4a,Ai_Samples _Ready/04_Studio_Portraits_Neon_ ( 60_JPEGs):/BWS_JB_029.jpg,2026-05-06 10:56:46
04_Studio_Portraits_Neon_ ( 60_JPEGs):,BWS_JB_028.jpg,Brett Williams Studios LLC,Brett Williams,100% Chain of Title (Non-Scraped),17 U.S.C. § 106,Mandatory Disclosure Summary,8259aae1f43f09f56f67de40372f5408,Ai_Samples _Ready/04_Studio_Portraits_Neon_ ( 60_JPEGs):/BWS_JB_028.jpg,2026-05-06 10:56:46
04_Studio_Portraits_Neon_ ( 60_JPEGs):,BWS_JB_014.jpg,Brett Williams Studios LLC,Brett Williams,100% Chain of Title (Non-Scraped),17 U.S.C. § 106,Mandatory Disclosure Summary,4e333d0460cf097e6bab25af5f33ce74,Ai_Samples _Ready/04_Studio_Portraits_Neon_ ( 60_JPEGs):/BWS_JB_014.jpg,2026-05-06 10:56:46
04_Studio_Portraits_Neon_ ( 60_JPEGs):,BWS_JB_019.jpg,Brett Williams Studios LLC,Brett Williams,100% Chain of Title (Non-Scraped),17 U.S.C. § 106,Mandatory Disclosure Summary,f2f7f15779c6eab27d369aadd1220a62,Ai_Samples _Ready/04_Studio_Portraits_Neon_ ( 60_JPEGs):/BWS_JB_019.jpg,2026-05-06 10:56:46
04_Studio_Portraits_Neon_ ( 60_JPEGs):,BWS_JB_025.jpg,Brett Williams Studios LLC,Brett Williams,100% Chain of Title (Non-Scraped),17 U.S.C. § 106,Mandatory Disclosure Summary,95606385614948487a25564f51e885df,Ai_Samples _Ready/04_Studio_Portraits_Neon_ ( 60_JPEGs):/BWS_JB_025.jpg,2026-05-06 10:56:46
04_Studio_Portraits_Neon_ ( 60_JPEGs):,BWS_JB_031.jpg,Brett Williams Studios LLC,Brett Williams,100% Chain of Title (Non-Scraped),17 U.S.C. § 106,Mandatory Disclosure Summary,04cbddfd709b10f3ee3b933685ec1b19,Ai_Samples _Ready/04_Studio_Portraits_Neon_ ( 60_JPEGs):/BWS_JB_031.jpg,2026-05-06 10:56:46
04_Studio_Portraits_Neon_ ( 60_JPEGs):,BWS_JB_030.jpg,Brett Williams Studios LLC,Brett Williams,100% Chain of Title (Non-Scraped),17 U.S.C. § 106,Mandatory Disclosure Summary,d29d3ece79c2a034cf8c1e9bdbadb348,Ai_Samples _Ready/04_Studio_Portraits_Neon_ ( 60_JPEGs):/BWS_JB_030.jpg,2026-05-06 10:56:46
04_Studio_Portraits_Neon_ ( 60_JPEGs):,BWS_JB_024.jpg,Brett Williams Studios LLC,Brett Williams,100% Chain of Title (Non-Scraped),17 U.S.C. § 106,Mandatory Disclosure Summary,08ec1222cb16bb775397c0034ddc46a0,Ai_Samples _Ready/04_Studio_Portraits_Neon_ ( 60_JPEGs):/BWS_JB_024.jpg,2026-05-06 10:56:46
04_Studio_Portraits_Neon_ ( 60_JPEGs):,BWS_JB_018.jpg,Brett Williams Studios LLC,Brett Williams,100% Chain of Title (Non-Scraped),17 U.S.C. § 106,Mandatory Disclosure Summary,80aa945e5f32eac4c204bc44dd65e2ad,Ai_Samples _Ready/04_Studio_Portraits_Neon_ ( 60_JPEGs):/BWS_JB_018.jpg,2026-05-06 10:56:46
04_Studio_Portraits_Neon_ ( 60_JPEGs):,BWS_JB_032.jpg,Brett Williams Studios LLC,Brett Williams,100% Chain of Title (Non-Scraped),17 U.S.C. § 106,Mandatory Disclosure Summary,6c2c72400d66188dd2a3382d8feed660,Ai_Samples _Ready/04_Studio_Portraits_Neon_ ( 60_JPEGs):/BWS_JB_032.jpg,2026-05-06 10:56:46
04_Studio_Portraits_Neon_ ( 60_JPEGs):,BWS_JB_026.jpg,Brett Williams Studios LLC,Brett Williams,100% Chain of Title (Non-Scraped),17 U.S.C. § 106,Mandatory Disclosure Summary,54e90007e7cbba6c0962243741b97a0f,Ai_Samples _Ready/04_Studio_Portraits_Neon_ ( 60_JPEGs):/BWS_JB_026.jpg,2026-05-06 10:56:46
04_Studio_Portraits_Neon_ ( 60_JPEGs):,BWS_JB_027.jpg,Brett Williams Studios LLC,Brett Williams,100% Chain of Title (Non-Scraped),17 U.S.C. § 106,Mandatory Disclosure Summary,a501e9a14be824572f21b131278dabe9,Ai_Samples _Ready/04_Studio_Portraits_Neon_ ( 60_JPEGs):/BWS_JB_027.jpg,2026-05-06 10:56:46
04_Studio_Portraits_Neon_ ( 60_JPEGs):,BWS_JB_033.jpg,Brett Williams Studios LLC,Brett Williams,100% Chain of Title (Non-Scraped),17 U.S.C. § 106,Mandatory Disclosure Summary,76e336b5325b2a208fb27837dec0c822,Ai_Samples _Ready/04_Studio_Portraits_Neon_ ( 60_JPEGs):/BWS_JB_033.jpg,2026-05-06 10:56:46
04_Studio_Portraits_Neon_ ( 60_JPEGs):,BWS_JB_037.jpg,Brett Williams Studios LLC,Brett Williams,100% Chain of Title (Non-Scraped),17 U.S.C. § 106,Mandatory Disclosure Summary,bbeba42b8ed6cda75353f3662c7999a5,Ai_Samples _Ready/04_Studio_Portraits_Neon_ ( 60_JPEGs):/BWS_JB_037.jpg,2026-05-06 10:56:46
04_Studio_Portraits_Neon_ ( 60_JPEGs):,BWS_JB_023.jpg,Brett Williams Studios LLC,Brett Williams,100% Chain of Title (Non-Scraped),17 U.S.C. § 106,Mandatory Disclosure Summary,4adf4543b6e2af588139a0209ad98047,Ai_Samples _Ready/04_Studio_Portraits_Neon_ ( 60_JPEGs):/BWS_JB_023.jpg,2026-05-06 10:56:46
04_Studio_Portraits_Neon_ ( 60_JPEGs):,BWS_JB_022.jpg,Brett Williams Studios LLC,Brett Williams,100% Chain of Title (Non-Scraped),17 U.S.C. § 106,Mandatory Disclosure Summary,526255f00ccf798cc8f400503324f655,Ai_Samples _Ready/04_Studio_Portraits_Neon_ ( 60_JPEGs):/BWS_JB_022.jpg,2026-05-06 10:56:46
04_Studio_Portraits_Neon_ ( 60_JPEGs):,BWS_JB_036.jpg,Brett Williams Studios LLC,Brett Williams,100% Chain of Title (Non-Scraped),17 U.S.C. § 106,Mandatory Disclosure Summary,44d021ec0b341c2cc8c6510f7c08af61,Ai_Samples _Ready/04_Studio_Portraits_Neon_ ( 60_JPEGs):/BWS_JB_036.jpg,2026-05-06 10:56:46
04_Studio_Portraits_Neon_ ( 60_JPEGs):,BWS_JB_020.jpg,Brett Williams Studios LLC,Brett Williams,100% Chain of Title (Non-Scraped),17 U.S.C. § 106,Mandatory Disclosure Summary,b1082f0828731ead0c39abdec8d73cd7,Ai_Samples _Ready/04_Studio_Portraits_Neon_ ( 60_JPEGs):/BWS_JB_020.jpg,2026-05-06 10:56:46
04_Studio_Portraits_Neon_ ( 60_JPEGs):,BWS_JB_034.jpg,Brett Williams Studios LLC,Brett Williams,100% Chain of Title (Non-Scraped),17 U.S.C. § 106,Mandatory Disclosure Summary,8e2e3f6b3e10a3364ef9c5dac1694614,Ai_Samples _Ready/04_Studio_Portraits_Neon_ ( 60_JPEGs):/BWS_JB_034.jpg,2026-05-06 10:56:46
04_Studio_Portraits_Neon_ ( 60_JPEGs):,BWS_JB_008.jpg,Brett Williams Studios LLC,Brett Williams,100% Chain of Title (Non-Scraped),17 U.S.C. § 106,Mandatory Disclosure Summary,5b27470b9c55e2ccc91025ba03b01074,Ai_Samples _Ready/04_Studio_Portraits_Neon_ ( 60_JPEGs):/BWS_JB_008.jpg,2026-05-06 10:56:46
04_Studio_Portraits_Neon_ ( 60_JPEGs):,BWS_JB_009.jpg,Brett Williams Studios LLC,Brett Williams,100% Chain of Title (Non-Scraped),17 U.S.C. § 106,Mandatory Disclosure Summary,bf6cce813632ba74990e706f4aa6c06a,Ai_Samples _Ready/04_Studio_Portraits_Neon_ ( 60_JPEGs):/BWS_JB_009.jpg,2026-05-06 10:56:46
04_Studio_Portraits_Neon_ ( 60_JPEGs):,BWS_JB_035.jpg,Brett Williams Studios LLC,Brett Williams,100% Chain of Title (Non-Scraped),17 U.S.C. § 106,Mandatory Disclosure Summary,96a4fbc9ce2e6a9a0a81e9810bd2dd69,Ai_Samples _Ready/04_Studio_Portraits_Neon_ ( 60_JPEGs):/BWS_JB_035.jpg,2026-05-06 10:56:46
04_Studio_Portraits_Neon_ ( 60_JPEGs):,BWS_JB_021.jpg,Brett Williams Studios LLC,Brett Williams,100% Chain of Title (Non-Scraped),17 U.S.C. § 106,Mandatory Disclosure Summary,f7d35e4a91e8f9d7c3b4cc8bd96e9fe1,Ai_Samples _Ready/04_Studio_Portraits_Neon_ ( 60_JPEGs):/BWS_JB_021.jpg,2026-05-06 10:56:46
04_Studio_Portraits_Neon_ ( 60_JPEGs):,BWS_JB_046.jpg,Brett Williams Studios LLC,Brett Williams,100% Chain of Title (Non-Scraped),17 U.S.C. § 106,Mandatory Disclosure Summary,8a30641c0cee586bfc29022296999ca1,Ai_Samples _Ready/04_Studio_Portraits_Neon_ ( 60_JPEGs):/BWS_JB_046.jpg,2026-05-06 10:56:46
04_Studio_Portraits_Neon_ ( 60_JPEGs):,BWS_JB_052.jpg,Brett Williams Studios LLC,Brett Williams,100% Chain of Title (Non-Scraped),17 U.S.C. § 106,Mandatory Disclosure Summary,6052e86cc834bb46f182033088925f1f,Ai_Samples _Ready/04_Studio_Portraits_Neon_ ( 60_JPEGs):/BWS_JB_052.jpg,2026-05-06 10:56:46
04_Studio_Portraits_Neon_ ( 60_JPEGs):,BWS_JB_053.jpg,Brett Williams Studios LLC,Brett Williams,100% Chain of Title (Non-Scraped),17 U.S.C. § 106,Mandatory Disclosure Summary,8f04bfcb0f3bf35d35c833a62aec8f21,Ai_Samples _Ready/04_Studio_Portraits_Neon_ ( 60_JPEGs):/BWS_JB_053.jpg,2026-05-06 10:56:46
04_Studio_Portraits_Neon_ ( 60_JPEGs):,BWS_JB_047.jpg,Brett Williams Studios LLC,Brett Williams,100% Chain of Title (Non-Scraped),17 U.S.C. § 106,Mandatory Disclosure Summary,fe4cac8e83836775fee8e4de83245421,Ai_Samples _Ready/04_Studio_Portraits_Neon_ ( 60_JPEGs):/BWS_JB_047.jpg,2026-05-06 10:56:46
04_Studio_Portraits_Neon_ ( 60_JPEGs):,BWS_JB_051.jpg,Brett Williams Studios LLC,Brett Williams,100% Chain of Title (Non-Scraped),17 U.S.C. § 106,Mandatory Disclosure Summary,cabf8c4801b4b7f6dd5a68c3dcd314ae,Ai_Samples _Ready/04_Studio_Portraits_Neon_ ( 60_JPEGs):/BWS_JB_051.jpg,2026-05-06 10:56:46
04_Studio_Portraits_Neon_ ( 60_JPEGs):,BWS_JB_045.jpg,Brett Williams Studios LLC,Brett Williams,100% Chain of Title (Non-Scraped),17 U.S.C. § 106,Mandatory Disclosure Summary,e129a34a178f3b8c6e5e8db04e49844b,Ai_Samples _Ready/04_Studio_Portraits_Neon_ ( 60_JPEGs):/BWS_JB_045.jpg,2026-05-06 10:56:46
04_Studio_Portraits_Neon_ ( 60_JPEGs):,BWS_JB_044.jpg,Brett Williams Studios LLC,Brett Williams,100% Chain of Title (Non-Scraped),17 U.S.C. § 106,Mandatory Disclosure Summary,14b90190001e21f65b20b8380e007b0e,Ai_Samples _Ready/04_Studio_Portraits_Neon_ ( 60_JPEGs):/BWS_JB_044.jpg,2026-05-06 10:56:46
04_Studio_Portraits_Neon_ ( 60_JPEGs):,BWS_JB_050.jpg,Brett Williams Studios LLC,Brett Williams,100% Chain of Title (Non-Scraped),17 U.S.C. § 106,Mandatory Disclosure Summary,1786e8268ac021a2132303bae8479ad3,Ai_Samples _Ready/04_Studio_Portraits_Neon_ ( 60_JPEGs):/BWS_JB_050.jpg,2026-05-06 10:56:46
04_Studio_Portraits_Neon_ ( 60_JPEGs):,BWS_JB_054.jpg,Brett Williams Studios LLC,Brett Williams,100% Chain of Title (Non-Scraped),17 U.S.C. § 106,Mandatory Disclosure Summary,cac6428875ee63a9aecf2e2aba31847a,Ai_Samples _Ready/04_Studio_Portraits_Neon_ ( 60_JPEGs):/BWS_JB_054.jpg,2026-05-06 10:56:46
04_Studio_Portraits_Neon_ ( 60_JPEGs):,BWS_JB_040.jpg,Brett Williams Studios LLC,Brett Williams,100% Chain of Title (Non-Scraped),17 U.S.C. § 106,Mandatory Disclosure Summary,9633c08093bfa39765fc74c9520c76ff,Ai_Samples _Ready/04_Studio_Portraits_Neon_ ( 60_JPEGs):/BWS_JB_040.jpg,2026-05-06 10:56:46
04_Studio_Portraits_Neon_ ( 60_JPEGs):,BWS_JB_041.jpg,Brett Williams Studios LLC,Brett Williams,100% Chain of Title (Non-Scraped),17 U.S.C. § 106,Mandatory Disclosure Summary,0e6ef47c7a8ef0ebef7ad05a8d19581d,Ai_Samples _Ready/04_Studio_Portraits_Neon_ ( 60_JPEGs):/BWS_JB_041.jpg,2026-05-06 10:56:46
04_Studio_Portraits_Neon_ ( 60_JPEGs):,BWS_JB_055.jpg,Brett Williams Studios LLC,Brett Williams,100% Chain of Title (Non-Scraped),17 U.S.C. § 106,Mandatory Disclosure Summary,56d0966dfc0d8d10227f1177daa11333,Ai_Samples _Ready/04_Studio_Portraits_Neon_ ( 60_JPEGs):/BWS_JB_055.jpg,2026-05-06 10:56:46
04_Studio_Portraits_Neon_ ( 60_JPEGs):,BWS_JB_043.jpg,Brett Williams Studios LLC,Brett Williams,100% Chain of Title (Non-Scraped),17 U.S.C. § 106,Mandatory Disclosure Summary,9b14797c431c966ddd7f6134f6343fee,Ai_Samples _Ready/04_Studio_Portraits_Neon_ ( 60_JPEGs):/BWS_JB_043.jpg,2026-05-06 10:56:46
04_Studio_Portraits_Neon_ ( 60_JPEGs):,BWS_JB_057.jpg,Brett Williams Studios LLC,Brett Williams,100% Chain of Title (Non-Scraped),17 U.S.C. § 106,Mandatory Disclosure Summary,b8af4552c37eaab7970dff51efb2f56a,Ai_Samples _Ready/04_Studio_Portraits_Neon_ ( 60_JPEGs):/BWS_JB_057.jpg,2026-05-06 10:56:46
04_Studio_Portraits_Neon_ ( 60_JPEGs):,BWS_JB_056.jpg,Brett Williams Studios LLC,Brett Williams,100% Chain of Title (Non-Scraped),17 U.S.C. § 106,Mandatory Disclosure Summary,ee04a97171041c677e7a2dd368cbabd8,Ai_Samples _Ready/04_Studio_Portraits_Neon_ ( 60_JPEGs):/BWS_JB_056.jpg,2026-05-06 10:56:46
04_Studio_Portraits_Neon_ ( 60_JPEGs):,BWS_JB_042.jpg,Brett Williams Studios LLC,Brett Williams,100% Chain of Title (Non-Scraped),17 U.S.C. § 106,Mandatory Disclosure Summary,2e7ddb6da39c8679312d37561b8b031d,Ai_Samples _Ready/04_Studio_Portraits_Neon_ ( 60_JPEGs):/BWS_JB_042.jpg,2026-05-06 10:56:46
07_Adult_Lifestyle_(50_JPEGS):,Shot_1_314.jpg,Brett Williams Studios LLC,Brett Williams,100% Chain of Title (Non-Scraped),17 U.S.C. § 106,Mandatory Disclosure Summary,e5244bfda697c50d81fc444a13843878,Ai_Samples _Ready/07_Adult_Lifestyle_(50_JPEGS):/Shot_1_314.jpg,2026-05-06 10:56:46
07_Adult_Lifestyle_(50_JPEGS):,Shot_1_249.jpg,Brett Williams Studios LLC,Brett Williams,100% Chain of Title (Non-Scraped),17 U.S.C. § 106,Mandatory Disclosure Summary,0be1a89c5a117c9d873e7b725872c458,Ai_Samples _Ready/07_Adult_Lifestyle_(50_JPEGS):/Shot_1_249.jpg,2026-05-06 10:56:46
07_Adult_Lifestyle_(50_JPEGS):,DSC_2593.jpg,Brett Williams Studios LLC,Brett Williams,100% Chain of Title (Non-Scraped),17 U.S.C. § 106,Mandatory Disclosure Summary,b0184000d587933f0f6430b8fed74740,Ai_Samples _Ready/07_Adult_Lifestyle_(50_JPEGS):/DSC_2593.jpg,2026-05-06 10:56:46
07_Adult_Lifestyle_(50_JPEGS):,DSC_8719.jpg,Brett Williams Studios LLC,Brett Williams,100% Chain of Title (Non-Scraped),17 U.S.C. § 106,Mandatory Disclosure Summary,f31178a4a1438f2dec40480b24dcaea6,Ai_Samples _Ready/07_Adult_Lifestyle_(50_JPEGS):/DSC_8719.jpg,2026-05-06 10:56:46
07_Adult_Lifestyle_(50_JPEGS):,Shot_1_075.jpg,Brett Williams Studios LLC,Brett Williams,100% Chain of Title (Non-Scraped),17 U.S.C. § 106,Mandatory Disclosure Summary,18ad148440ee0ee759ac527b8bd77a88,Ai_Samples _Ready/07_Adult_Lifestyle_(50_JPEGS):/Shot_1_075.jpg,2026-05-06 10:56:46
07_Adult_Lifestyle_(50_JPEGS):,Shot_1_314 copy.jpg,Brett Williams Studios LLC,Brett Williams,100% Chain of Title (Non-Scraped),17 U.S.C. § 106,Mandatory Disclosure Summary,b6530249400d3b2f1d8fa3c5e6ec2cd3,Ai_Samples _Ready/07_Adult_Lifestyle_(50_JPEGS):/Shot_1_314 copy.jpg,2026-05-06 10:56:46
07_Adult_Lifestyle_(50_JPEGS):,Shot_1_138.jpg,Brett Williams Studios LLC,Brett Williams,100% Chain of Title (Non-Scraped),17 U.S.C. § 106,Mandatory Disclosure Summary,6d0f7941da0d9f2ad762f8b520203d4a,Ai_Samples _Ready/07_Adult_Lifestyle_(50_JPEGS):/Shot_1_138.jpg,2026-05-06 10:56:46
07_Adult_Lifestyle_(50_JPEGS):,Shot_1_266.jpg,Brett Williams Studios LLC,Brett Williams,100% Chain of Title (Non-Scraped),17 U.S.C. § 106,Mandatory Disclosure Summary,2fca03aee9733eb1cfde277941fbd484,Ai_Samples _Ready/07_Adult_Lifestyle_(50_JPEGS):/Shot_1_266.jpg,2026-05-06 10:56:46
07_Adult_Lifestyle_(50_JPEGS):,DSC_2437.jpg,Brett Williams Studios LLC,Brett Williams,100% Chain of Title (Non-Scraped),17 U.S.C. § 106,Mandatory Disclosure Summary,92277bc4d18bcd8b02f0be0b9b76a3b0,Ai_Samples _Ready/07_Adult_Lifestyle_(50_JPEGS):/DSC_2437.jpg,2026-05-06 10:56:46
07_Adult_Lifestyle_(50_JPEGS):,06_capital-511.jpg,Brett Williams Studios LLC,Brett Williams,100% Chain of Title (Non-Scraped),17 U.S.C. § 106,Mandatory Disclosure Summary,8c0b3a4ee8b551de426ca90e78709353,Ai_Samples _Ready/07_Adult_Lifestyle_(50_JPEGS):/06_capital-511.jpg,2026-05-06 10:56:46
07_Adult_Lifestyle_(50_JPEGS):,Shot_2_057 copy.jpg,Brett Williams Studios LLC,Brett Williams,100% Chain of Title (Non-Scraped),17 U.S.C. § 106,Mandatory Disclosure Summary,cec280627b14dd84ee494ac0a29bcdfc,Ai_Samples _Ready/07_Adult_Lifestyle_(50_JPEGS):/Shot_2_057 copy.jpg,2026-05-06 10:56:46
07_Adult_Lifestyle_(50_JPEGS):,DSC_2025.jpg,Brett Williams Studios LLC,Brett Williams,100% Chain of Title (Non-Scraped),17 U.S.C. § 106,Mandatory Disclosure Summary,2757f2e7bc5dedacf5dd7476404d1783,Ai_Samples _Ready/07_Adult_Lifestyle_(50_JPEGS):/DSC_2025.jpg,2026-05-06 10:56:46
07_Adult_Lifestyle_(50_JPEGS):,Shot_1_149.jpg,Brett Williams Studios LLC,Brett Williams,100% Chain of Title (Non-Scraped),17 U.S.C. § 106,Mandatory Disclosure Summary,5ccefe7c0cfc541a947e4e77ca49b7da,Ai_Samples _Ready/07_Adult_Lifestyle_(50_JPEGS):/Shot_1_149.jpg,2026-05-06 10:56:46
07_Adult_Lifestyle_(50_JPEGS):,Shot_1_028.jpg,Brett Williams Studios LLC,Brett Williams,100% Chain of Title (Non-Scraped),17 U.S.C. § 106,Mandatory Disclosure Summary,f7cfbb2ec47d325eda4e552531b81f45,Ai_Samples _Ready/07_Adult_Lifestyle_(50_JPEGS):/Shot_1_028.jpg,2026-05-06 10:56:46
07_Adult_Lifestyle_(50_JPEGS):,DSC_4234.jpg,Brett Williams Studios LLC,Brett Williams,100% Chain of Title (Non-Scraped),17 U.S.C. § 106,Mandatory Disclosure Summary,1bae9fadab0463cd5c8345794678eb40,Ai_Samples _Ready/07_Adult_Lifestyle_(50_JPEGS):/DSC_4234.jpg,2026-05-06 10:56:46
07_Adult_Lifestyle_(50_JPEGS):,DSC_4383.jpg,Brett Williams Studios LLC,Brett Williams,100% Chain of Title (Non-Scraped),17 U.S.C. § 106,Mandatory Disclosure Summary,b2d2cd6d8cb94176382f8721e1b74d25,Ai_Samples _Ready/07_Adult_Lifestyle_(50_JPEGS):/DSC_4383.jpg,2026-05-06 10:56:46
07_Adult_Lifestyle_(50_JPEGS):,_MG_9231.jpg,Brett Williams Studios LLC,Brett Williams,100% Chain of Title (Non-Scraped),17 U.S.C. § 106,Mandatory Disclosure Summary,651db976da4426e7c64b4abcda17ac0f,Ai_Samples _Ready/07_Adult_Lifestyle_(50_JPEGS):/_MG_9231.jpg,2026-05-06 10:56:46
07_Adult_Lifestyle_(50_JPEGS):,DSC_8570 copy.jpg,Brett Williams Studios LLC,Brett Williams,100% Chain of Title (Non-Scraped),17 U.S.C. § 106,Mandatory Disclosure Summary,4ba774ff6e899b87f0e9fd4a90361564,Ai_Samples _Ready/07_Adult_Lifestyle_(50_JPEGS):/DSC_8570 copy.jpg,2026-05-06 10:56:46
07_Adult_Lifestyle_(50_JPEGS):,DSC_4384.jpg,Brett Williams Studios LLC,Brett Williams,100% Chain of Title (Non-Scraped),17 U.S.C. § 106,Mandatory Disclosure Summary,02fece2a92513ba0b94f88ebcc3c62f9,Ai_Samples _Ready/07_Adult_Lifestyle_(50_JPEGS):/DSC_4384.jpg,2026-05-06 10:56:46
07_Adult_Lifestyle_(50_JPEGS):,DSC_4435.jpg,Brett Williams Studios LLC,Brett Williams,100% Chain of Title (Non-Scraped),17 U.S.C. § 106,Mandatory Disclosure Summary,4c7dfae7912ee29dbbb949147bd08298,Ai_Samples _Ready/07_Adult_Lifestyle_(50_JPEGS):/DSC_4435.jpg,2026-05-06 10:56:46
07_Adult_Lifestyle_(50_JPEGS):,DSC_4233.jpg,Brett Williams Studios LLC,Brett Williams,100% Chain of Title (Non-Scraped),17 U.S.C. § 106,Mandatory Disclosure Summary,bf85029f818ad4adb3297b74955929b0,Ai_Samples _Ready/07_Adult_Lifestyle_(50_JPEGS):/DSC_4233.jpg,2026-05-06 10:56:46
07_Adult_Lifestyle_(50_JPEGS):,DSC_4780.jpg,Brett Williams Studios LLC,Brett Williams,100% Chain of Title (Non-Scraped),17 U.S.C. § 106,Mandatory Disclosure Summary,447a27dc8618bb07f83e7b0f1a4548d6,Ai_Samples _Ready/07_Adult_Lifestyle_(50_JPEGS):/DSC_4780.jpg,2026-05-06 10:56:46
07_Adult_Lifestyle_(50_JPEGS):,DSC_6182.jpg,Brett Williams Studios LLC,Brett Williams,100% Chain of Title (Non-Scraped),17 U.S.C. § 106,Mandatory Disclosure Summary,bc209966f8cd06f4af20da5f41b1a1e4,Ai_Samples _Ready/07_Adult_Lifestyle_(50_JPEGS):/DSC_6182.jpg,2026-05-06 10:56:46
07_Adult_Lifestyle_(50_JPEGS):,DSC_7934.jpg,Brett Williams Studios LLC,Brett Williams,100% Chain of Title (Non-Scraped),17 U.S.C. § 106,Mandatory Disclosure Summary,9a2a11cec689aebc23acc9a3dc54e5e8,Ai_Samples _Ready/07_Adult_Lifestyle_(50_JPEGS):/DSC_7934.jpg,2026-05-06 10:56:46
07_Adult_Lifestyle_(50_JPEGS):,Shot_2_270.jpg,Brett Williams Studios LLC,Brett Williams,100% Chain of Title (Non-Scraped),17 U.S.C. § 106,Mandatory Disclosure Summary,b586797591bf28661c494732ca96b65c,Ai_Samples _Ready/07_Adult_Lifestyle_(50_JPEGS):/Shot_2_270.jpg,2026-05-06 10:56:46
07_Adult_Lifestyle_(50_JPEGS):,DSC_1605.jpg,Brett Williams Studios LLC,Brett Williams,100% Chain of Title (Non-Scraped),17 U.S.C. § 106,Mandatory Disclosure Summary,2ee37a59029a811e3c11390698db2b0f,Ai_Samples _Ready/07_Adult_Lifestyle_(50_JPEGS):/DSC_1605.jpg,2026-05-06 10:56:46
07_Adult_Lifestyle_(50_JPEGS):,Shot_2_270 copy.jpg,Brett Williams Studios LLC,Brett Williams,100% Chain of Title (Non-Scraped),17 U.S.C. § 106,Mandatory Disclosure Summary,8a81aa310971e2703247fdbb6690dade,Ai_Samples _Ready/07_Adult_Lifestyle_(50_JPEGS):/Shot_2_270 copy.jpg,2026-05-06 10:56:46
07_Adult_Lifestyle_(50_JPEGS):,06_capital-019.jpg,Brett Williams Studios LLC,Brett Williams,100% Chain of Title (Non-Scraped),17 U.S.C. § 106,Mandatory Disclosure Summary,f3cd15de42ea3bb112c89dea81b8ba10,Ai_Samples _Ready/07_Adult_Lifestyle_(50_JPEGS):/06_capital-019.jpg,2026-05-06 10:56:46
07_Adult_Lifestyle_(50_JPEGS):,DSC_4567.jpg,Brett Williams Studios LLC,Brett Williams,100% Chain of Title (Non-Scraped),17 U.S.C. § 106,Mandatory Disclosure Summary,38c75b8a583dac7d4785130f7cbc43c9,Ai_Samples _Ready/07_Adult_Lifestyle_(50_JPEGS):/DSC_4567.jpg,2026-05-06 10:56:46
07_Adult_Lifestyle_(50_JPEGS):,Shot_2_057.jpg,Brett Williams Studios LLC,Brett Williams,100% Chain of Title (Non-Scraped),17 U.S.C. § 106,Mandatory Disclosure Summary,c15fbc22ff996936b297a4a5b5c5711d,Ai_Samples _Ready/07_Adult_Lifestyle_(50_JPEGS):/Shot_2_057.jpg,2026-05-06 10:56:46
07_Adult_Lifestyle_(50_JPEGS):,DSC_5243.jpg,Brett Williams Studios LLC,Brett Williams,100% Chain of Title (Non-Scraped),17 U.S.C. § 106,Mandatory Disclosure Summary,58df80b70e0f05b008e052f43e3c23eb,Ai_Samples _Ready/07_Adult_Lifestyle_(50_JPEGS):/DSC_5243.jpg,2026-05-06 10:56:46
07_Adult_Lifestyle_(50_JPEGS):,06_capital-594.jpg,Brett Williams Studios LLC,Brett Williams,100% Chain of Title (Non-Scraped),17 U.S.C. § 106,Mandatory Disclosure Summary,5a98e3d3cedbc5e2a762ea69959aef86,Ai_Samples _Ready/07_Adult_Lifestyle_(50_JPEGS):/06_capital-594.jpg,2026-05-06 10:56:46
07_Adult_Lifestyle_(50_JPEGS):,DSC_8570.jpg,Brett Williams Studios LLC,Brett Williams,100% Chain of Title (Non-Scraped),17 U.S.C. § 106,Mandatory Disclosure Summary,0d4a15f1fd4edefa712022c59073af3b,Ai_Samples _Ready/07_Adult_Lifestyle_(50_JPEGS):/DSC_8570.jpg,2026-05-06 10:56:46
07_Adult_Lifestyle_(50_JPEGS):,DSC_4809.jpg,Brett Williams Studios LLC,Brett Williams,100% Chain of Title (Non-Scraped),17 U.S.C. § 106,Mandatory Disclosure Summary,4ddea35d1dbe03dec241f8c3dffc8a63,Ai_Samples _Ready/07_Adult_Lifestyle_(50_JPEGS):/DSC_4809.jpg,2026-05-06 10:56:46
07_Adult_Lifestyle_(50_JPEGS):,Shot_2_293.jpg,Brett Williams Studios LLC,Brett Williams,100% Chain of Title (Non-Scraped),17 U.S.C. § 106,Mandatory Disclosure Summary,7382229fa4f6c4ac4f8472f49e28fdb1,Ai_Samples _Ready/07_Adult_Lifestyle_(50_JPEGS):/Shot_2_293.jpg,2026-05-06 10:56:46
07_Adult_Lifestyle_(50_JPEGS):,DSC_5124.jpg,Brett Williams Studios LLC,Brett Williams,100% Chain of Title (Non-Scraped),17 U.S.C. § 106,Mandatory Disclosure Summary,b3c77b0bee48623d08635b0b41bcca33,Ai_Samples _Ready/07_Adult_Lifestyle_(50_JPEGS):/DSC_5124.jpg,2026-05-06 10:56:46
07_Adult_Lifestyle_(50_JPEGS):,Shot_1_230.jpg,Brett Williams Studios LLC,Brett Williams,100% Chain of Title (Non-Scraped),17 U.S.C. § 106,Mandatory Disclosure Summary,35f5342b18b30be3f96be309a4f05774,Ai_Samples _Ready/07_Adult_Lifestyle_(50_JPEGS):/Shot_1_230.jpg,2026-05-06 10:56:46
07_Adult_Lifestyle_(50_JPEGS):,DSC_8719 copy.jpg,Brett Williams Studios LLC,Brett Williams,100% Chain of Title (Non-Scraped),17 U.S.C. § 106,Mandatory Disclosure Summary,4c7029837029f0ccf33a7db359575538,Ai_Samples _Ready/07_Adult_Lifestyle_(50_JPEGS):/DSC_8719 copy.jpg,2026-05-06 10:56:46
07_Adult_Lifestyle_(50_JPEGS):,DSC_4010.jpg,Brett Williams Studios LLC,Brett Williams,100% Chain of Title (Non-Scraped),17 U.S.C. § 106,Mandatory Disclosure Summary,42efe3ccbcafc92adf0c2a71237bedf2,Ai_Samples _Ready/07_Adult_Lifestyle_(50_JPEGS):/DSC_4010.jpg,2026-05-06 10:56:46
07_Adult_Lifestyle_(50_JPEGS):,06_capital-779.jpg,Brett Williams Studios LLC,Brett Williams,100% Chain of Title (Non-Scraped),17 U.S.C. § 106,Mandatory Disclosure Summary,fdcfa89728737e1bfaa3e9cb03655afd,Ai_Samples _Ready/07_Adult_Lifestyle_(50_JPEGS):/06_capital-779.jpg,2026-05-06 10:56:46
07_Adult_Lifestyle_(50_JPEGS):,DSC_3352.jpg,Brett Williams Studios LLC,Brett Williams,100% Chain of Title (Non-Scraped),17 U.S.C. § 106,Mandatory Disclosure Summary,e5ec142c2de93f76f7400ab8fde9939e,Ai_Samples _Ready/07_Adult_Lifestyle_(50_JPEGS):/DSC_3352.jpg,2026-05-06 10:56:46
07_Adult_Lifestyle_(50_JPEGS):,DSC_3420.jpg,Brett Williams Studios LLC,Brett Williams,100% Chain of Title (Non-Scraped),17 U.S.C. § 106,Mandatory Disclosure Summary,e22c2a4aefed751b6fc11e76ecc96646,Ai_Samples _Ready/07_Adult_Lifestyle_(50_JPEGS):/DSC_3420.jpg,2026-05-06 10:56:46
07_Adult_Lifestyle_(50_JPEGS):,DSC_3811.jpg,Brett Williams Studios LLC,Brett Williams,100% Chain of Title (Non-Scraped),17 U.S.C. § 106,Mandatory Disclosure Summary,722b9e4e523fa228481350e36ca79dec,Ai_Samples _Ready/07_Adult_Lifestyle_(50_JPEGS):/DSC_3811.jpg,2026-05-06 10:56:46
07_Adult_Lifestyle_(50_JPEGS):,DSC_7719.jpg,Brett Williams Studios LLC,Brett Williams,100% Chain of Title (Non-Scraped),17 U.S.C. § 106,Mandatory Disclosure Summary,f12949c808c665b9cf976baa7790607b,Ai_Samples _Ready/07_Adult_Lifestyle_(50_JPEGS):/DSC_7719.jpg,2026-05-06 10:56:46
07_Adult_Lifestyle_(50_JPEGS):,DSC_5126.jpg,Brett Williams Studios LLC,Brett Williams,100% Chain of Title (Non-Scraped),17 U.S.C. § 106,Mandatory Disclosure Summary,b3f95887c0961678ca23339b1a460ca9,Ai_Samples _Ready/07_Adult_Lifestyle_(50_JPEGS):/DSC_5126.jpg,2026-05-06 10:56:46
07_Adult_Lifestyle_(50_JPEGS):,DSC_7541.jpg,Brett Williams Studios LLC,Brett Williams,100% Chain of Title (Non-Scraped),17 U.S.C. § 106,Mandatory Disclosure Summary,9beedc7031e342a4e4504ec9a1c79955,Ai_Samples _Ready/07_Adult_Lifestyle_(50_JPEGS):/DSC_7541.jpg,2026-05-06 10:56:46
07_Adult_Lifestyle_(50_JPEGS):,DSC_4464.jpg,Brett Williams Studios LLC,Brett Williams,100% Chain of Title (Non-Scraped),17 U.S.C. § 106,Mandatory Disclosure Summary,608d0552db8bf64035892d49b567aa49,Ai_Samples _Ready/07_Adult_Lifestyle_(50_JPEGS):/DSC_4464.jpg,2026-05-06 10:56:46
07_Adult_Lifestyle_(50_JPEGS):,DSC_3686.jpg,Brett Williams Studios LLC,Brett Williams,100% Chain of Title (Non-Scraped),17 U.S.C. § 106,Mandatory Disclosure Summary,fba4846f8d6543608f4bf82ec75c0d9c,Ai_Samples _Ready/07_Adult_Lifestyle_(50_JPEGS):/DSC_3686.jpg,2026-05-06 10:56:46
07_Adult_Lifestyle_(50_JPEGS):,DSC_6265.jpg,Brett Williams Studios LLC,Brett Williams,100% Chain of Title (Non-Scraped),17 U.S.C. § 106,Mandatory Disclosure Summary,b1f5159b7ac0c3bc083393a959fdd13b,Ai_Samples _Ready/07_Adult_Lifestyle_(50_JPEGS):/DSC_6265.jpg,2026-05-06 10:56:46
07_Adult_Lifestyle_(50_JPEGS):,DSC_1719.jpg,Brett Williams Studios LLC,Brett Williams,100% Chain of Title (Non-Scraped),17 U.S.C. § 106,Mandatory Disclosure Summary,65928cde65ee2131043adaff28915669,Ai_Samples _Ready/07_Adult_Lifestyle_(50_JPEGS):/DSC_1719.jpg,2026-05-06 10:56:46
07_Adult_Lifestyle_(50_JPEGS):,DSC_3495.jpg,Brett Williams Studios LLC,Brett Williams,100% Chain of Title (Non-Scraped),17 U.S.C. § 106,Mandatory Disclosure Summary,44cd47426db4cf78fdb79ecc3ebadc3d,Ai_Samples _Ready/07_Adult_Lifestyle_(50_JPEGS):/DSC_3495.jpg,2026-05-06 10:56:46
07_Adult_Lifestyle_(50_JPEGS):,DSC_3293.jpg,Brett Williams Studios LLC,Brett Williams,100% Chain of Title (Non-Scraped),17 U.S.C. § 106,Mandatory Disclosure Summary,d22d9eda54174ebf823b748054f06c9e,Ai_Samples _Ready/07_Adult_Lifestyle_(50_JPEGS):/DSC_3293.jpg,2026-05-06 10:56:46
07_Adult_Lifestyle_(50_JPEGS):,Shot_2_293 copy.jpg,Brett Williams Studios LLC,Brett Williams,100% Chain of Title (Non-Scraped),17 U.S.C. § 106,Mandatory Disclosure Summary,3e43416a211a6e0a33680cb91f7c4d30,Ai_Samples _Ready/07_Adult_Lifestyle_(50_JPEGS):/Shot_2_293 copy.jpg,2026-05-06 10:56:46
07_Adult_Lifestyle_(50_JPEGS):,DSC_1888.jpg,Brett Williams Studios LLC,Brett Williams,100% Chain of Title (Non-Scraped),17 U.S.C. § 106,Mandatory Disclosure Summary,9dea3f97cec00d5ee230a3b2617a1760,Ai_Samples _Ready/07_Adult_Lifestyle_(50_JPEGS):/DSC_1888.jpg,2026-05-06 10:56:46
07_Adult_Lifestyle_(50_JPEGS):,06_capital-691.jpg,Brett Williams Studios LLC,Brett Williams,100% Chain of Title (Non-Scraped),17 U.S.C. § 106,Mandatory Disclosure Summary,ec8c47a1c9bd801f63f542a650e8a63d,Ai_Samples _Ready/07_Adult_Lifestyle_(50_JPEGS):/06_capital-691.jpg,2026-05-06 10:56:46
07_Adult_Lifestyle_(50_JPEGS):,Shot_1_250.jpg,Brett Williams Studios LLC,Brett Williams,100% Chain of Title (Non-Scraped),17 U.S.C. § 106,Mandatory Disclosure Summary,426e4c0c1eab17cb1ea4b9404c1a8ed2,Ai_Samples _Ready/07_Adult_Lifestyle_(50_JPEGS):/Shot_1_250.jpg,2026-05-06 10:56:46
07_Adult_Lifestyle_(50_JPEGS):,06_capital-283.jpg,Brett Williams Studios LLC,Brett Williams,100% Chain of Title (Non-Scraped),17 U.S.C. § 106,Mandatory Disclosure Summary,f337de1d46912c9a7d2e12163ea3dbaa,Ai_Samples _Ready/07_Adult_Lifestyle_(50_JPEGS):/06_capital-283.jpg,2026-05-06 10:56:46
07_Adult_Lifestyle_(50_JPEGS):,DSC_8105.jpg,Brett Williams Studios LLC,Brett Williams,100% Chain of Title (Non-Scraped),17 U.S.C. § 106,Mandatory Disclosure Summary,829d94549e9c5c4b81bd57685217c1bb,Ai_Samples _Ready/07_Adult_Lifestyle_(50_JPEGS):/DSC_8105.jpg,2026-05-06 10:56:46
